{"type": "FeatureCollection", "features": [{"type": "Feature", "properties": {"local": "CENTRO EDUCACIONAL GOYENECHEA", "elections": {"conc24": {"AGHATA SANTANA CARRASCO": {"votos": 14, "pct": 0.0027, "partido": "PARTIDO DEMOCRATAS CHILE", "pacto": "CENTRO DEMOCRATICO", "subpacto": "DEMOCRATAS E INDEPENDIENTES"}, "ANGELINA DEL CARMEN ACEVEDO TAPIA": {"votos": 62, "pct": 0.012, "partido": "INDEPENDIENTES", "pacto": "TU COMUNA RADICAL"}, "BENJAMIN ESTEBAN LEAL HERNANDEZ": {"votos": 124, "pct": 0.024, "partido": "PARTIDO SOCIAL CRISTIANO", "pacto": "PARTIDO SOCIAL CRISTIANO E INDEPENDIENTES"}, "BIANCA BALCAZAR AREVALO": {"votos": 36, "pct": 0.007, "partido": "INDEPENDIENTES", "pacto": "CHILE VAMOS RENOVACIÓN NACIONAL - INDEPENDIENTES"}, "CARLOS COLLAO VEGA": {"votos": 90, "pct": 0.0174, "partido": "PARTIDO DEMOCRATAS CHILE", "pacto": "CENTRO DEMOCRATICO", "subpacto": "DEMOCRATAS E INDEPENDIENTES"}, "CAROLINA ANDREA COÑOPAN ARAYA": {"votos": 92, "pct": 0.0178, "partido": "INDEPENDIENTES", "pacto": "POR CHILE, SEGUIMOS", "subpacto": "FRENTE AMPLIO E INDEPENDIENTES", "elected": true}, "CATHERINE ARAYA TORREJON": {"votos": 53, "pct": 0.0103, "partido": "PARTIDO SOCIALISTA DE CHILE", "pacto": "CHILE MUCHO MEJOR", "subpacto": "PS E INDEPENDIENTES"}, "CECILIA DEL CARMEN GACITUA GACITUA": {"votos": 78, "pct": 0.0151, "partido": "INDEPENDIENTES", "pacto": "TU COMUNA RADICAL"}, "CECILIA DEL PILAR LOPEZ CONTRERAS": {"votos": 177, "pct": 0.0343, "partido": "PARTIDO SOCIALISTA DE CHILE", "pacto": "CHILE MUCHO MEJOR", "subpacto": "PS E INDEPENDIENTES", "elected": true}, "CESAR DEMETRIO AMESTICA ALARCON": {"votos": 70, "pct": 0.0136, "partido": "FRENTE AMPLIO", "pacto": "POR CHILE, SEGUIMOS", "subpacto": "FRENTE AMPLIO E INDEPENDIENTES"}, "CESAR MONSALVE ORTEGA": {"votos": 106, "pct": 0.0205, "partido": "UNION DEMOCRATA INDEPENDIENTE", "pacto": "CHILE VAMOS UDI-EVOPOLI E INDEPENDIENTES", "subpacto": "UDI - INDEPENDIENTES"}, "CLAUDIO CHRISTIAN SEPULVEDA ORMAZABAL": {"votos": 109, "pct": 0.0211, "partido": "FRENTE AMPLIO", "pacto": "POR CHILE, SEGUIMOS", "subpacto": "FRENTE AMPLIO E INDEPENDIENTES"}, "CRISTIAN ANTONIO FLORES MENA": {"votos": 48, "pct": 0.0093, "partido": "RENOVACION NACIONAL", "pacto": "CHILE VAMOS RENOVACIÓN NACIONAL - INDEPENDIENTES"}, "DAYANA ARELLANO SALINAS": {"votos": 50, "pct": 0.0097, "partido": "INDEPENDIENTES", "pacto": "CHILE MUCHO MEJOR", "subpacto": "PPD E INDEPENDIENTES"}, "DIEGO ANDRES MARTINEZ OTAROLA": {"votos": 121, "pct": 0.0234, "partido": "RENOVACION NACIONAL", "pacto": "CHILE VAMOS RENOVACIÓN NACIONAL - INDEPENDIENTES", "elected": true}, "DIEGO DELGADO DOMINGUEZ": {"votos": 54, "pct": 0.0105, "partido": "INDEPENDIENTES", "pacto": "CHILE VAMOS UDI-EVOPOLI E INDEPENDIENTES", "subpacto": "UDI - INDEPENDIENTES"}, "DIEGO IGNACIO FUENTES LIRA": {"votos": 195, "pct": 0.0378, "partido": "INDEPENDIENTES", "pacto": "TU COMUNA RADICAL", "elected": true}, "ERICA PATRICIA ROJAS SALINAS": {"votos": 57, "pct": 0.011, "partido": "INDEPENDIENTES", "pacto": "TU COMUNA RADICAL"}, "FELIPE ALBERTO DELGADO ANDRADES": {"votos": 26, "pct": 0.005, "partido": "UNION DEMOCRATA INDEPENDIENTE", "pacto": "CHILE VAMOS UDI-EVOPOLI E INDEPENDIENTES", "subpacto": "UDI - INDEPENDIENTES"}, "FLORENCIO ENRIQUE KUNTZ SANHUEZA": {"votos": 242, "pct": 0.0469, "partido": "PARTIDO REPUBLICANO DE CHILE", "pacto": "REPUBLICANOS E INDEPENDIENTES", "elected": true}, "FRANCISCO JAVIER CATALDO SANTANDER": {"votos": 42, "pct": 0.0081, "partido": "INDEPENDIENTES", "pacto": "VERDES LIBERALES POR UNA COMUNA SEGURA", "subpacto": "PARTIDO FEDERACIÓN REGIONALISTA VERDE SOCIAL E INDEPENDIENTES"}, "FRANCO JAVIER LOPEZ ESPARZA": {"votos": 55, "pct": 0.0107, "partido": "INDEPENDIENTES", "pacto": "VERDES LIBERALES POR UNA COMUNA SEGURA", "subpacto": "PARTIDO LIBERAL DE CHILE E INDEPENDIENTES"}, "GABRIEL HERNAN LOPEZ URRA": {"votos": 33, "pct": 0.0064, "partido": "INDEPENDIENTES", "pacto": "CHILE VAMOS RENOVACIÓN NACIONAL - INDEPENDIENTES"}, "GIOVANNI ANDRES ROJAS DAVILA": {"votos": 76, "pct": 0.0147, "partido": "FRENTE AMPLIO", "pacto": "POR CHILE, SEGUIMOS", "subpacto": "FRENTE AMPLIO E INDEPENDIENTES"}, "ISABEL DEL CARMEN ESPINOZA GONZALEZ": {"votos": 83, "pct": 0.0161, "partido": "FEDERACION REGIONALISTA VERDE SOCIAL", "pacto": "VERDES LIBERALES POR UNA COMUNA SEGURA", "subpacto": "PARTIDO FEDERACIÓN REGIONALISTA VERDE SOCIAL E INDEPENDIENTES"}, "ISHKRA WLADIMIR CALDERON SOTO": {"votos": 91, "pct": 0.0176, "partido": "PARTIDO COMUNISTA DE CHILE", "pacto": "POR CHILE, SEGUIMOS", "subpacto": "PARTIDO COMUNISTA DE CHILE E INDEPENDIENTES"}, "ISMAEL ANTONIO ARAYA ARAYA": {"votos": 99, "pct": 0.0192, "partido": "INDEPENDIENTES", "pacto": "TU COMUNA RADICAL", "elected": true}, "JAIME ANDRES MARTINEZ MORAGA": {"votos": 33, "pct": 0.0064, "partido": "INDEPENDIENTES", "pacto": "CENTRO DEMOCRATICO", "subpacto": "DEMOCRATAS E INDEPENDIENTES"}, "JESUS TORREJON SEGOVIA": {"votos": 34, "pct": 0.0066, "partido": "PARTIDO DEMOCRATA CRISTIANO", "pacto": "CHILE MUCHO MEJOR", "subpacto": "PDC E INDEPENDIENTES"}, "JORGE NUÑEZ ESPINOZA": {"votos": 28, "pct": 0.0054, "partido": "PARTIDO DEMOCRATAS CHILE", "pacto": "CENTRO DEMOCRATICO", "subpacto": "DEMOCRATAS E INDEPENDIENTES"}, "JOSE DOMINGO GALAZ BELTRAN": {"votos": 25, "pct": 0.0048, "partido": "PARTIDO SOCIALISTA DE CHILE", "pacto": "CHILE MUCHO MEJOR", "subpacto": "PS E INDEPENDIENTES"}, "JUAN CARLOS GODOY MARICIC": {"votos": 163, "pct": 0.0316, "partido": "PARTIDO REPUBLICANO DE CHILE", "pacto": "REPUBLICANOS E INDEPENDIENTES"}, "JUAN PABLO ARAYA IBARRA": {"votos": 58, "pct": 0.0112, "partido": "INDEPENDIENTES", "pacto": "TU COMUNA RADICAL"}, "KAREN ANDREA SERRANO CONCHA": {"votos": 142, "pct": 0.0275, "partido": "PARTIDO DEMOCRATAS CHILE", "pacto": "CENTRO DEMOCRATICO", "subpacto": "DEMOCRATAS E INDEPENDIENTES"}, "LESLIE ELIZABETH ALARCON VELASQUEZ": {"votos": 147, "pct": 0.0285, "partido": "INDEPENDIENTES", "pacto": "CHILE MUCHO MEJOR", "subpacto": "PPD E INDEPENDIENTES"}, "MAURICIO ALFONSO LOPEZ MUÑIZ": {"votos": 29, "pct": 0.0056, "partido": "INDEPENDIENTES", "pacto": "CHILE MUCHO MEJOR", "subpacto": "PPD E INDEPENDIENTES"}, "MAURICIO CESAR RAMIREZ LEVIN": {"votos": 15, "pct": 0.0029, "partido": "PARTIDO DEMOCRATA CRISTIANO", "pacto": "CHILE MUCHO MEJOR", "subpacto": "PDC E INDEPENDIENTES"}, "MIGUEL ANTONIO CERDA ORTIZ": {"votos": 8, "pct": 0.0015, "partido": "INDEPENDIENTES", "pacto": "CHILE VAMOS RENOVACIÓN NACIONAL - INDEPENDIENTES"}, "NICOLAS MARTIN DUEK MORGAN": {"votos": 16, "pct": 0.0031, "partido": "UNION DEMOCRATA INDEPENDIENTE", "pacto": "CHILE VAMOS UDI-EVOPOLI E INDEPENDIENTES", "subpacto": "UDI - INDEPENDIENTES"}, "NORA CONTRERAS CANALES": {"votos": 265, "pct": 0.0513, "partido": "UNION DEMOCRATA INDEPENDIENTE", "pacto": "CHILE VAMOS UDI-EVOPOLI E INDEPENDIENTES", "subpacto": "UDI - INDEPENDIENTES", "elected": true}, "PATRICIO IGNACIO ILUFI BORQUEZ": {"votos": 17, "pct": 0.0033, "partido": "INDEPENDIENTES", "pacto": "CENTRO DEMOCRATICO", "subpacto": "DEMOCRATAS E INDEPENDIENTES"}, "PAULINA SILVANA LIZAMA YAÑEZ": {"votos": 67, "pct": 0.013, "partido": "INDEPENDIENTES", "pacto": "CHILE VAMOS RENOVACIÓN NACIONAL - INDEPENDIENTES"}, "RITA ANDREA CUEVAS VALDES": {"votos": 48, "pct": 0.0093, "partido": "INDEPENDIENTES", "pacto": "TU COMUNA RADICAL"}, "SANDRA CACERES RIOS": {"votos": 228, "pct": 0.0442, "partido": "UNION DEMOCRATA INDEPENDIENTE", "pacto": "CHILE VAMOS UDI-EVOPOLI E INDEPENDIENTES", "subpacto": "UDI - INDEPENDIENTES"}, "VICTOR ALEJANDRO VERA CASTILLO": {"votos": 23, "pct": 0.0045, "partido": "PARTIDO DEMOCRATAS CHILE", "pacto": "CENTRO DEMOCRATICO", "subpacto": "DEMOCRATAS E INDEPENDIENTES"}, "YAMILETTE CAROLINA GARATE SOTO": {"votos": 121, "pct": 0.0234, "partido": "PARTIDO COMUNISTA DE CHILE", "pacto": "POR CHILE, SEGUIMOS", "subpacto": "PARTIDO COMUNISTA DE CHILE E INDEPENDIENTES", "elected": true}, "__blancos__": {"votos": 564, "pct": 0.1092, "partido": "otros", "pacto": "otros"}, "__nulos__": {"votos": 849, "pct": 0.1644, "partido": "otros", "pacto": "otros"}}, "muni24": {"CAMILA INES AVILES": {"votos": 940, "pct": 0.1828, "partido": "PARTIDO DEMOCRATAS CHILE", "pacto": "PARTIDO DEMOCRATAS CHILE"}, "CLAUDIO NICOLAS CASTRO": {"votos": 3366, "pct": 0.6546, "partido": "INDEPENDIENTES", "pacto": "INDEPENDIENTES"}, "PAUL FREDDY HERRERA": {"votos": 252, "pct": 0.049, "partido": "PARTIDO DE LA GENTE", "pacto": "PARTIDO DE LA GENTE"}, "__blancos__": {"votos": 203, "pct": 0.0395, "partido": "otros", "pacto": "otros"}, "__nulos__": {"votos": 381, "pct": 0.0741, "partido": "otros", "pacto": "otros"}}, "parla25": {"100 MARGARITA GARRIDO ACEVEDO": {"votos": 87, "pct": 0.0166, "partido": "PNL", "pacto": "K - CAMBIO POR CHILE"}, "101 VALESKA OYARCE PEÑA": {"votos": 23, "pct": 0.0044, "partido": "PSC", "pacto": "K - CAMBIO POR CHILE"}, "102 ALBERTO SEGUEL MENA": {"votos": 22, "pct": 0.0042, "partido": "PSC", "pacto": "K - CAMBIO POR CHILE"}, "103 CAROLINA GARATE VERGARA": {"votos": 50, "pct": 0.0096, "partido": "PSC", "pacto": "K - CAMBIO POR CHILE"}, "51 ALEJANDRA PEREZ ESPINA": {"votos": 34, "pct": 0.0065, "partido": "AH", "pacto": "B - VERDES, REGIONALISTAS Y HUMANISTAS"}, "52 ARIEL MATELUNA MATELUNA": {"votos": 37, "pct": 0.0071, "partido": "IND-AH", "pacto": "B - VERDES, REGIONALISTAS Y HUMANISTAS"}, "53 WALESKA UBIERNA NAVARRO": {"votos": 19, "pct": 0.0036, "partido": "AH", "pacto": "B - VERDES, REGIONALISTAS Y HUMANISTAS"}, "54 JOSE LUIS VILLAGRAN BARAHONA": {"votos": 18, "pct": 0.0034, "partido": "IND-AH", "pacto": "B - VERDES, REGIONALISTAS Y HUMANISTAS"}, "55 PAOLA CADIZ NUÑEZ": {"votos": 15, "pct": 0.0029, "partido": "FREVS", "pacto": "B - VERDES, REGIONALISTAS Y HUMANISTAS"}, "56 EVELYN FARIAS AILIO": {"votos": 23, "pct": 0.0044, "partido": "IND-FREVS", "pacto": "B - VERDES, REGIONALISTAS Y HUMANISTAS"}, "57 JOSE SEPULVEDA ZELADA": {"votos": 18, "pct": 0.0034, "partido": "IND-FREVS", "pacto": "B - VERDES, REGIONALISTAS Y HUMANISTAS"}, "58 ANDRES GIORDANO SALAZAR": {"votos": 140, "pct": 0.0268, "partido": "FA", "pacto": "C - UNIDAD POR CHILE"}, "59 LEONARDO JOFRE RIOS": {"votos": 184, "pct": 0.0352, "partido": "FA", "pacto": "C - UNIDAD POR CHILE"}, "60 BORIS BARRERA MORENO": {"votos": 263, "pct": 0.0503, "partido": "PCCH", "pacto": "C - UNIDAD POR CHILE"}, "61 CAROLA RIVERO CANALES": {"votos": 114, "pct": 0.0218, "partido": "PS", "pacto": "C - UNIDAD POR CHILE"}, "62 CESAR VALENZUELA MAASS": {"votos": 275, "pct": 0.0526, "partido": "PS", "pacto": "C - UNIDAD POR CHILE"}, "63 SANDRA GONZALEZ ZAMORANO": {"votos": 46, "pct": 0.0088, "partido": "IND-PPD", "pacto": "C - UNIDAD POR CHILE"}, "64 CARLOS CUADRADO PRATS": {"votos": 72, "pct": 0.0138, "partido": "PPD", "pacto": "C - UNIDAD POR CHILE"}, "65 AMELIA DEL CARMEN GALLEGOS RAMIREZ": {"votos": 68, "pct": 0.013, "partido": "PH", "pacto": "D - IZQUIERDA ECOLOGISTA POPULAR ANIMALISTA Y HUMANISTA"}, "66 VIVIANA MONTECINOS SUAZO": {"votos": 53, "pct": 0.0101, "partido": "IND-PH", "pacto": "D - IZQUIERDA ECOLOGISTA POPULAR ANIMALISTA Y HUMANISTA"}, "67 ADRIAN ANTONIO LIZAMA BARRA": {"votos": 20, "pct": 0.0038, "partido": "IND-PH", "pacto": "D - IZQUIERDA ECOLOGISTA POPULAR ANIMALISTA Y HUMANISTA"}, "68 JUAN ANDRES PINO MADRID": {"votos": 26, "pct": 0.005, "partido": "IND-PH", "pacto": "D - IZQUIERDA ECOLOGISTA POPULAR ANIMALISTA Y HUMANISTA"}, "69 SERGIO ENRIQUE FLORES RAMIREZ": {"votos": 28, "pct": 0.0054, "partido": "IND-PH", "pacto": "D - IZQUIERDA ECOLOGISTA POPULAR ANIMALISTA Y HUMANISTA"}, "70 ESTER BARRIENTOS VARGAS": {"votos": 10, "pct": 0.0019, "partido": "IND-PH", "pacto": "D - IZQUIERDA ECOLOGISTA POPULAR ANIMALISTA Y HUMANISTA"}, "71 LUIS ALBERTO DONOSO URIBE": {"votos": 23, "pct": 0.0044, "partido": "IND-PH", "pacto": "D - IZQUIERDA ECOLOGISTA POPULAR ANIMALISTA Y HUMANISTA"}, "72 MANUEL ENRIQUE MUÑOZ PALACIOS": {"votos": 18, "pct": 0.0034, "partido": "PAVP", "pacto": "G - PARTIDO ALIANZA VERDE POPULAR"}, "73 XUXA ALVAREZ FERNANDEZ": {"votos": 38, "pct": 0.0073, "partido": "PAVP", "pacto": "G - PARTIDO ALIANZA VERDE POPULAR"}, "74 JOSE GUILLERMO ROJAS INOSTROZA": {"votos": 19, "pct": 0.0036, "partido": "PAVP", "pacto": "G - PARTIDO ALIANZA VERDE POPULAR"}, "75 ISABEL PALMA PALMA": {"votos": 20, "pct": 0.0038, "partido": "PAVP", "pacto": "G - PARTIDO ALIANZA VERDE POPULAR"}, "76 MARIA ELENA VALENZUELA PINO": {"votos": 23, "pct": 0.0044, "partido": "PAVP", "pacto": "G - PARTIDO ALIANZA VERDE POPULAR"}, "77 LORENZO LEPIN ARANEDA": {"votos": 10, "pct": 0.0019, "partido": "PAVP", "pacto": "G - PARTIDO ALIANZA VERDE POPULAR"}, "78 DANIEL EDUARDO CANTO GONZALEZ": {"votos": 2, "pct": 0.0004, "partido": "PAVP", "pacto": "G - PARTIDO ALIANZA VERDE POPULAR"}, "79 ROBERTO LOBOS VILLASECA": {"votos": 5, "pct": 0.001, "partido": "PAVP", "pacto": "G - PARTIDO ALIANZA VERDE POPULAR"}, "80 TAMARA ALEJANDRA RAMIREZ RAMIREZ": {"votos": 261, "pct": 0.0499, "partido": "PDG", "pacto": "I - PARTIDO DE LA GENTE"}, "81 ANDRES RIGOBERTO CACERES BRAVO": {"votos": 84, "pct": 0.0161, "partido": "PDG", "pacto": "I - PARTIDO DE LA GENTE"}, "82 PAMELA DEL TRANSITO AMARO ARAYA": {"votos": 101, "pct": 0.0193, "partido": "PDG", "pacto": "I - PARTIDO DE LA GENTE"}, "83 FRANCISCO JAVIER LIZANA DONOSO": {"votos": 122, "pct": 0.0233, "partido": "PDG", "pacto": "I - PARTIDO DE LA GENTE"}, "84 CESAR ABRAHAM SUAY JEREZ": {"votos": 53, "pct": 0.0101, "partido": "PDG", "pacto": "I - PARTIDO DE LA GENTE"}, "85 MARIA SOLEDAD LIEMPAN APELEO": {"votos": 46, "pct": 0.0088, "partido": "PDG", "pacto": "I - PARTIDO DE LA GENTE"}, "86 CRESCENCIO ALBERTO LOPEZ PEREZ": {"votos": 21, "pct": 0.004, "partido": "PDG", "pacto": "I - PARTIDO DE LA GENTE"}, "87 CHRISTOPHER ELIAS YAÑEZ LEAL": {"votos": 39, "pct": 0.0075, "partido": "PDG", "pacto": "I - PARTIDO DE LA GENTE"}, "88 GUILLERMO RAMIREZ DIEZ": {"votos": 73, "pct": 0.014, "partido": "UDI", "pacto": "J - CHILE GRANDE Y UNIDO"}, "89 JOSE MIGUEL GONZALEZ ZAPATA": {"votos": 60, "pct": 0.0115, "partido": "UDI", "pacto": "J - CHILE GRANDE Y UNIDO"}, "90 ERIKA OLIVERA DE LA FUENTE": {"votos": 89, "pct": 0.017, "partido": "DEMOCRATAS", "pacto": "J - CHILE GRANDE Y UNIDO"}, "91 VERONICA MONTECINOS ORTIZ": {"votos": 30, "pct": 0.0057, "partido": "DEMOCRATAS", "pacto": "J - CHILE GRANDE Y UNIDO"}, "92 ALDO DUQUE SANTOS": {"votos": 35, "pct": 0.0067, "partido": "IND-RN", "pacto": "J - CHILE GRANDE Y UNIDO"}, "93 MARIA ELENA BARCO SANCHEZ": {"votos": 22, "pct": 0.0042, "partido": "RN", "pacto": "J - CHILE GRANDE Y UNIDO"}, "94 FELIPE VIDAL CUEVAS": {"votos": 78, "pct": 0.0149, "partido": "IND-EVOPOLI", "pacto": "J - CHILE GRANDE Y UNIDO"}, "95 JUAN MANUEL SANTA CRUZ CAMPAÑA": {"votos": 14, "pct": 0.0027, "partido": "EVOPOLI", "pacto": "J - CHILE GRANDE Y UNIDO"}, "96 JOSE CARLOS MEZA PEREIRA": {"votos": 282, "pct": 0.054, "partido": "REPUBLICAN", "pacto": "K - CAMBIO POR CHILE"}, "97 MACARENA GARCIA-HUIDOBRO LLORT": {"votos": 151, "pct": 0.0289, "partido": "REPUBLICAN", "pacto": "K - CAMBIO POR CHILE"}, "98 JAVIERA RODRIGUEZ PASCUAL": {"votos": 209, "pct": 0.04, "partido": "REPUBLICAN", "pacto": "K - CAMBIO POR CHILE"}, "99 MAXIMILIANO MURATH MANSILLA": {"votos": 176, "pct": 0.0337, "partido": "PNL", "pacto": "K - CAMBIO POR CHILE"}, "__blancos__": {"votos": 486, "pct": 0.093, "partido": "otros", "pacto": "No aplica"}, "__nulos__": {"votos": 992, "pct": 0.1898, "partido": "otros", "pacto": "No aplica"}}, "pres1v25": {"1 FRANCO PARISI FERNANDEZ": {"votos": 1117, "pct": 0.2132, "partido": "presidencial", "pacto": "presidencial"}, "2 JEANNETTE JARA ROMAN": {"votos": 1529, "pct": 0.2918, "partido": "presidencial", "pacto": "presidencial"}, "3 MARCO ANTONIO ENRIQUEZ-OMINAMI GUMUCIO": {"votos": 84, "pct": 0.016, "partido": "presidencial", "pacto": "presidencial"}, "4 JOHANNES KAISER BARENTS-VON HOHENHAGEN": {"votos": 586, "pct": 0.1118, "partido": "presidencial", "pacto": "presidencial"}, "5 JOSE ANTONIO KAST RIST": {"votos": 1035, "pct": 0.1975, "partido": "presidencial", "pacto": "presidencial"}, "6 EDUARDO ANTONIO ARTES BRICHETTI": {"votos": 36, "pct": 0.0069, "partido": "presidencial", "pacto": "presidencial"}, "7 EVELYN MATTHEI FORNET": {"votos": 546, "pct": 0.1042, "partido": "presidencial", "pacto": "presidencial"}, "8 HAROLD MAYNE-NICHOLLS SECUL": {"votos": 57, "pct": 0.0109, "partido": "presidencial", "pacto": "presidencial"}, "__blancos__": {"votos": 63, "pct": 0.012, "partido": "presidencial", "pacto": "presidencial"}, "__nulos__": {"votos": 187, "pct": 0.0357, "partido": "presidencial", "pacto": "presidencial"}}, "pres2v25": {"2 JEANNETTE JARA ROMAN": {"votos": 2387, "pct": 0.4554, "partido": "presidencial", "pacto": "presidencial"}, "5 JOSE ANTONIO KAST RIST": {"votos": 2401, "pct": 0.458, "partido": "presidencial", "pacto": "presidencial"}, "__blancos__": {"votos": 44, "pct": 0.0084, "partido": "presidencial", "pacto": "presidencial"}, "__nulos__": {"votos": 410, "pct": 0.0782, "partido": "presidencial", "pacto": "presidencial"}}}}, "geometry": {"type": "Point", "coordinates": [-70.7396777, -33.406631]}}, {"type": "Feature", "properties": {"local": "CENTRO EDUCACIONAL LAURA VICUÑA", "elections": {"conc24": {"AGHATA SANTANA CARRASCO": {"votos": 6, "pct": 0.0021, "partido": "PARTIDO DEMOCRATAS CHILE", "pacto": "CENTRO DEMOCRATICO", "subpacto": "DEMOCRATAS E INDEPENDIENTES"}, "ANGELINA DEL CARMEN ACEVEDO TAPIA": {"votos": 28, "pct": 0.01, "partido": "INDEPENDIENTES", "pacto": "TU COMUNA RADICAL"}, "BENJAMIN ESTEBAN LEAL HERNANDEZ": {"votos": 72, "pct": 0.0257, "partido": "PARTIDO SOCIAL CRISTIANO", "pacto": "PARTIDO SOCIAL CRISTIANO E INDEPENDIENTES"}, "BIANCA BALCAZAR AREVALO": {"votos": 23, "pct": 0.0082, "partido": "INDEPENDIENTES", "pacto": "CHILE VAMOS RENOVACIÓN NACIONAL - INDEPENDIENTES"}, "CARLOS COLLAO VEGA": {"votos": 37, "pct": 0.0132, "partido": "PARTIDO DEMOCRATAS CHILE", "pacto": "CENTRO DEMOCRATICO", "subpacto": "DEMOCRATAS E INDEPENDIENTES"}, "CAROLINA ANDREA COÑOPAN ARAYA": {"votos": 51, "pct": 0.0182, "partido": "INDEPENDIENTES", "pacto": "POR CHILE, SEGUIMOS", "subpacto": "FRENTE AMPLIO E INDEPENDIENTES", "elected": true}, "CATHERINE ARAYA TORREJON": {"votos": 45, "pct": 0.016, "partido": "PARTIDO SOCIALISTA DE CHILE", "pacto": "CHILE MUCHO MEJOR", "subpacto": "PS E INDEPENDIENTES"}, "CECILIA DEL CARMEN GACITUA GACITUA": {"votos": 56, "pct": 0.02, "partido": "INDEPENDIENTES", "pacto": "TU COMUNA RADICAL"}, "CECILIA DEL PILAR LOPEZ CONTRERAS": {"votos": 92, "pct": 0.0328, "partido": "PARTIDO SOCIALISTA DE CHILE", "pacto": "CHILE MUCHO MEJOR", "subpacto": "PS E INDEPENDIENTES", "elected": true}, "CESAR DEMETRIO AMESTICA ALARCON": {"votos": 47, "pct": 0.0168, "partido": "FRENTE AMPLIO", "pacto": "POR CHILE, SEGUIMOS", "subpacto": "FRENTE AMPLIO E INDEPENDIENTES"}, "CESAR MONSALVE ORTEGA": {"votos": 24, "pct": 0.0086, "partido": "UNION DEMOCRATA INDEPENDIENTE", "pacto": "CHILE VAMOS UDI-EVOPOLI E INDEPENDIENTES", "subpacto": "UDI - INDEPENDIENTES"}, "CLAUDIO CHRISTIAN SEPULVEDA ORMAZABAL": {"votos": 61, "pct": 0.0218, "partido": "FRENTE AMPLIO", "pacto": "POR CHILE, SEGUIMOS", "subpacto": "FRENTE AMPLIO E INDEPENDIENTES"}, "CRISTIAN ANTONIO FLORES MENA": {"votos": 24, "pct": 0.0086, "partido": "RENOVACION NACIONAL", "pacto": "CHILE VAMOS RENOVACIÓN NACIONAL - INDEPENDIENTES"}, "DAYANA ARELLANO SALINAS": {"votos": 52, "pct": 0.0185, "partido": "INDEPENDIENTES", "pacto": "CHILE MUCHO MEJOR", "subpacto": "PPD E INDEPENDIENTES"}, "DIEGO ANDRES MARTINEZ OTAROLA": {"votos": 75, "pct": 0.0267, "partido": "RENOVACION NACIONAL", "pacto": "CHILE VAMOS RENOVACIÓN NACIONAL - INDEPENDIENTES", "elected": true}, "DIEGO DELGADO DOMINGUEZ": {"votos": 44, "pct": 0.0157, "partido": "INDEPENDIENTES", "pacto": "CHILE VAMOS UDI-EVOPOLI E INDEPENDIENTES", "subpacto": "UDI - INDEPENDIENTES"}, "DIEGO IGNACIO FUENTES LIRA": {"votos": 196, "pct": 0.0699, "partido": "INDEPENDIENTES", "pacto": "TU COMUNA RADICAL", "elected": true}, "ERICA PATRICIA ROJAS SALINAS": {"votos": 25, "pct": 0.0089, "partido": "INDEPENDIENTES", "pacto": "TU COMUNA RADICAL"}, "FELIPE ALBERTO DELGADO ANDRADES": {"votos": 12, "pct": 0.0043, "partido": "UNION DEMOCRATA INDEPENDIENTE", "pacto": "CHILE VAMOS UDI-EVOPOLI E INDEPENDIENTES", "subpacto": "UDI - INDEPENDIENTES"}, "FLORENCIO ENRIQUE KUNTZ SANHUEZA": {"votos": 113, "pct": 0.0403, "partido": "PARTIDO REPUBLICANO DE CHILE", "pacto": "REPUBLICANOS E INDEPENDIENTES", "elected": true}, "FRANCISCO JAVIER CATALDO SANTANDER": {"votos": 28, "pct": 0.01, "partido": "INDEPENDIENTES", "pacto": "VERDES LIBERALES POR UNA COMUNA SEGURA", "subpacto": "PARTIDO FEDERACIÓN REGIONALISTA VERDE SOCIAL E INDEPENDIENTES"}, "FRANCO JAVIER LOPEZ ESPARZA": {"votos": 31, "pct": 0.0111, "partido": "INDEPENDIENTES", "pacto": "VERDES LIBERALES POR UNA COMUNA SEGURA", "subpacto": "PARTIDO LIBERAL DE CHILE E INDEPENDIENTES"}, "GABRIEL HERNAN LOPEZ URRA": {"votos": 15, "pct": 0.0053, "partido": "INDEPENDIENTES", "pacto": "CHILE VAMOS RENOVACIÓN NACIONAL - INDEPENDIENTES"}, "GIOVANNI ANDRES ROJAS DAVILA": {"votos": 59, "pct": 0.021, "partido": "FRENTE AMPLIO", "pacto": "POR CHILE, SEGUIMOS", "subpacto": "FRENTE AMPLIO E INDEPENDIENTES"}, "ISABEL DEL CARMEN ESPINOZA GONZALEZ": {"votos": 44, "pct": 0.0157, "partido": "FEDERACION REGIONALISTA VERDE SOCIAL", "pacto": "VERDES LIBERALES POR UNA COMUNA SEGURA", "subpacto": "PARTIDO FEDERACIÓN REGIONALISTA VERDE SOCIAL E INDEPENDIENTES"}, "ISHKRA WLADIMIR CALDERON SOTO": {"votos": 92, "pct": 0.0328, "partido": "PARTIDO COMUNISTA DE CHILE", "pacto": "POR CHILE, SEGUIMOS", "subpacto": "PARTIDO COMUNISTA DE CHILE E INDEPENDIENTES"}, "ISMAEL ANTONIO ARAYA ARAYA": {"votos": 88, "pct": 0.0314, "partido": "INDEPENDIENTES", "pacto": "TU COMUNA RADICAL", "elected": true}, "JAIME ANDRES MARTINEZ MORAGA": {"votos": 10, "pct": 0.0036, "partido": "INDEPENDIENTES", "pacto": "CENTRO DEMOCRATICO", "subpacto": "DEMOCRATAS E INDEPENDIENTES"}, "JESUS TORREJON SEGOVIA": {"votos": 22, "pct": 0.0078, "partido": "PARTIDO DEMOCRATA CRISTIANO", "pacto": "CHILE MUCHO MEJOR", "subpacto": "PDC E INDEPENDIENTES"}, "JORGE NUÑEZ ESPINOZA": {"votos": 8, "pct": 0.0029, "partido": "PARTIDO DEMOCRATAS CHILE", "pacto": "CENTRO DEMOCRATICO", "subpacto": "DEMOCRATAS E INDEPENDIENTES"}, "JOSE DOMINGO GALAZ BELTRAN": {"votos": 20, "pct": 0.0071, "partido": "PARTIDO SOCIALISTA DE CHILE", "pacto": "CHILE MUCHO MEJOR", "subpacto": "PS E INDEPENDIENTES"}, "JUAN CARLOS GODOY MARICIC": {"votos": 107, "pct": 0.0382, "partido": "PARTIDO REPUBLICANO DE CHILE", "pacto": "REPUBLICANOS E INDEPENDIENTES"}, "JUAN PABLO ARAYA IBARRA": {"votos": 32, "pct": 0.0114, "partido": "INDEPENDIENTES", "pacto": "TU COMUNA RADICAL"}, "KAREN ANDREA SERRANO CONCHA": {"votos": 22, "pct": 0.0078, "partido": "PARTIDO DEMOCRATAS CHILE", "pacto": "CENTRO DEMOCRATICO", "subpacto": "DEMOCRATAS E INDEPENDIENTES"}, "LESLIE ELIZABETH ALARCON VELASQUEZ": {"votos": 28, "pct": 0.01, "partido": "INDEPENDIENTES", "pacto": "CHILE MUCHO MEJOR", "subpacto": "PPD E INDEPENDIENTES"}, "MAURICIO ALFONSO LOPEZ MUÑIZ": {"votos": 20, "pct": 0.0071, "partido": "INDEPENDIENTES", "pacto": "CHILE MUCHO MEJOR", "subpacto": "PPD E INDEPENDIENTES"}, "MAURICIO CESAR RAMIREZ LEVIN": {"votos": 5, "pct": 0.0018, "partido": "PARTIDO DEMOCRATA CRISTIANO", "pacto": "CHILE MUCHO MEJOR", "subpacto": "PDC E INDEPENDIENTES"}, "MIGUEL ANTONIO CERDA ORTIZ": {"votos": 4, "pct": 0.0014, "partido": "INDEPENDIENTES", "pacto": "CHILE VAMOS RENOVACIÓN NACIONAL - INDEPENDIENTES"}, "NICOLAS MARTIN DUEK MORGAN": {"votos": 6, "pct": 0.0021, "partido": "UNION DEMOCRATA INDEPENDIENTE", "pacto": "CHILE VAMOS UDI-EVOPOLI E INDEPENDIENTES", "subpacto": "UDI - INDEPENDIENTES"}, "NORA CONTRERAS CANALES": {"votos": 170, "pct": 0.0606, "partido": "UNION DEMOCRATA INDEPENDIENTE", "pacto": "CHILE VAMOS UDI-EVOPOLI E INDEPENDIENTES", "subpacto": "UDI - INDEPENDIENTES", "elected": true}, "PATRICIO IGNACIO ILUFI BORQUEZ": {"votos": 13, "pct": 0.0046, "partido": "INDEPENDIENTES", "pacto": "CENTRO DEMOCRATICO", "subpacto": "DEMOCRATAS E INDEPENDIENTES"}, "PAULINA SILVANA LIZAMA YAÑEZ": {"votos": 23, "pct": 0.0082, "partido": "INDEPENDIENTES", "pacto": "CHILE VAMOS RENOVACIÓN NACIONAL - INDEPENDIENTES"}, "RITA ANDREA CUEVAS VALDES": {"votos": 45, "pct": 0.016, "partido": "INDEPENDIENTES", "pacto": "TU COMUNA RADICAL"}, "SANDRA CACERES RIOS": {"votos": 15, "pct": 0.0053, "partido": "UNION DEMOCRATA INDEPENDIENTE", "pacto": "CHILE VAMOS UDI-EVOPOLI E INDEPENDIENTES", "subpacto": "UDI - INDEPENDIENTES"}, "VICTOR ALEJANDRO VERA CASTILLO": {"votos": 19, "pct": 0.0068, "partido": "PARTIDO DEMOCRATAS CHILE", "pacto": "CENTRO DEMOCRATICO", "subpacto": "DEMOCRATAS E INDEPENDIENTES"}, "YAMILETTE CAROLINA GARATE SOTO": {"votos": 70, "pct": 0.025, "partido": "PARTIDO COMUNISTA DE CHILE", "pacto": "POR CHILE, SEGUIMOS", "subpacto": "PARTIDO COMUNISTA DE CHILE E INDEPENDIENTES", "elected": true}, "__blancos__": {"votos": 228, "pct": 0.0813, "partido": "otros", "pacto": "otros"}, "__nulos__": {"votos": 497, "pct": 0.1772, "partido": "otros", "pacto": "otros"}}, "muni24": {"CAMILA INES AVILES": {"votos": 462, "pct": 0.1656, "partido": "PARTIDO DEMOCRATAS CHILE", "pacto": "PARTIDO DEMOCRATAS CHILE"}, "CLAUDIO NICOLAS CASTRO": {"votos": 1897, "pct": 0.6799, "partido": "INDEPENDIENTES", "pacto": "INDEPENDIENTES"}, "PAUL FREDDY HERRERA": {"votos": 151, "pct": 0.0541, "partido": "PARTIDO DE LA GENTE", "pacto": "PARTIDO DE LA GENTE"}, "__blancos__": {"votos": 89, "pct": 0.0319, "partido": "otros", "pacto": "otros"}, "__nulos__": {"votos": 191, "pct": 0.0685, "partido": "otros", "pacto": "otros"}}, "parla25": {"100 MARGARITA GARRIDO ACEVEDO": {"votos": 45, "pct": 0.016, "partido": "PNL", "pacto": "K - CAMBIO POR CHILE"}, "101 VALESKA OYARCE PEÑA": {"votos": 7, "pct": 0.0025, "partido": "PSC", "pacto": "K - CAMBIO POR CHILE"}, "102 ALBERTO SEGUEL MENA": {"votos": 7, "pct": 0.0025, "partido": "PSC", "pacto": "K - CAMBIO POR CHILE"}, "103 CAROLINA GARATE VERGARA": {"votos": 23, "pct": 0.0082, "partido": "PSC", "pacto": "K - CAMBIO POR CHILE"}, "51 ALEJANDRA PEREZ ESPINA": {"votos": 17, "pct": 0.006, "partido": "AH", "pacto": "B - VERDES, REGIONALISTAS Y HUMANISTAS"}, "52 ARIEL MATELUNA MATELUNA": {"votos": 22, "pct": 0.0078, "partido": "IND-AH", "pacto": "B - VERDES, REGIONALISTAS Y HUMANISTAS"}, "53 WALESKA UBIERNA NAVARRO": {"votos": 7, "pct": 0.0025, "partido": "AH", "pacto": "B - VERDES, REGIONALISTAS Y HUMANISTAS"}, "54 JOSE LUIS VILLAGRAN BARAHONA": {"votos": 12, "pct": 0.0043, "partido": "IND-AH", "pacto": "B - VERDES, REGIONALISTAS Y HUMANISTAS"}, "55 PAOLA CADIZ NUÑEZ": {"votos": 7, "pct": 0.0025, "partido": "FREVS", "pacto": "B - VERDES, REGIONALISTAS Y HUMANISTAS"}, "56 EVELYN FARIAS AILIO": {"votos": 5, "pct": 0.0018, "partido": "IND-FREVS", "pacto": "B - VERDES, REGIONALISTAS Y HUMANISTAS"}, "57 JOSE SEPULVEDA ZELADA": {"votos": 6, "pct": 0.0021, "partido": "IND-FREVS", "pacto": "B - VERDES, REGIONALISTAS Y HUMANISTAS"}, "58 ANDRES GIORDANO SALAZAR": {"votos": 81, "pct": 0.0288, "partido": "FA", "pacto": "C - UNIDAD POR CHILE"}, "59 LEONARDO JOFRE RIOS": {"votos": 119, "pct": 0.0423, "partido": "FA", "pacto": "C - UNIDAD POR CHILE"}, "60 BORIS BARRERA MORENO": {"votos": 152, "pct": 0.054, "partido": "PCCH", "pacto": "C - UNIDAD POR CHILE"}, "61 CAROLA RIVERO CANALES": {"votos": 86, "pct": 0.0306, "partido": "PS", "pacto": "C - UNIDAD POR CHILE"}, "62 CESAR VALENZUELA MAASS": {"votos": 224, "pct": 0.0796, "partido": "PS", "pacto": "C - UNIDAD POR CHILE"}, "63 SANDRA GONZALEZ ZAMORANO": {"votos": 26, "pct": 0.0092, "partido": "IND-PPD", "pacto": "C - UNIDAD POR CHILE"}, "64 CARLOS CUADRADO PRATS": {"votos": 36, "pct": 0.0128, "partido": "PPD", "pacto": "C - UNIDAD POR CHILE"}, "65 AMELIA DEL CARMEN GALLEGOS RAMIREZ": {"votos": 34, "pct": 0.0121, "partido": "PH", "pacto": "D - IZQUIERDA ECOLOGISTA POPULAR ANIMALISTA Y HUMANISTA"}, "66 VIVIANA MONTECINOS SUAZO": {"votos": 33, "pct": 0.0117, "partido": "IND-PH", "pacto": "D - IZQUIERDA ECOLOGISTA POPULAR ANIMALISTA Y HUMANISTA"}, "67 ADRIAN ANTONIO LIZAMA BARRA": {"votos": 8, "pct": 0.0028, "partido": "IND-PH", "pacto": "D - IZQUIERDA ECOLOGISTA POPULAR ANIMALISTA Y HUMANISTA"}, "68 JUAN ANDRES PINO MADRID": {"votos": 14, "pct": 0.005, "partido": "IND-PH", "pacto": "D - IZQUIERDA ECOLOGISTA POPULAR ANIMALISTA Y HUMANISTA"}, "69 SERGIO ENRIQUE FLORES RAMIREZ": {"votos": 16, "pct": 0.0057, "partido": "IND-PH", "pacto": "D - IZQUIERDA ECOLOGISTA POPULAR ANIMALISTA Y HUMANISTA"}, "70 ESTER BARRIENTOS VARGAS": {"votos": 5, "pct": 0.0018, "partido": "IND-PH", "pacto": "D - IZQUIERDA ECOLOGISTA POPULAR ANIMALISTA Y HUMANISTA"}, "71 LUIS ALBERTO DONOSO URIBE": {"votos": 12, "pct": 0.0043, "partido": "IND-PH", "pacto": "D - IZQUIERDA ECOLOGISTA POPULAR ANIMALISTA Y HUMANISTA"}, "72 MANUEL ENRIQUE MUÑOZ PALACIOS": {"votos": 7, "pct": 0.0025, "partido": "PAVP", "pacto": "G - PARTIDO ALIANZA VERDE POPULAR"}, "73 XUXA ALVAREZ FERNANDEZ": {"votos": 16, "pct": 0.0057, "partido": "PAVP", "pacto": "G - PARTIDO ALIANZA VERDE POPULAR"}, "74 JOSE GUILLERMO ROJAS INOSTROZA": {"votos": 3, "pct": 0.0011, "partido": "PAVP", "pacto": "G - PARTIDO ALIANZA VERDE POPULAR"}, "75 ISABEL PALMA PALMA": {"votos": 10, "pct": 0.0036, "partido": "PAVP", "pacto": "G - PARTIDO ALIANZA VERDE POPULAR"}, "76 MARIA ELENA VALENZUELA PINO": {"votos": 8, "pct": 0.0028, "partido": "PAVP", "pacto": "G - PARTIDO ALIANZA VERDE POPULAR"}, "77 LORENZO LEPIN ARANEDA": {"votos": 8, "pct": 0.0028, "partido": "PAVP", "pacto": "G - PARTIDO ALIANZA VERDE POPULAR"}, "78 DANIEL EDUARDO CANTO GONZALEZ": {"votos": 2, "pct": 0.0007, "partido": "PAVP", "pacto": "G - PARTIDO ALIANZA VERDE POPULAR"}, "79 ROBERTO LOBOS VILLASECA": {"votos": 6, "pct": 0.0021, "partido": "PAVP", "pacto": "G - PARTIDO ALIANZA VERDE POPULAR"}, "80 TAMARA ALEJANDRA RAMIREZ RAMIREZ": {"votos": 147, "pct": 0.0523, "partido": "PDG", "pacto": "I - PARTIDO DE LA GENTE"}, "81 ANDRES RIGOBERTO CACERES BRAVO": {"votos": 45, "pct": 0.016, "partido": "PDG", "pacto": "I - PARTIDO DE LA GENTE"}, "82 PAMELA DEL TRANSITO AMARO ARAYA": {"votos": 45, "pct": 0.016, "partido": "PDG", "pacto": "I - PARTIDO DE LA GENTE"}, "83 FRANCISCO JAVIER LIZANA DONOSO": {"votos": 58, "pct": 0.0206, "partido": "PDG", "pacto": "I - PARTIDO DE LA GENTE"}, "84 CESAR ABRAHAM SUAY JEREZ": {"votos": 27, "pct": 0.0096, "partido": "PDG", "pacto": "I - PARTIDO DE LA GENTE"}, "85 MARIA SOLEDAD LIEMPAN APELEO": {"votos": 30, "pct": 0.0107, "partido": "PDG", "pacto": "I - PARTIDO DE LA GENTE"}, "86 CRESCENCIO ALBERTO LOPEZ PEREZ": {"votos": 11, "pct": 0.0039, "partido": "PDG", "pacto": "I - PARTIDO DE LA GENTE"}, "87 CHRISTOPHER ELIAS YAÑEZ LEAL": {"votos": 16, "pct": 0.0057, "partido": "PDG", "pacto": "I - PARTIDO DE LA GENTE"}, "88 GUILLERMO RAMIREZ DIEZ": {"votos": 55, "pct": 0.0196, "partido": "UDI", "pacto": "J - CHILE GRANDE Y UNIDO"}, "89 JOSE MIGUEL GONZALEZ ZAPATA": {"votos": 17, "pct": 0.006, "partido": "UDI", "pacto": "J - CHILE GRANDE Y UNIDO"}, "90 ERIKA OLIVERA DE LA FUENTE": {"votos": 30, "pct": 0.0107, "partido": "DEMOCRATAS", "pacto": "J - CHILE GRANDE Y UNIDO"}, "91 VERONICA MONTECINOS ORTIZ": {"votos": 13, "pct": 0.0046, "partido": "DEMOCRATAS", "pacto": "J - CHILE GRANDE Y UNIDO"}, "92 ALDO DUQUE SANTOS": {"votos": 24, "pct": 0.0085, "partido": "IND-RN", "pacto": "J - CHILE GRANDE Y UNIDO"}, "93 MARIA ELENA BARCO SANCHEZ": {"votos": 13, "pct": 0.0046, "partido": "RN", "pacto": "J - CHILE GRANDE Y UNIDO"}, "94 FELIPE VIDAL CUEVAS": {"votos": 57, "pct": 0.0203, "partido": "IND-EVOPOLI", "pacto": "J - CHILE GRANDE Y UNIDO"}, "95 JUAN MANUEL SANTA CRUZ CAMPAÑA": {"votos": 14, "pct": 0.005, "partido": "EVOPOLI", "pacto": "J - CHILE GRANDE Y UNIDO"}, "96 JOSE CARLOS MEZA PEREIRA": {"votos": 155, "pct": 0.0551, "partido": "REPUBLICAN", "pacto": "K - CAMBIO POR CHILE"}, "97 MACARENA GARCIA-HUIDOBRO LLORT": {"votos": 84, "pct": 0.0299, "partido": "REPUBLICAN", "pacto": "K - CAMBIO POR CHILE"}, "98 JAVIERA RODRIGUEZ PASCUAL": {"votos": 116, "pct": 0.0412, "partido": "REPUBLICAN", "pacto": "K - CAMBIO POR CHILE"}, "99 MAXIMILIANO MURATH MANSILLA": {"votos": 81, "pct": 0.0288, "partido": "PNL", "pacto": "K - CAMBIO POR CHILE"}, "__blancos__": {"votos": 206, "pct": 0.0732, "partido": "otros", "pacto": "No aplica"}, "__nulos__": {"votos": 505, "pct": 0.1795, "partido": "otros", "pacto": "No aplica"}}, "pres1v25": {"1 FRANCO PARISI FERNANDEZ": {"votos": 579, "pct": 0.2051, "partido": "presidencial", "pacto": "presidencial"}, "2 JEANNETTE JARA ROMAN": {"votos": 881, "pct": 0.3121, "partido": "presidencial", "pacto": "presidencial"}, "3 MARCO ANTONIO ENRIQUEZ-OMINAMI GUMUCIO": {"votos": 33, "pct": 0.0117, "partido": "presidencial", "pacto": "presidencial"}, "4 JOHANNES KAISER BARENTS-VON HOHENHAGEN": {"votos": 334, "pct": 0.1183, "partido": "presidencial", "pacto": "presidencial"}, "5 JOSE ANTONIO KAST RIST": {"votos": 517, "pct": 0.1831, "partido": "presidencial", "pacto": "presidencial"}, "6 EDUARDO ANTONIO ARTES BRICHETTI": {"votos": 13, "pct": 0.0046, "partido": "presidencial", "pacto": "presidencial"}, "7 EVELYN MATTHEI FORNET": {"votos": 302, "pct": 0.107, "partido": "presidencial", "pacto": "presidencial"}, "8 HAROLD MAYNE-NICHOLLS SECUL": {"votos": 44, "pct": 0.0156, "partido": "presidencial", "pacto": "presidencial"}, "__blancos__": {"votos": 21, "pct": 0.0074, "partido": "presidencial", "pacto": "presidencial"}, "__nulos__": {"votos": 99, "pct": 0.0351, "partido": "presidencial", "pacto": "presidencial"}}, "pres2v25": {"2 JEANNETTE JARA ROMAN": {"votos": 1332, "pct": 0.4715, "partido": "presidencial", "pacto": "presidencial"}, "5 JOSE ANTONIO KAST RIST": {"votos": 1274, "pct": 0.451, "partido": "presidencial", "pacto": "presidencial"}, "__blancos__": {"votos": 31, "pct": 0.011, "partido": "presidencial", "pacto": "presidencial"}, "__nulos__": {"votos": 188, "pct": 0.0665, "partido": "presidencial", "pacto": "presidencial"}}}}, "geometry": {"type": "Point", "coordinates": [-70.7124688, -33.4030062]}}, {"type": "Feature", "properties": {"local": "COLEGIO CHARLES DARWIN", "elections": {"conc24": {"AGHATA SANTANA CARRASCO": {"votos": 7, "pct": 0.0019, "partido": "PARTIDO DEMOCRATAS CHILE", "pacto": "CENTRO DEMOCRATICO", "subpacto": "DEMOCRATAS E INDEPENDIENTES"}, "ANGELINA DEL CARMEN ACEVEDO TAPIA": {"votos": 25, "pct": 0.0067, "partido": "INDEPENDIENTES", "pacto": "TU COMUNA RADICAL"}, "BENJAMIN ESTEBAN LEAL HERNANDEZ": {"votos": 82, "pct": 0.0221, "partido": "PARTIDO SOCIAL CRISTIANO", "pacto": "PARTIDO SOCIAL CRISTIANO E INDEPENDIENTES"}, "BIANCA BALCAZAR AREVALO": {"votos": 28, "pct": 0.0075, "partido": "INDEPENDIENTES", "pacto": "CHILE VAMOS RENOVACIÓN NACIONAL - INDEPENDIENTES"}, "CARLOS COLLAO VEGA": {"votos": 55, "pct": 0.0148, "partido": "PARTIDO DEMOCRATAS CHILE", "pacto": "CENTRO DEMOCRATICO", "subpacto": "DEMOCRATAS E INDEPENDIENTES"}, "CAROLINA ANDREA COÑOPAN ARAYA": {"votos": 62, "pct": 0.0167, "partido": "INDEPENDIENTES", "pacto": "POR CHILE, SEGUIMOS", "subpacto": "FRENTE AMPLIO E INDEPENDIENTES", "elected": true}, "CATHERINE ARAYA TORREJON": {"votos": 146, "pct": 0.0393, "partido": "PARTIDO SOCIALISTA DE CHILE", "pacto": "CHILE MUCHO MEJOR", "subpacto": "PS E INDEPENDIENTES"}, "CECILIA DEL CARMEN GACITUA GACITUA": {"votos": 61, "pct": 0.0164, "partido": "INDEPENDIENTES", "pacto": "TU COMUNA RADICAL"}, "CECILIA DEL PILAR LOPEZ CONTRERAS": {"votos": 138, "pct": 0.0371, "partido": "PARTIDO SOCIALISTA DE CHILE", "pacto": "CHILE MUCHO MEJOR", "subpacto": "PS E INDEPENDIENTES", "elected": true}, "CESAR DEMETRIO AMESTICA ALARCON": {"votos": 71, "pct": 0.0191, "partido": "FRENTE AMPLIO", "pacto": "POR CHILE, SEGUIMOS", "subpacto": "FRENTE AMPLIO E INDEPENDIENTES"}, "CESAR MONSALVE ORTEGA": {"votos": 35, "pct": 0.0094, "partido": "UNION DEMOCRATA INDEPENDIENTE", "pacto": "CHILE VAMOS UDI-EVOPOLI E INDEPENDIENTES", "subpacto": "UDI - INDEPENDIENTES"}, "CLAUDIO CHRISTIAN SEPULVEDA ORMAZABAL": {"votos": 54, "pct": 0.0145, "partido": "FRENTE AMPLIO", "pacto": "POR CHILE, SEGUIMOS", "subpacto": "FRENTE AMPLIO E INDEPENDIENTES"}, "CRISTIAN ANTONIO FLORES MENA": {"votos": 37, "pct": 0.01, "partido": "RENOVACION NACIONAL", "pacto": "CHILE VAMOS RENOVACIÓN NACIONAL - INDEPENDIENTES"}, "DAYANA ARELLANO SALINAS": {"votos": 44, "pct": 0.0118, "partido": "INDEPENDIENTES", "pacto": "CHILE MUCHO MEJOR", "subpacto": "PPD E INDEPENDIENTES"}, "DIEGO ANDRES MARTINEZ OTAROLA": {"votos": 89, "pct": 0.024, "partido": "RENOVACION NACIONAL", "pacto": "CHILE VAMOS RENOVACIÓN NACIONAL - INDEPENDIENTES", "elected": true}, "DIEGO DELGADO DOMINGUEZ": {"votos": 40, "pct": 0.0108, "partido": "INDEPENDIENTES", "pacto": "CHILE VAMOS UDI-EVOPOLI E INDEPENDIENTES", "subpacto": "UDI - INDEPENDIENTES"}, "DIEGO IGNACIO FUENTES LIRA": {"votos": 121, "pct": 0.0326, "partido": "INDEPENDIENTES", "pacto": "TU COMUNA RADICAL", "elected": true}, "ERICA PATRICIA ROJAS SALINAS": {"votos": 33, "pct": 0.0089, "partido": "INDEPENDIENTES", "pacto": "TU COMUNA RADICAL"}, "FELIPE ALBERTO DELGADO ANDRADES": {"votos": 15, "pct": 0.004, "partido": "UNION DEMOCRATA INDEPENDIENTE", "pacto": "CHILE VAMOS UDI-EVOPOLI E INDEPENDIENTES", "subpacto": "UDI - INDEPENDIENTES"}, "FLORENCIO ENRIQUE KUNTZ SANHUEZA": {"votos": 189, "pct": 0.0509, "partido": "PARTIDO REPUBLICANO DE CHILE", "pacto": "REPUBLICANOS E INDEPENDIENTES", "elected": true}, "FRANCISCO JAVIER CATALDO SANTANDER": {"votos": 28, "pct": 0.0075, "partido": "INDEPENDIENTES", "pacto": "VERDES LIBERALES POR UNA COMUNA SEGURA", "subpacto": "PARTIDO FEDERACIÓN REGIONALISTA VERDE SOCIAL E INDEPENDIENTES"}, "FRANCO JAVIER LOPEZ ESPARZA": {"votos": 35, "pct": 0.0094, "partido": "INDEPENDIENTES", "pacto": "VERDES LIBERALES POR UNA COMUNA SEGURA", "subpacto": "PARTIDO LIBERAL DE CHILE E INDEPENDIENTES"}, "GABRIEL HERNAN LOPEZ URRA": {"votos": 20, "pct": 0.0054, "partido": "INDEPENDIENTES", "pacto": "CHILE VAMOS RENOVACIÓN NACIONAL - INDEPENDIENTES"}, "GIOVANNI ANDRES ROJAS DAVILA": {"votos": 75, "pct": 0.0202, "partido": "FRENTE AMPLIO", "pacto": "POR CHILE, SEGUIMOS", "subpacto": "FRENTE AMPLIO E INDEPENDIENTES"}, "ISABEL DEL CARMEN ESPINOZA GONZALEZ": {"votos": 47, "pct": 0.0126, "partido": "FEDERACION REGIONALISTA VERDE SOCIAL", "pacto": "VERDES LIBERALES POR UNA COMUNA SEGURA", "subpacto": "PARTIDO FEDERACIÓN REGIONALISTA VERDE SOCIAL E INDEPENDIENTES"}, "ISHKRA WLADIMIR CALDERON SOTO": {"votos": 119, "pct": 0.032, "partido": "PARTIDO COMUNISTA DE CHILE", "pacto": "POR CHILE, SEGUIMOS", "subpacto": "PARTIDO COMUNISTA DE CHILE E INDEPENDIENTES"}, "ISMAEL ANTONIO ARAYA ARAYA": {"votos": 315, "pct": 0.0848, "partido": "INDEPENDIENTES", "pacto": "TU COMUNA RADICAL", "elected": true}, "JAIME ANDRES MARTINEZ MORAGA": {"votos": 45, "pct": 0.0121, "partido": "INDEPENDIENTES", "pacto": "CENTRO DEMOCRATICO", "subpacto": "DEMOCRATAS E INDEPENDIENTES"}, "JESUS TORREJON SEGOVIA": {"votos": 99, "pct": 0.0266, "partido": "PARTIDO DEMOCRATA CRISTIANO", "pacto": "CHILE MUCHO MEJOR", "subpacto": "PDC E INDEPENDIENTES"}, "JORGE NUÑEZ ESPINOZA": {"votos": 11, "pct": 0.003, "partido": "PARTIDO DEMOCRATAS CHILE", "pacto": "CENTRO DEMOCRATICO", "subpacto": "DEMOCRATAS E INDEPENDIENTES"}, "JOSE DOMINGO GALAZ BELTRAN": {"votos": 13, "pct": 0.0035, "partido": "PARTIDO SOCIALISTA DE CHILE", "pacto": "CHILE MUCHO MEJOR", "subpacto": "PS E INDEPENDIENTES"}, "JUAN CARLOS GODOY MARICIC": {"votos": 136, "pct": 0.0366, "partido": "PARTIDO REPUBLICANO DE CHILE", "pacto": "REPUBLICANOS E INDEPENDIENTES"}, "JUAN PABLO ARAYA IBARRA": {"votos": 54, "pct": 0.0145, "partido": "INDEPENDIENTES", "pacto": "TU COMUNA RADICAL"}, "KAREN ANDREA SERRANO CONCHA": {"votos": 19, "pct": 0.0051, "partido": "PARTIDO DEMOCRATAS CHILE", "pacto": "CENTRO DEMOCRATICO", "subpacto": "DEMOCRATAS E INDEPENDIENTES"}, "LESLIE ELIZABETH ALARCON VELASQUEZ": {"votos": 20, "pct": 0.0054, "partido": "INDEPENDIENTES", "pacto": "CHILE MUCHO MEJOR", "subpacto": "PPD E INDEPENDIENTES"}, "MAURICIO ALFONSO LOPEZ MUÑIZ": {"votos": 19, "pct": 0.0051, "partido": "INDEPENDIENTES", "pacto": "CHILE MUCHO MEJOR", "subpacto": "PPD E INDEPENDIENTES"}, "MAURICIO CESAR RAMIREZ LEVIN": {"votos": 17, "pct": 0.0046, "partido": "PARTIDO DEMOCRATA CRISTIANO", "pacto": "CHILE MUCHO MEJOR", "subpacto": "PDC E INDEPENDIENTES"}, "MIGUEL ANTONIO CERDA ORTIZ": {"votos": 5, "pct": 0.0013, "partido": "INDEPENDIENTES", "pacto": "CHILE VAMOS RENOVACIÓN NACIONAL - INDEPENDIENTES"}, "NICOLAS MARTIN DUEK MORGAN": {"votos": 13, "pct": 0.0035, "partido": "UNION DEMOCRATA INDEPENDIENTE", "pacto": "CHILE VAMOS UDI-EVOPOLI E INDEPENDIENTES", "subpacto": "UDI - INDEPENDIENTES"}, "NORA CONTRERAS CANALES": {"votos": 221, "pct": 0.0595, "partido": "UNION DEMOCRATA INDEPENDIENTE", "pacto": "CHILE VAMOS UDI-EVOPOLI E INDEPENDIENTES", "subpacto": "UDI - INDEPENDIENTES", "elected": true}, "PATRICIO IGNACIO ILUFI BORQUEZ": {"votos": 17, "pct": 0.0046, "partido": "INDEPENDIENTES", "pacto": "CENTRO DEMOCRATICO", "subpacto": "DEMOCRATAS E INDEPENDIENTES"}, "PAULINA SILVANA LIZAMA YAÑEZ": {"votos": 40, "pct": 0.0108, "partido": "INDEPENDIENTES", "pacto": "CHILE VAMOS RENOVACIÓN NACIONAL - INDEPENDIENTES"}, "RITA ANDREA CUEVAS VALDES": {"votos": 39, "pct": 0.0105, "partido": "INDEPENDIENTES", "pacto": "TU COMUNA RADICAL"}, "SANDRA CACERES RIOS": {"votos": 44, "pct": 0.0118, "partido": "UNION DEMOCRATA INDEPENDIENTE", "pacto": "CHILE VAMOS UDI-EVOPOLI E INDEPENDIENTES", "subpacto": "UDI - INDEPENDIENTES"}, "VICTOR ALEJANDRO VERA CASTILLO": {"votos": 18, "pct": 0.0048, "partido": "PARTIDO DEMOCRATAS CHILE", "pacto": "CENTRO DEMOCRATICO", "subpacto": "DEMOCRATAS E INDEPENDIENTES"}, "YAMILETTE CAROLINA GARATE SOTO": {"votos": 94, "pct": 0.0253, "partido": "PARTIDO COMUNISTA DE CHILE", "pacto": "POR CHILE, SEGUIMOS", "subpacto": "PARTIDO COMUNISTA DE CHILE E INDEPENDIENTES", "elected": true}, "__blancos__": {"votos": 300, "pct": 0.0807, "partido": "otros", "pacto": "otros"}, "__nulos__": {"votos": 521, "pct": 0.1402, "partido": "otros", "pacto": "otros"}}, "muni24": {"CAMILA INES AVILES": {"votos": 710, "pct": 0.1917, "partido": "PARTIDO DEMOCRATAS CHILE", "pacto": "PARTIDO DEMOCRATAS CHILE"}, "CLAUDIO NICOLAS CASTRO": {"votos": 2488, "pct": 0.6719, "partido": "INDEPENDIENTES", "pacto": "INDEPENDIENTES"}, "PAUL FREDDY HERRERA": {"votos": 155, "pct": 0.0419, "partido": "PARTIDO DE LA GENTE", "pacto": "PARTIDO DE LA GENTE"}, "__blancos__": {"votos": 103, "pct": 0.0278, "partido": "otros", "pacto": "otros"}, "__nulos__": {"votos": 247, "pct": 0.0667, "partido": "otros", "pacto": "otros"}}, "parla25": {"100 MARGARITA GARRIDO ACEVEDO": {"votos": 83, "pct": 0.0199, "partido": "PNL", "pacto": "K - CAMBIO POR CHILE"}, "101 VALESKA OYARCE PEÑA": {"votos": 14, "pct": 0.0034, "partido": "PSC", "pacto": "K - CAMBIO POR CHILE"}, "102 ALBERTO SEGUEL MENA": {"votos": 21, "pct": 0.005, "partido": "PSC", "pacto": "K - CAMBIO POR CHILE"}, "103 CAROLINA GARATE VERGARA": {"votos": 52, "pct": 0.0125, "partido": "PSC", "pacto": "K - CAMBIO POR CHILE"}, "51 ALEJANDRA PEREZ ESPINA": {"votos": 30, "pct": 0.0072, "partido": "AH", "pacto": "B - VERDES, REGIONALISTAS Y HUMANISTAS"}, "52 ARIEL MATELUNA MATELUNA": {"votos": 28, "pct": 0.0067, "partido": "IND-AH", "pacto": "B - VERDES, REGIONALISTAS Y HUMANISTAS"}, "53 WALESKA UBIERNA NAVARRO": {"votos": 9, "pct": 0.0022, "partido": "AH", "pacto": "B - VERDES, REGIONALISTAS Y HUMANISTAS"}, "54 JOSE LUIS VILLAGRAN BARAHONA": {"votos": 14, "pct": 0.0034, "partido": "IND-AH", "pacto": "B - VERDES, REGIONALISTAS Y HUMANISTAS"}, "55 PAOLA CADIZ NUÑEZ": {"votos": 19, "pct": 0.0045, "partido": "FREVS", "pacto": "B - VERDES, REGIONALISTAS Y HUMANISTAS"}, "56 EVELYN FARIAS AILIO": {"votos": 10, "pct": 0.0024, "partido": "IND-FREVS", "pacto": "B - VERDES, REGIONALISTAS Y HUMANISTAS"}, "57 JOSE SEPULVEDA ZELADA": {"votos": 25, "pct": 0.006, "partido": "IND-FREVS", "pacto": "B - VERDES, REGIONALISTAS Y HUMANISTAS"}, "58 ANDRES GIORDANO SALAZAR": {"votos": 101, "pct": 0.0242, "partido": "FA", "pacto": "C - UNIDAD POR CHILE"}, "59 LEONARDO JOFRE RIOS": {"votos": 149, "pct": 0.0357, "partido": "FA", "pacto": "C - UNIDAD POR CHILE"}, "60 BORIS BARRERA MORENO": {"votos": 272, "pct": 0.0651, "partido": "PCCH", "pacto": "C - UNIDAD POR CHILE"}, "61 CAROLA RIVERO CANALES": {"votos": 159, "pct": 0.0381, "partido": "PS", "pacto": "C - UNIDAD POR CHILE"}, "62 CESAR VALENZUELA MAASS": {"votos": 272, "pct": 0.0651, "partido": "PS", "pacto": "C - UNIDAD POR CHILE"}, "63 SANDRA GONZALEZ ZAMORANO": {"votos": 32, "pct": 0.0077, "partido": "IND-PPD", "pacto": "C - UNIDAD POR CHILE"}, "64 CARLOS CUADRADO PRATS": {"votos": 103, "pct": 0.0247, "partido": "PPD", "pacto": "C - UNIDAD POR CHILE"}, "65 AMELIA DEL CARMEN GALLEGOS RAMIREZ": {"votos": 56, "pct": 0.0134, "partido": "PH", "pacto": "D - IZQUIERDA ECOLOGISTA POPULAR ANIMALISTA Y HUMANISTA"}, "66 VIVIANA MONTECINOS SUAZO": {"votos": 51, "pct": 0.0122, "partido": "IND-PH", "pacto": "D - IZQUIERDA ECOLOGISTA POPULAR ANIMALISTA Y HUMANISTA"}, "67 ADRIAN ANTONIO LIZAMA BARRA": {"votos": 21, "pct": 0.005, "partido": "IND-PH", "pacto": "D - IZQUIERDA ECOLOGISTA POPULAR ANIMALISTA Y HUMANISTA"}, "68 JUAN ANDRES PINO MADRID": {"votos": 18, "pct": 0.0043, "partido": "IND-PH", "pacto": "D - IZQUIERDA ECOLOGISTA POPULAR ANIMALISTA Y HUMANISTA"}, "69 SERGIO ENRIQUE FLORES RAMIREZ": {"votos": 22, "pct": 0.0053, "partido": "IND-PH", "pacto": "D - IZQUIERDA ECOLOGISTA POPULAR ANIMALISTA Y HUMANISTA"}, "70 ESTER BARRIENTOS VARGAS": {"votos": 13, "pct": 0.0031, "partido": "IND-PH", "pacto": "D - IZQUIERDA ECOLOGISTA POPULAR ANIMALISTA Y HUMANISTA"}, "71 LUIS ALBERTO DONOSO URIBE": {"votos": 12, "pct": 0.0029, "partido": "IND-PH", "pacto": "D - IZQUIERDA ECOLOGISTA POPULAR ANIMALISTA Y HUMANISTA"}, "72 MANUEL ENRIQUE MUÑOZ PALACIOS": {"votos": 15, "pct": 0.0036, "partido": "PAVP", "pacto": "G - PARTIDO ALIANZA VERDE POPULAR"}, "73 XUXA ALVAREZ FERNANDEZ": {"votos": 18, "pct": 0.0043, "partido": "PAVP", "pacto": "G - PARTIDO ALIANZA VERDE POPULAR"}, "74 JOSE GUILLERMO ROJAS INOSTROZA": {"votos": 10, "pct": 0.0024, "partido": "PAVP", "pacto": "G - PARTIDO ALIANZA VERDE POPULAR"}, "75 ISABEL PALMA PALMA": {"votos": 11, "pct": 0.0026, "partido": "PAVP", "pacto": "G - PARTIDO ALIANZA VERDE POPULAR"}, "76 MARIA ELENA VALENZUELA PINO": {"votos": 7, "pct": 0.0017, "partido": "PAVP", "pacto": "G - PARTIDO ALIANZA VERDE POPULAR"}, "77 LORENZO LEPIN ARANEDA": {"votos": 8, "pct": 0.0019, "partido": "PAVP", "pacto": "G - PARTIDO ALIANZA VERDE POPULAR"}, "78 DANIEL EDUARDO CANTO GONZALEZ": {"votos": 2, "pct": 0.0005, "partido": "PAVP", "pacto": "G - PARTIDO ALIANZA VERDE POPULAR"}, "79 ROBERTO LOBOS VILLASECA": {"votos": 5, "pct": 0.0012, "partido": "PAVP", "pacto": "G - PARTIDO ALIANZA VERDE POPULAR"}, "80 TAMARA ALEJANDRA RAMIREZ RAMIREZ": {"votos": 149, "pct": 0.0357, "partido": "PDG", "pacto": "I - PARTIDO DE LA GENTE"}, "81 ANDRES RIGOBERTO CACERES BRAVO": {"votos": 43, "pct": 0.0103, "partido": "PDG", "pacto": "I - PARTIDO DE LA GENTE"}, "82 PAMELA DEL TRANSITO AMARO ARAYA": {"votos": 56, "pct": 0.0134, "partido": "PDG", "pacto": "I - PARTIDO DE LA GENTE"}, "83 FRANCISCO JAVIER LIZANA DONOSO": {"votos": 67, "pct": 0.016, "partido": "PDG", "pacto": "I - PARTIDO DE LA GENTE"}, "84 CESAR ABRAHAM SUAY JEREZ": {"votos": 30, "pct": 0.0072, "partido": "PDG", "pacto": "I - PARTIDO DE LA GENTE"}, "85 MARIA SOLEDAD LIEMPAN APELEO": {"votos": 41, "pct": 0.0098, "partido": "PDG", "pacto": "I - PARTIDO DE LA GENTE"}, "86 CRESCENCIO ALBERTO LOPEZ PEREZ": {"votos": 14, "pct": 0.0034, "partido": "PDG", "pacto": "I - PARTIDO DE LA GENTE"}, "87 CHRISTOPHER ELIAS YAÑEZ LEAL": {"votos": 20, "pct": 0.0048, "partido": "PDG", "pacto": "I - PARTIDO DE LA GENTE"}, "88 GUILLERMO RAMIREZ DIEZ": {"votos": 69, "pct": 0.0165, "partido": "UDI", "pacto": "J - CHILE GRANDE Y UNIDO"}, "89 JOSE MIGUEL GONZALEZ ZAPATA": {"votos": 45, "pct": 0.0108, "partido": "UDI", "pacto": "J - CHILE GRANDE Y UNIDO"}, "90 ERIKA OLIVERA DE LA FUENTE": {"votos": 57, "pct": 0.0136, "partido": "DEMOCRATAS", "pacto": "J - CHILE GRANDE Y UNIDO"}, "91 VERONICA MONTECINOS ORTIZ": {"votos": 20, "pct": 0.0048, "partido": "DEMOCRATAS", "pacto": "J - CHILE GRANDE Y UNIDO"}, "92 ALDO DUQUE SANTOS": {"votos": 31, "pct": 0.0074, "partido": "IND-RN", "pacto": "J - CHILE GRANDE Y UNIDO"}, "93 MARIA ELENA BARCO SANCHEZ": {"votos": 20, "pct": 0.0048, "partido": "RN", "pacto": "J - CHILE GRANDE Y UNIDO"}, "94 FELIPE VIDAL CUEVAS": {"votos": 90, "pct": 0.0216, "partido": "IND-EVOPOLI", "pacto": "J - CHILE GRANDE Y UNIDO"}, "95 JUAN MANUEL SANTA CRUZ CAMPAÑA": {"votos": 37, "pct": 0.0089, "partido": "EVOPOLI", "pacto": "J - CHILE GRANDE Y UNIDO"}, "96 JOSE CARLOS MEZA PEREIRA": {"votos": 219, "pct": 0.0524, "partido": "REPUBLICAN", "pacto": "K - CAMBIO POR CHILE"}, "97 MACARENA GARCIA-HUIDOBRO LLORT": {"votos": 117, "pct": 0.028, "partido": "REPUBLICAN", "pacto": "K - CAMBIO POR CHILE"}, "98 JAVIERA RODRIGUEZ PASCUAL": {"votos": 191, "pct": 0.0457, "partido": "REPUBLICAN", "pacto": "K - CAMBIO POR CHILE"}, "99 MAXIMILIANO MURATH MANSILLA": {"votos": 136, "pct": 0.0326, "partido": "PNL", "pacto": "K - CAMBIO POR CHILE"}, "__blancos__": {"votos": 317, "pct": 0.0759, "partido": "otros", "pacto": "No aplica"}, "__nulos__": {"votos": 745, "pct": 0.1784, "partido": "otros", "pacto": "No aplica"}}, "pres1v25": {"1 FRANCO PARISI FERNANDEZ": {"votos": 714, "pct": 0.1703, "partido": "presidencial", "pacto": "presidencial"}, "2 JEANNETTE JARA ROMAN": {"votos": 1449, "pct": 0.3456, "partido": "presidencial", "pacto": "presidencial"}, "3 MARCO ANTONIO ENRIQUEZ-OMINAMI GUMUCIO": {"votos": 57, "pct": 0.0136, "partido": "presidencial", "pacto": "presidencial"}, "4 JOHANNES KAISER BARENTS-VON HOHENHAGEN": {"votos": 577, "pct": 0.1376, "partido": "presidencial", "pacto": "presidencial"}, "5 JOSE ANTONIO KAST RIST": {"votos": 721, "pct": 0.172, "partido": "presidencial", "pacto": "presidencial"}, "6 EDUARDO ANTONIO ARTES BRICHETTI": {"votos": 28, "pct": 0.0067, "partido": "presidencial", "pacto": "presidencial"}, "7 EVELYN MATTHEI FORNET": {"votos": 448, "pct": 0.1068, "partido": "presidencial", "pacto": "presidencial"}, "8 HAROLD MAYNE-NICHOLLS SECUL": {"votos": 54, "pct": 0.0129, "partido": "presidencial", "pacto": "presidencial"}, "__blancos__": {"votos": 29, "pct": 0.0069, "partido": "presidencial", "pacto": "presidencial"}, "__nulos__": {"votos": 116, "pct": 0.0277, "partido": "presidencial", "pacto": "presidencial"}}, "pres2v25": {"2 JEANNETTE JARA ROMAN": {"votos": 2059, "pct": 0.4934, "partido": "presidencial", "pacto": "presidencial"}, "5 JOSE ANTONIO KAST RIST": {"votos": 1866, "pct": 0.4472, "partido": "presidencial", "pacto": "presidencial"}, "__blancos__": {"votos": 39, "pct": 0.0093, "partido": "presidencial", "pacto": "presidencial"}, "__nulos__": {"votos": 209, "pct": 0.0501, "partido": "presidencial", "pacto": "presidencial"}}}}, "geometry": {"type": "Point", "coordinates": [-70.6953603, -33.408119]}}, {"type": "Feature", "properties": {"local": "COLEGIO SAN JOSE DE RENCA", "elections": {"conc24": {"AGHATA SANTANA CARRASCO": {"votos": 86, "pct": 0.0116, "partido": "PARTIDO DEMOCRATAS CHILE", "pacto": "CENTRO DEMOCRATICO", "subpacto": "DEMOCRATAS E INDEPENDIENTES"}, "ANGELINA DEL CARMEN ACEVEDO TAPIA": {"votos": 63, "pct": 0.0085, "partido": "INDEPENDIENTES", "pacto": "TU COMUNA RADICAL"}, "BENJAMIN ESTEBAN LEAL HERNANDEZ": {"votos": 172, "pct": 0.0232, "partido": "PARTIDO SOCIAL CRISTIANO", "pacto": "PARTIDO SOCIAL CRISTIANO E INDEPENDIENTES"}, "BIANCA BALCAZAR AREVALO": {"votos": 59, "pct": 0.008, "partido": "INDEPENDIENTES", "pacto": "CHILE VAMOS RENOVACIÓN NACIONAL - INDEPENDIENTES"}, "CARLOS COLLAO VEGA": {"votos": 70, "pct": 0.0094, "partido": "PARTIDO DEMOCRATAS CHILE", "pacto": "CENTRO DEMOCRATICO", "subpacto": "DEMOCRATAS E INDEPENDIENTES"}, "CAROLINA ANDREA COÑOPAN ARAYA": {"votos": 383, "pct": 0.0517, "partido": "INDEPENDIENTES", "pacto": "POR CHILE, SEGUIMOS", "subpacto": "FRENTE AMPLIO E INDEPENDIENTES", "elected": true}, "CATHERINE ARAYA TORREJON": {"votos": 59, "pct": 0.008, "partido": "PARTIDO SOCIALISTA DE CHILE", "pacto": "CHILE MUCHO MEJOR", "subpacto": "PS E INDEPENDIENTES"}, "CECILIA DEL CARMEN GACITUA GACITUA": {"votos": 101, "pct": 0.0136, "partido": "INDEPENDIENTES", "pacto": "TU COMUNA RADICAL"}, "CECILIA DEL PILAR LOPEZ CONTRERAS": {"votos": 206, "pct": 0.0278, "partido": "PARTIDO SOCIALISTA DE CHILE", "pacto": "CHILE MUCHO MEJOR", "subpacto": "PS E INDEPENDIENTES", "elected": true}, "CESAR DEMETRIO AMESTICA ALARCON": {"votos": 182, "pct": 0.0246, "partido": "FRENTE AMPLIO", "pacto": "POR CHILE, SEGUIMOS", "subpacto": "FRENTE AMPLIO E INDEPENDIENTES"}, "CESAR MONSALVE ORTEGA": {"votos": 66, "pct": 0.0089, "partido": "UNION DEMOCRATA INDEPENDIENTE", "pacto": "CHILE VAMOS UDI-EVOPOLI E INDEPENDIENTES", "subpacto": "UDI - INDEPENDIENTES"}, "CLAUDIO CHRISTIAN SEPULVEDA ORMAZABAL": {"votos": 175, "pct": 0.0236, "partido": "FRENTE AMPLIO", "pacto": "POR CHILE, SEGUIMOS", "subpacto": "FRENTE AMPLIO E INDEPENDIENTES"}, "CRISTIAN ANTONIO FLORES MENA": {"votos": 51, "pct": 0.0069, "partido": "RENOVACION NACIONAL", "pacto": "CHILE VAMOS RENOVACIÓN NACIONAL - INDEPENDIENTES"}, "DAYANA ARELLANO SALINAS": {"votos": 94, "pct": 0.0127, "partido": "INDEPENDIENTES", "pacto": "CHILE MUCHO MEJOR", "subpacto": "PPD E INDEPENDIENTES"}, "DIEGO ANDRES MARTINEZ OTAROLA": {"votos": 123, "pct": 0.0166, "partido": "RENOVACION NACIONAL", "pacto": "CHILE VAMOS RENOVACIÓN NACIONAL - INDEPENDIENTES", "elected": true}, "DIEGO DELGADO DOMINGUEZ": {"votos": 63, "pct": 0.0085, "partido": "INDEPENDIENTES", "pacto": "CHILE VAMOS UDI-EVOPOLI E INDEPENDIENTES", "subpacto": "UDI - INDEPENDIENTES"}, "DIEGO IGNACIO FUENTES LIRA": {"votos": 298, "pct": 0.0402, "partido": "INDEPENDIENTES", "pacto": "TU COMUNA RADICAL", "elected": true}, "ERICA PATRICIA ROJAS SALINAS": {"votos": 72, "pct": 0.0097, "partido": "INDEPENDIENTES", "pacto": "TU COMUNA RADICAL"}, "FELIPE ALBERTO DELGADO ANDRADES": {"votos": 15, "pct": 0.002, "partido": "UNION DEMOCRATA INDEPENDIENTE", "pacto": "CHILE VAMOS UDI-EVOPOLI E INDEPENDIENTES", "subpacto": "UDI - INDEPENDIENTES"}, "FLORENCIO ENRIQUE KUNTZ SANHUEZA": {"votos": 289, "pct": 0.039, "partido": "PARTIDO REPUBLICANO DE CHILE", "pacto": "REPUBLICANOS E INDEPENDIENTES", "elected": true}, "FRANCISCO JAVIER CATALDO SANTANDER": {"votos": 116, "pct": 0.0157, "partido": "INDEPENDIENTES", "pacto": "VERDES LIBERALES POR UNA COMUNA SEGURA", "subpacto": "PARTIDO FEDERACIÓN REGIONALISTA VERDE SOCIAL E INDEPENDIENTES"}, "FRANCO JAVIER LOPEZ ESPARZA": {"votos": 64, "pct": 0.0086, "partido": "INDEPENDIENTES", "pacto": "VERDES LIBERALES POR UNA COMUNA SEGURA", "subpacto": "PARTIDO LIBERAL DE CHILE E INDEPENDIENTES"}, "GABRIEL HERNAN LOPEZ URRA": {"votos": 43, "pct": 0.0058, "partido": "INDEPENDIENTES", "pacto": "CHILE VAMOS RENOVACIÓN NACIONAL - INDEPENDIENTES"}, "GIOVANNI ANDRES ROJAS DAVILA": {"votos": 149, "pct": 0.0201, "partido": "FRENTE AMPLIO", "pacto": "POR CHILE, SEGUIMOS", "subpacto": "FRENTE AMPLIO E INDEPENDIENTES"}, "ISABEL DEL CARMEN ESPINOZA GONZALEZ": {"votos": 100, "pct": 0.0135, "partido": "FEDERACION REGIONALISTA VERDE SOCIAL", "pacto": "VERDES LIBERALES POR UNA COMUNA SEGURA", "subpacto": "PARTIDO FEDERACIÓN REGIONALISTA VERDE SOCIAL E INDEPENDIENTES"}, "ISHKRA WLADIMIR CALDERON SOTO": {"votos": 161, "pct": 0.0217, "partido": "PARTIDO COMUNISTA DE CHILE", "pacto": "POR CHILE, SEGUIMOS", "subpacto": "PARTIDO COMUNISTA DE CHILE E INDEPENDIENTES"}, "ISMAEL ANTONIO ARAYA ARAYA": {"votos": 192, "pct": 0.0259, "partido": "INDEPENDIENTES", "pacto": "TU COMUNA RADICAL", "elected": true}, "JAIME ANDRES MARTINEZ MORAGA": {"votos": 35, "pct": 0.0047, "partido": "INDEPENDIENTES", "pacto": "CENTRO DEMOCRATICO", "subpacto": "DEMOCRATAS E INDEPENDIENTES"}, "JESUS TORREJON SEGOVIA": {"votos": 61, "pct": 0.0082, "partido": "PARTIDO DEMOCRATA CRISTIANO", "pacto": "CHILE MUCHO MEJOR", "subpacto": "PDC E INDEPENDIENTES"}, "JORGE NUÑEZ ESPINOZA": {"votos": 18, "pct": 0.0024, "partido": "PARTIDO DEMOCRATAS CHILE", "pacto": "CENTRO DEMOCRATICO", "subpacto": "DEMOCRATAS E INDEPENDIENTES"}, "JOSE DOMINGO GALAZ BELTRAN": {"votos": 76, "pct": 0.0103, "partido": "PARTIDO SOCIALISTA DE CHILE", "pacto": "CHILE MUCHO MEJOR", "subpacto": "PS E INDEPENDIENTES"}, "JUAN CARLOS GODOY MARICIC": {"votos": 218, "pct": 0.0294, "partido": "PARTIDO REPUBLICANO DE CHILE", "pacto": "REPUBLICANOS E INDEPENDIENTES"}, "JUAN PABLO ARAYA IBARRA": {"votos": 120, "pct": 0.0162, "partido": "INDEPENDIENTES", "pacto": "TU COMUNA RADICAL"}, "KAREN ANDREA SERRANO CONCHA": {"votos": 56, "pct": 0.0076, "partido": "PARTIDO DEMOCRATAS CHILE", "pacto": "CENTRO DEMOCRATICO", "subpacto": "DEMOCRATAS E INDEPENDIENTES"}, "LESLIE ELIZABETH ALARCON VELASQUEZ": {"votos": 104, "pct": 0.014, "partido": "INDEPENDIENTES", "pacto": "CHILE MUCHO MEJOR", "subpacto": "PPD E INDEPENDIENTES"}, "MAURICIO ALFONSO LOPEZ MUÑIZ": {"votos": 37, "pct": 0.005, "partido": "INDEPENDIENTES", "pacto": "CHILE MUCHO MEJOR", "subpacto": "PPD E INDEPENDIENTES"}, "MAURICIO CESAR RAMIREZ LEVIN": {"votos": 21, "pct": 0.0028, "partido": "PARTIDO DEMOCRATA CRISTIANO", "pacto": "CHILE MUCHO MEJOR", "subpacto": "PDC E INDEPENDIENTES"}, "MIGUEL ANTONIO CERDA ORTIZ": {"votos": 19, "pct": 0.0026, "partido": "INDEPENDIENTES", "pacto": "CHILE VAMOS RENOVACIÓN NACIONAL - INDEPENDIENTES"}, "NICOLAS MARTIN DUEK MORGAN": {"votos": 24, "pct": 0.0032, "partido": "UNION DEMOCRATA INDEPENDIENTE", "pacto": "CHILE VAMOS UDI-EVOPOLI E INDEPENDIENTES", "subpacto": "UDI - INDEPENDIENTES"}, "NORA CONTRERAS CANALES": {"votos": 560, "pct": 0.0756, "partido": "UNION DEMOCRATA INDEPENDIENTE", "pacto": "CHILE VAMOS UDI-EVOPOLI E INDEPENDIENTES", "subpacto": "UDI - INDEPENDIENTES", "elected": true}, "PATRICIO IGNACIO ILUFI BORQUEZ": {"votos": 21, "pct": 0.0028, "partido": "INDEPENDIENTES", "pacto": "CENTRO DEMOCRATICO", "subpacto": "DEMOCRATAS E INDEPENDIENTES"}, "PAULINA SILVANA LIZAMA YAÑEZ": {"votos": 75, "pct": 0.0101, "partido": "INDEPENDIENTES", "pacto": "CHILE VAMOS RENOVACIÓN NACIONAL - INDEPENDIENTES"}, "RITA ANDREA CUEVAS VALDES": {"votos": 153, "pct": 0.0206, "partido": "INDEPENDIENTES", "pacto": "TU COMUNA RADICAL"}, "SANDRA CACERES RIOS": {"votos": 37, "pct": 0.005, "partido": "UNION DEMOCRATA INDEPENDIENTE", "pacto": "CHILE VAMOS UDI-EVOPOLI E INDEPENDIENTES", "subpacto": "UDI - INDEPENDIENTES"}, "VICTOR ALEJANDRO VERA CASTILLO": {"votos": 57, "pct": 0.0077, "partido": "PARTIDO DEMOCRATAS CHILE", "pacto": "CENTRO DEMOCRATICO", "subpacto": "DEMOCRATAS E INDEPENDIENTES"}, "YAMILETTE CAROLINA GARATE SOTO": {"votos": 328, "pct": 0.0443, "partido": "PARTIDO COMUNISTA DE CHILE", "pacto": "POR CHILE, SEGUIMOS", "subpacto": "PARTIDO COMUNISTA DE CHILE E INDEPENDIENTES", "elected": true}, "__blancos__": {"votos": 640, "pct": 0.0864, "partido": "otros", "pacto": "otros"}, "__nulos__": {"votos": 1298, "pct": 0.1752, "partido": "otros", "pacto": "otros"}}, "muni24": {"CAMILA INES AVILES": {"votos": 1197, "pct": 0.1621, "partido": "PARTIDO DEMOCRATAS CHILE", "pacto": "PARTIDO DEMOCRATAS CHILE"}, "CLAUDIO NICOLAS CASTRO": {"votos": 5162, "pct": 0.6989, "partido": "INDEPENDIENTES", "pacto": "INDEPENDIENTES"}, "PAUL FREDDY HERRERA": {"votos": 360, "pct": 0.0487, "partido": "PARTIDO DE LA GENTE", "pacto": "PARTIDO DE LA GENTE"}, "__blancos__": {"votos": 235, "pct": 0.0318, "partido": "otros", "pacto": "otros"}, "__nulos__": {"votos": 432, "pct": 0.0585, "partido": "otros", "pacto": "otros"}}, "parla25": {"100 MARGARITA GARRIDO ACEVEDO": {"votos": 120, "pct": 0.0162, "partido": "PNL", "pacto": "K - CAMBIO POR CHILE"}, "101 VALESKA OYARCE PEÑA": {"votos": 28, "pct": 0.0038, "partido": "PSC", "pacto": "K - CAMBIO POR CHILE"}, "102 ALBERTO SEGUEL MENA": {"votos": 33, "pct": 0.0045, "partido": "PSC", "pacto": "K - CAMBIO POR CHILE"}, "103 CAROLINA GARATE VERGARA": {"votos": 97, "pct": 0.0131, "partido": "PSC", "pacto": "K - CAMBIO POR CHILE"}, "51 ALEJANDRA PEREZ ESPINA": {"votos": 58, "pct": 0.0078, "partido": "AH", "pacto": "B - VERDES, REGIONALISTAS Y HUMANISTAS"}, "52 ARIEL MATELUNA MATELUNA": {"votos": 93, "pct": 0.0126, "partido": "IND-AH", "pacto": "B - VERDES, REGIONALISTAS Y HUMANISTAS"}, "53 WALESKA UBIERNA NAVARRO": {"votos": 23, "pct": 0.0031, "partido": "AH", "pacto": "B - VERDES, REGIONALISTAS Y HUMANISTAS"}, "54 JOSE LUIS VILLAGRAN BARAHONA": {"votos": 29, "pct": 0.0039, "partido": "IND-AH", "pacto": "B - VERDES, REGIONALISTAS Y HUMANISTAS"}, "55 PAOLA CADIZ NUÑEZ": {"votos": 16, "pct": 0.0022, "partido": "FREVS", "pacto": "B - VERDES, REGIONALISTAS Y HUMANISTAS"}, "56 EVELYN FARIAS AILIO": {"votos": 23, "pct": 0.0031, "partido": "IND-FREVS", "pacto": "B - VERDES, REGIONALISTAS Y HUMANISTAS"}, "57 JOSE SEPULVEDA ZELADA": {"votos": 22, "pct": 0.003, "partido": "IND-FREVS", "pacto": "B - VERDES, REGIONALISTAS Y HUMANISTAS"}, "58 ANDRES GIORDANO SALAZAR": {"votos": 275, "pct": 0.0372, "partido": "FA", "pacto": "C - UNIDAD POR CHILE"}, "59 LEONARDO JOFRE RIOS": {"votos": 472, "pct": 0.0638, "partido": "FA", "pacto": "C - UNIDAD POR CHILE"}, "60 BORIS BARRERA MORENO": {"votos": 470, "pct": 0.0635, "partido": "PCCH", "pacto": "C - UNIDAD POR CHILE"}, "61 CAROLA RIVERO CANALES": {"votos": 164, "pct": 0.0222, "partido": "PS", "pacto": "C - UNIDAD POR CHILE"}, "62 CESAR VALENZUELA MAASS": {"votos": 413, "pct": 0.0558, "partido": "PS", "pacto": "C - UNIDAD POR CHILE"}, "63 SANDRA GONZALEZ ZAMORANO": {"votos": 60, "pct": 0.0081, "partido": "IND-PPD", "pacto": "C - UNIDAD POR CHILE"}, "64 CARLOS CUADRADO PRATS": {"votos": 96, "pct": 0.013, "partido": "PPD", "pacto": "C - UNIDAD POR CHILE"}, "65 AMELIA DEL CARMEN GALLEGOS RAMIREZ": {"votos": 65, "pct": 0.0088, "partido": "PH", "pacto": "D - IZQUIERDA ECOLOGISTA POPULAR ANIMALISTA Y HUMANISTA"}, "66 VIVIANA MONTECINOS SUAZO": {"votos": 66, "pct": 0.0089, "partido": "IND-PH", "pacto": "D - IZQUIERDA ECOLOGISTA POPULAR ANIMALISTA Y HUMANISTA"}, "67 ADRIAN ANTONIO LIZAMA BARRA": {"votos": 35, "pct": 0.0047, "partido": "IND-PH", "pacto": "D - IZQUIERDA ECOLOGISTA POPULAR ANIMALISTA Y HUMANISTA"}, "68 JUAN ANDRES PINO MADRID": {"votos": 34, "pct": 0.0046, "partido": "IND-PH", "pacto": "D - IZQUIERDA ECOLOGISTA POPULAR ANIMALISTA Y HUMANISTA"}, "69 SERGIO ENRIQUE FLORES RAMIREZ": {"votos": 39, "pct": 0.0053, "partido": "IND-PH", "pacto": "D - IZQUIERDA ECOLOGISTA POPULAR ANIMALISTA Y HUMANISTA"}, "70 ESTER BARRIENTOS VARGAS": {"votos": 29, "pct": 0.0039, "partido": "IND-PH", "pacto": "D - IZQUIERDA ECOLOGISTA POPULAR ANIMALISTA Y HUMANISTA"}, "71 LUIS ALBERTO DONOSO URIBE": {"votos": 18, "pct": 0.0024, "partido": "IND-PH", "pacto": "D - IZQUIERDA ECOLOGISTA POPULAR ANIMALISTA Y HUMANISTA"}, "72 MANUEL ENRIQUE MUÑOZ PALACIOS": {"votos": 30, "pct": 0.0041, "partido": "PAVP", "pacto": "G - PARTIDO ALIANZA VERDE POPULAR"}, "73 XUXA ALVAREZ FERNANDEZ": {"votos": 25, "pct": 0.0034, "partido": "PAVP", "pacto": "G - PARTIDO ALIANZA VERDE POPULAR"}, "74 JOSE GUILLERMO ROJAS INOSTROZA": {"votos": 18, "pct": 0.0024, "partido": "PAVP", "pacto": "G - PARTIDO ALIANZA VERDE POPULAR"}, "75 ISABEL PALMA PALMA": {"votos": 23, "pct": 0.0031, "partido": "PAVP", "pacto": "G - PARTIDO ALIANZA VERDE POPULAR"}, "76 MARIA ELENA VALENZUELA PINO": {"votos": 16, "pct": 0.0022, "partido": "PAVP", "pacto": "G - PARTIDO ALIANZA VERDE POPULAR"}, "77 LORENZO LEPIN ARANEDA": {"votos": 13, "pct": 0.0018, "partido": "PAVP", "pacto": "G - PARTIDO ALIANZA VERDE POPULAR"}, "78 DANIEL EDUARDO CANTO GONZALEZ": {"votos": 5, "pct": 0.0007, "partido": "PAVP", "pacto": "G - PARTIDO ALIANZA VERDE POPULAR"}, "79 ROBERTO LOBOS VILLASECA": {"votos": 5, "pct": 0.0007, "partido": "PAVP", "pacto": "G - PARTIDO ALIANZA VERDE POPULAR"}, "80 TAMARA ALEJANDRA RAMIREZ RAMIREZ": {"votos": 317, "pct": 0.0428, "partido": "PDG", "pacto": "I - PARTIDO DE LA GENTE"}, "81 ANDRES RIGOBERTO CACERES BRAVO": {"votos": 107, "pct": 0.0145, "partido": "PDG", "pacto": "I - PARTIDO DE LA GENTE"}, "82 PAMELA DEL TRANSITO AMARO ARAYA": {"votos": 135, "pct": 0.0182, "partido": "PDG", "pacto": "I - PARTIDO DE LA GENTE"}, "83 FRANCISCO JAVIER LIZANA DONOSO": {"votos": 139, "pct": 0.0188, "partido": "PDG", "pacto": "I - PARTIDO DE LA GENTE"}, "84 CESAR ABRAHAM SUAY JEREZ": {"votos": 63, "pct": 0.0085, "partido": "PDG", "pacto": "I - PARTIDO DE LA GENTE"}, "85 MARIA SOLEDAD LIEMPAN APELEO": {"votos": 65, "pct": 0.0088, "partido": "PDG", "pacto": "I - PARTIDO DE LA GENTE"}, "86 CRESCENCIO ALBERTO LOPEZ PEREZ": {"votos": 34, "pct": 0.0046, "partido": "PDG", "pacto": "I - PARTIDO DE LA GENTE"}, "87 CHRISTOPHER ELIAS YAÑEZ LEAL": {"votos": 44, "pct": 0.0059, "partido": "PDG", "pacto": "I - PARTIDO DE LA GENTE"}, "88 GUILLERMO RAMIREZ DIEZ": {"votos": 101, "pct": 0.0137, "partido": "UDI", "pacto": "J - CHILE GRANDE Y UNIDO"}, "89 JOSE MIGUEL GONZALEZ ZAPATA": {"votos": 33, "pct": 0.0045, "partido": "UDI", "pacto": "J - CHILE GRANDE Y UNIDO"}, "90 ERIKA OLIVERA DE LA FUENTE": {"votos": 103, "pct": 0.0139, "partido": "DEMOCRATAS", "pacto": "J - CHILE GRANDE Y UNIDO"}, "91 VERONICA MONTECINOS ORTIZ": {"votos": 31, "pct": 0.0042, "partido": "DEMOCRATAS", "pacto": "J - CHILE GRANDE Y UNIDO"}, "92 ALDO DUQUE SANTOS": {"votos": 63, "pct": 0.0085, "partido": "IND-RN", "pacto": "J - CHILE GRANDE Y UNIDO"}, "93 MARIA ELENA BARCO SANCHEZ": {"votos": 38, "pct": 0.0051, "partido": "RN", "pacto": "J - CHILE GRANDE Y UNIDO"}, "94 FELIPE VIDAL CUEVAS": {"votos": 119, "pct": 0.0161, "partido": "IND-EVOPOLI", "pacto": "J - CHILE GRANDE Y UNIDO"}, "95 JUAN MANUEL SANTA CRUZ CAMPAÑA": {"votos": 12, "pct": 0.0016, "partido": "EVOPOLI", "pacto": "J - CHILE GRANDE Y UNIDO"}, "96 JOSE CARLOS MEZA PEREIRA": {"votos": 354, "pct": 0.0478, "partido": "REPUBLICAN", "pacto": "K - CAMBIO POR CHILE"}, "97 MACARENA GARCIA-HUIDOBRO LLORT": {"votos": 195, "pct": 0.0264, "partido": "REPUBLICAN", "pacto": "K - CAMBIO POR CHILE"}, "98 JAVIERA RODRIGUEZ PASCUAL": {"votos": 264, "pct": 0.0357, "partido": "REPUBLICAN", "pacto": "K - CAMBIO POR CHILE"}, "99 MAXIMILIANO MURATH MANSILLA": {"votos": 178, "pct": 0.0241, "partido": "PNL", "pacto": "K - CAMBIO POR CHILE"}, "__blancos__": {"votos": 610, "pct": 0.0824, "partido": "otros", "pacto": "No aplica"}, "__nulos__": {"votos": 1481, "pct": 0.2002, "partido": "otros", "pacto": "No aplica"}}, "pres1v25": {"1 FRANCO PARISI FERNANDEZ": {"votos": 1455, "pct": 0.1976, "partido": "presidencial", "pacto": "presidencial"}, "2 JEANNETTE JARA ROMAN": {"votos": 2472, "pct": 0.3357, "partido": "presidencial", "pacto": "presidencial"}, "3 MARCO ANTONIO ENRIQUEZ-OMINAMI GUMUCIO": {"votos": 120, "pct": 0.0163, "partido": "presidencial", "pacto": "presidencial"}, "4 JOHANNES KAISER BARENTS-VON HOHENHAGEN": {"votos": 825, "pct": 0.112, "partido": "presidencial", "pacto": "presidencial"}, "5 JOSE ANTONIO KAST RIST": {"votos": 1294, "pct": 0.1757, "partido": "presidencial", "pacto": "presidencial"}, "6 EDUARDO ANTONIO ARTES BRICHETTI": {"votos": 45, "pct": 0.0061, "partido": "presidencial", "pacto": "presidencial"}, "7 EVELYN MATTHEI FORNET": {"votos": 696, "pct": 0.0945, "partido": "presidencial", "pacto": "presidencial"}, "8 HAROLD MAYNE-NICHOLLS SECUL": {"votos": 89, "pct": 0.0121, "partido": "presidencial", "pacto": "presidencial"}, "__blancos__": {"votos": 125, "pct": 0.017, "partido": "presidencial", "pacto": "presidencial"}, "__nulos__": {"votos": 243, "pct": 0.033, "partido": "presidencial", "pacto": "presidencial"}}, "pres2v25": {"2 JEANNETTE JARA ROMAN": {"votos": 3784, "pct": 0.5119, "partido": "presidencial", "pacto": "presidencial"}, "5 JOSE ANTONIO KAST RIST": {"votos": 3043, "pct": 0.4117, "partido": "presidencial", "pacto": "presidencial"}, "__blancos__": {"votos": 70, "pct": 0.0095, "partido": "presidencial", "pacto": "presidencial"}, "__nulos__": {"votos": 495, "pct": 0.067, "partido": "presidencial", "pacto": "presidencial"}}}}, "geometry": {"type": "Point", "coordinates": [-70.7229571, -33.4012394]}}, {"type": "Feature", "properties": {"local": "COLEGIO SANTA MARIA DE LA PROVIDENCIA", "elections": {"conc24": {"AGHATA SANTANA CARRASCO": {"votos": 85, "pct": 0.0132, "partido": "PARTIDO DEMOCRATAS CHILE", "pacto": "CENTRO DEMOCRATICO", "subpacto": "DEMOCRATAS E INDEPENDIENTES"}, "ANGELINA DEL CARMEN ACEVEDO TAPIA": {"votos": 47, "pct": 0.0073, "partido": "INDEPENDIENTES", "pacto": "TU COMUNA RADICAL"}, "BENJAMIN ESTEBAN LEAL HERNANDEZ": {"votos": 147, "pct": 0.0228, "partido": "PARTIDO SOCIAL CRISTIANO", "pacto": "PARTIDO SOCIAL CRISTIANO E INDEPENDIENTES"}, "BIANCA BALCAZAR AREVALO": {"votos": 53, "pct": 0.0082, "partido": "INDEPENDIENTES", "pacto": "CHILE VAMOS RENOVACIÓN NACIONAL - INDEPENDIENTES"}, "CARLOS COLLAO VEGA": {"votos": 61, "pct": 0.0095, "partido": "PARTIDO DEMOCRATAS CHILE", "pacto": "CENTRO DEMOCRATICO", "subpacto": "DEMOCRATAS E INDEPENDIENTES"}, "CAROLINA ANDREA COÑOPAN ARAYA": {"votos": 114, "pct": 0.0177, "partido": "INDEPENDIENTES", "pacto": "POR CHILE, SEGUIMOS", "subpacto": "FRENTE AMPLIO E INDEPENDIENTES", "elected": true}, "CATHERINE ARAYA TORREJON": {"votos": 150, "pct": 0.0233, "partido": "PARTIDO SOCIALISTA DE CHILE", "pacto": "CHILE MUCHO MEJOR", "subpacto": "PS E INDEPENDIENTES"}, "CECILIA DEL CARMEN GACITUA GACITUA": {"votos": 55, "pct": 0.0085, "partido": "INDEPENDIENTES", "pacto": "TU COMUNA RADICAL"}, "CECILIA DEL PILAR LOPEZ CONTRERAS": {"votos": 348, "pct": 0.054, "partido": "PARTIDO SOCIALISTA DE CHILE", "pacto": "CHILE MUCHO MEJOR", "subpacto": "PS E INDEPENDIENTES", "elected": true}, "CESAR DEMETRIO AMESTICA ALARCON": {"votos": 130, "pct": 0.0202, "partido": "FRENTE AMPLIO", "pacto": "POR CHILE, SEGUIMOS", "subpacto": "FRENTE AMPLIO E INDEPENDIENTES"}, "CESAR MONSALVE ORTEGA": {"votos": 43, "pct": 0.0067, "partido": "UNION DEMOCRATA INDEPENDIENTE", "pacto": "CHILE VAMOS UDI-EVOPOLI E INDEPENDIENTES", "subpacto": "UDI - INDEPENDIENTES"}, "CLAUDIO CHRISTIAN SEPULVEDA ORMAZABAL": {"votos": 105, "pct": 0.0163, "partido": "FRENTE AMPLIO", "pacto": "POR CHILE, SEGUIMOS", "subpacto": "FRENTE AMPLIO E INDEPENDIENTES"}, "CRISTIAN ANTONIO FLORES MENA": {"votos": 92, "pct": 0.0143, "partido": "RENOVACION NACIONAL", "pacto": "CHILE VAMOS RENOVACIÓN NACIONAL - INDEPENDIENTES"}, "DAYANA ARELLANO SALINAS": {"votos": 65, "pct": 0.0101, "partido": "INDEPENDIENTES", "pacto": "CHILE MUCHO MEJOR", "subpacto": "PPD E INDEPENDIENTES"}, "DIEGO ANDRES MARTINEZ OTAROLA": {"votos": 169, "pct": 0.0262, "partido": "RENOVACION NACIONAL", "pacto": "CHILE VAMOS RENOVACIÓN NACIONAL - INDEPENDIENTES", "elected": true}, "DIEGO DELGADO DOMINGUEZ": {"votos": 58, "pct": 0.009, "partido": "INDEPENDIENTES", "pacto": "CHILE VAMOS UDI-EVOPOLI E INDEPENDIENTES", "subpacto": "UDI - INDEPENDIENTES"}, "DIEGO IGNACIO FUENTES LIRA": {"votos": 175, "pct": 0.0272, "partido": "INDEPENDIENTES", "pacto": "TU COMUNA RADICAL", "elected": true}, "ERICA PATRICIA ROJAS SALINAS": {"votos": 48, "pct": 0.0075, "partido": "INDEPENDIENTES", "pacto": "TU COMUNA RADICAL"}, "FELIPE ALBERTO DELGADO ANDRADES": {"votos": 33, "pct": 0.0051, "partido": "UNION DEMOCRATA INDEPENDIENTE", "pacto": "CHILE VAMOS UDI-EVOPOLI E INDEPENDIENTES", "subpacto": "UDI - INDEPENDIENTES"}, "FLORENCIO ENRIQUE KUNTZ SANHUEZA": {"votos": 376, "pct": 0.0584, "partido": "PARTIDO REPUBLICANO DE CHILE", "pacto": "REPUBLICANOS E INDEPENDIENTES", "elected": true}, "FRANCISCO JAVIER CATALDO SANTANDER": {"votos": 64, "pct": 0.0099, "partido": "INDEPENDIENTES", "pacto": "VERDES LIBERALES POR UNA COMUNA SEGURA", "subpacto": "PARTIDO FEDERACIÓN REGIONALISTA VERDE SOCIAL E INDEPENDIENTES"}, "FRANCO JAVIER LOPEZ ESPARZA": {"votos": 51, "pct": 0.0079, "partido": "INDEPENDIENTES", "pacto": "VERDES LIBERALES POR UNA COMUNA SEGURA", "subpacto": "PARTIDO LIBERAL DE CHILE E INDEPENDIENTES"}, "GABRIEL HERNAN LOPEZ URRA": {"votos": 38, "pct": 0.0059, "partido": "INDEPENDIENTES", "pacto": "CHILE VAMOS RENOVACIÓN NACIONAL - INDEPENDIENTES"}, "GIOVANNI ANDRES ROJAS DAVILA": {"votos": 166, "pct": 0.0258, "partido": "FRENTE AMPLIO", "pacto": "POR CHILE, SEGUIMOS", "subpacto": "FRENTE AMPLIO E INDEPENDIENTES"}, "ISABEL DEL CARMEN ESPINOZA GONZALEZ": {"votos": 101, "pct": 0.0157, "partido": "FEDERACION REGIONALISTA VERDE SOCIAL", "pacto": "VERDES LIBERALES POR UNA COMUNA SEGURA", "subpacto": "PARTIDO FEDERACIÓN REGIONALISTA VERDE SOCIAL E INDEPENDIENTES"}, "ISHKRA WLADIMIR CALDERON SOTO": {"votos": 193, "pct": 0.03, "partido": "PARTIDO COMUNISTA DE CHILE", "pacto": "POR CHILE, SEGUIMOS", "subpacto": "PARTIDO COMUNISTA DE CHILE E INDEPENDIENTES"}, "ISMAEL ANTONIO ARAYA ARAYA": {"votos": 158, "pct": 0.0245, "partido": "INDEPENDIENTES", "pacto": "TU COMUNA RADICAL", "elected": true}, "JAIME ANDRES MARTINEZ MORAGA": {"votos": 49, "pct": 0.0076, "partido": "INDEPENDIENTES", "pacto": "CENTRO DEMOCRATICO", "subpacto": "DEMOCRATAS E INDEPENDIENTES"}, "JESUS TORREJON SEGOVIA": {"votos": 92, "pct": 0.0143, "partido": "PARTIDO DEMOCRATA CRISTIANO", "pacto": "CHILE MUCHO MEJOR", "subpacto": "PDC E INDEPENDIENTES"}, "JORGE NUÑEZ ESPINOZA": {"votos": 9, "pct": 0.0014, "partido": "PARTIDO DEMOCRATAS CHILE", "pacto": "CENTRO DEMOCRATICO", "subpacto": "DEMOCRATAS E INDEPENDIENTES"}, "JOSE DOMINGO GALAZ BELTRAN": {"votos": 26, "pct": 0.004, "partido": "PARTIDO SOCIALISTA DE CHILE", "pacto": "CHILE MUCHO MEJOR", "subpacto": "PS E INDEPENDIENTES"}, "JUAN CARLOS GODOY MARICIC": {"votos": 274, "pct": 0.0425, "partido": "PARTIDO REPUBLICANO DE CHILE", "pacto": "REPUBLICANOS E INDEPENDIENTES"}, "JUAN PABLO ARAYA IBARRA": {"votos": 108, "pct": 0.0168, "partido": "INDEPENDIENTES", "pacto": "TU COMUNA RADICAL"}, "KAREN ANDREA SERRANO CONCHA": {"votos": 47, "pct": 0.0073, "partido": "PARTIDO DEMOCRATAS CHILE", "pacto": "CENTRO DEMOCRATICO", "subpacto": "DEMOCRATAS E INDEPENDIENTES"}, "LESLIE ELIZABETH ALARCON VELASQUEZ": {"votos": 46, "pct": 0.0071, "partido": "INDEPENDIENTES", "pacto": "CHILE MUCHO MEJOR", "subpacto": "PPD E INDEPENDIENTES"}, "MAURICIO ALFONSO LOPEZ MUÑIZ": {"votos": 48, "pct": 0.0075, "partido": "INDEPENDIENTES", "pacto": "CHILE MUCHO MEJOR", "subpacto": "PPD E INDEPENDIENTES"}, "MAURICIO CESAR RAMIREZ LEVIN": {"votos": 51, "pct": 0.0079, "partido": "PARTIDO DEMOCRATA CRISTIANO", "pacto": "CHILE MUCHO MEJOR", "subpacto": "PDC E INDEPENDIENTES"}, "MIGUEL ANTONIO CERDA ORTIZ": {"votos": 23, "pct": 0.0036, "partido": "INDEPENDIENTES", "pacto": "CHILE VAMOS RENOVACIÓN NACIONAL - INDEPENDIENTES"}, "NICOLAS MARTIN DUEK MORGAN": {"votos": 15, "pct": 0.0023, "partido": "UNION DEMOCRATA INDEPENDIENTE", "pacto": "CHILE VAMOS UDI-EVOPOLI E INDEPENDIENTES", "subpacto": "UDI - INDEPENDIENTES"}, "NORA CONTRERAS CANALES": {"votos": 322, "pct": 0.05, "partido": "UNION DEMOCRATA INDEPENDIENTE", "pacto": "CHILE VAMOS UDI-EVOPOLI E INDEPENDIENTES", "subpacto": "UDI - INDEPENDIENTES", "elected": true}, "PATRICIO IGNACIO ILUFI BORQUEZ": {"votos": 27, "pct": 0.0042, "partido": "INDEPENDIENTES", "pacto": "CENTRO DEMOCRATICO", "subpacto": "DEMOCRATAS E INDEPENDIENTES"}, "PAULINA SILVANA LIZAMA YAÑEZ": {"votos": 233, "pct": 0.0362, "partido": "INDEPENDIENTES", "pacto": "CHILE VAMOS RENOVACIÓN NACIONAL - INDEPENDIENTES"}, "RITA ANDREA CUEVAS VALDES": {"votos": 56, "pct": 0.0087, "partido": "INDEPENDIENTES", "pacto": "TU COMUNA RADICAL"}, "SANDRA CACERES RIOS": {"votos": 45, "pct": 0.007, "partido": "UNION DEMOCRATA INDEPENDIENTE", "pacto": "CHILE VAMOS UDI-EVOPOLI E INDEPENDIENTES", "subpacto": "UDI - INDEPENDIENTES"}, "VICTOR ALEJANDRO VERA CASTILLO": {"votos": 82, "pct": 0.0127, "partido": "PARTIDO DEMOCRATAS CHILE", "pacto": "CENTRO DEMOCRATICO", "subpacto": "DEMOCRATAS E INDEPENDIENTES"}, "YAMILETTE CAROLINA GARATE SOTO": {"votos": 211, "pct": 0.0328, "partido": "PARTIDO COMUNISTA DE CHILE", "pacto": "POR CHILE, SEGUIMOS", "subpacto": "PARTIDO COMUNISTA DE CHILE E INDEPENDIENTES", "elected": true}, "__blancos__": {"votos": 659, "pct": 0.1023, "partido": "otros", "pacto": "otros"}, "__nulos__": {"votos": 894, "pct": 0.1388, "partido": "otros", "pacto": "otros"}}, "muni24": {"CAMILA INES AVILES": {"votos": 1062, "pct": 0.1668, "partido": "PARTIDO DEMOCRATAS CHILE", "pacto": "PARTIDO DEMOCRATAS CHILE"}, "CLAUDIO NICOLAS CASTRO": {"votos": 4185, "pct": 0.6575, "partido": "INDEPENDIENTES", "pacto": "INDEPENDIENTES"}, "PAUL FREDDY HERRERA": {"votos": 364, "pct": 0.0572, "partido": "PARTIDO DE LA GENTE", "pacto": "PARTIDO DE LA GENTE"}, "__blancos__": {"votos": 309, "pct": 0.0485, "partido": "otros", "pacto": "otros"}, "__nulos__": {"votos": 445, "pct": 0.0699, "partido": "otros", "pacto": "otros"}}, "parla25": {"100 MARGARITA GARRIDO ACEVEDO": {"votos": 155, "pct": 0.024, "partido": "PNL", "pacto": "K - CAMBIO POR CHILE"}, "101 VALESKA OYARCE PEÑA": {"votos": 38, "pct": 0.0059, "partido": "PSC", "pacto": "K - CAMBIO POR CHILE"}, "102 ALBERTO SEGUEL MENA": {"votos": 25, "pct": 0.0039, "partido": "PSC", "pacto": "K - CAMBIO POR CHILE"}, "103 CAROLINA GARATE VERGARA": {"votos": 82, "pct": 0.0127, "partido": "PSC", "pacto": "K - CAMBIO POR CHILE"}, "51 ALEJANDRA PEREZ ESPINA": {"votos": 43, "pct": 0.0066, "partido": "AH", "pacto": "B - VERDES, REGIONALISTAS Y HUMANISTAS"}, "52 ARIEL MATELUNA MATELUNA": {"votos": 50, "pct": 0.0077, "partido": "IND-AH", "pacto": "B - VERDES, REGIONALISTAS Y HUMANISTAS"}, "53 WALESKA UBIERNA NAVARRO": {"votos": 20, "pct": 0.0031, "partido": "AH", "pacto": "B - VERDES, REGIONALISTAS Y HUMANISTAS"}, "54 JOSE LUIS VILLAGRAN BARAHONA": {"votos": 16, "pct": 0.0025, "partido": "IND-AH", "pacto": "B - VERDES, REGIONALISTAS Y HUMANISTAS"}, "55 PAOLA CADIZ NUÑEZ": {"votos": 27, "pct": 0.0042, "partido": "FREVS", "pacto": "B - VERDES, REGIONALISTAS Y HUMANISTAS"}, "56 EVELYN FARIAS AILIO": {"votos": 14, "pct": 0.0022, "partido": "IND-FREVS", "pacto": "B - VERDES, REGIONALISTAS Y HUMANISTAS"}, "57 JOSE SEPULVEDA ZELADA": {"votos": 19, "pct": 0.0029, "partido": "IND-FREVS", "pacto": "B - VERDES, REGIONALISTAS Y HUMANISTAS"}, "58 ANDRES GIORDANO SALAZAR": {"votos": 185, "pct": 0.0286, "partido": "FA", "pacto": "C - UNIDAD POR CHILE"}, "59 LEONARDO JOFRE RIOS": {"votos": 238, "pct": 0.0368, "partido": "FA", "pacto": "C - UNIDAD POR CHILE"}, "60 BORIS BARRERA MORENO": {"votos": 397, "pct": 0.0614, "partido": "PCCH", "pacto": "C - UNIDAD POR CHILE"}, "61 CAROLA RIVERO CANALES": {"votos": 288, "pct": 0.0445, "partido": "PS", "pacto": "C - UNIDAD POR CHILE"}, "62 CESAR VALENZUELA MAASS": {"votos": 393, "pct": 0.0608, "partido": "PS", "pacto": "C - UNIDAD POR CHILE"}, "63 SANDRA GONZALEZ ZAMORANO": {"votos": 49, "pct": 0.0076, "partido": "IND-PPD", "pacto": "C - UNIDAD POR CHILE"}, "64 CARLOS CUADRADO PRATS": {"votos": 206, "pct": 0.0318, "partido": "PPD", "pacto": "C - UNIDAD POR CHILE"}, "65 AMELIA DEL CARMEN GALLEGOS RAMIREZ": {"votos": 51, "pct": 0.0079, "partido": "PH", "pacto": "D - IZQUIERDA ECOLOGISTA POPULAR ANIMALISTA Y HUMANISTA"}, "66 VIVIANA MONTECINOS SUAZO": {"votos": 88, "pct": 0.0136, "partido": "IND-PH", "pacto": "D - IZQUIERDA ECOLOGISTA POPULAR ANIMALISTA Y HUMANISTA"}, "67 ADRIAN ANTONIO LIZAMA BARRA": {"votos": 26, "pct": 0.004, "partido": "IND-PH", "pacto": "D - IZQUIERDA ECOLOGISTA POPULAR ANIMALISTA Y HUMANISTA"}, "68 JUAN ANDRES PINO MADRID": {"votos": 41, "pct": 0.0063, "partido": "IND-PH", "pacto": "D - IZQUIERDA ECOLOGISTA POPULAR ANIMALISTA Y HUMANISTA"}, "69 SERGIO ENRIQUE FLORES RAMIREZ": {"votos": 26, "pct": 0.004, "partido": "IND-PH", "pacto": "D - IZQUIERDA ECOLOGISTA POPULAR ANIMALISTA Y HUMANISTA"}, "70 ESTER BARRIENTOS VARGAS": {"votos": 25, "pct": 0.0039, "partido": "IND-PH", "pacto": "D - IZQUIERDA ECOLOGISTA POPULAR ANIMALISTA Y HUMANISTA"}, "71 LUIS ALBERTO DONOSO URIBE": {"votos": 21, "pct": 0.0032, "partido": "IND-PH", "pacto": "D - IZQUIERDA ECOLOGISTA POPULAR ANIMALISTA Y HUMANISTA"}, "72 MANUEL ENRIQUE MUÑOZ PALACIOS": {"votos": 30, "pct": 0.0046, "partido": "PAVP", "pacto": "G - PARTIDO ALIANZA VERDE POPULAR"}, "73 XUXA ALVAREZ FERNANDEZ": {"votos": 33, "pct": 0.0051, "partido": "PAVP", "pacto": "G - PARTIDO ALIANZA VERDE POPULAR"}, "74 JOSE GUILLERMO ROJAS INOSTROZA": {"votos": 7, "pct": 0.0011, "partido": "PAVP", "pacto": "G - PARTIDO ALIANZA VERDE POPULAR"}, "75 ISABEL PALMA PALMA": {"votos": 14, "pct": 0.0022, "partido": "PAVP", "pacto": "G - PARTIDO ALIANZA VERDE POPULAR"}, "76 MARIA ELENA VALENZUELA PINO": {"votos": 10, "pct": 0.0015, "partido": "PAVP", "pacto": "G - PARTIDO ALIANZA VERDE POPULAR"}, "77 LORENZO LEPIN ARANEDA": {"votos": 3, "pct": 0.0005, "partido": "PAVP", "pacto": "G - PARTIDO ALIANZA VERDE POPULAR"}, "78 DANIEL EDUARDO CANTO GONZALEZ": {"votos": 3, "pct": 0.0005, "partido": "PAVP", "pacto": "G - PARTIDO ALIANZA VERDE POPULAR"}, "79 ROBERTO LOBOS VILLASECA": {"votos": 4, "pct": 0.0006, "partido": "PAVP", "pacto": "G - PARTIDO ALIANZA VERDE POPULAR"}, "80 TAMARA ALEJANDRA RAMIREZ RAMIREZ": {"votos": 239, "pct": 0.037, "partido": "PDG", "pacto": "I - PARTIDO DE LA GENTE"}, "81 ANDRES RIGOBERTO CACERES BRAVO": {"votos": 77, "pct": 0.0119, "partido": "PDG", "pacto": "I - PARTIDO DE LA GENTE"}, "82 PAMELA DEL TRANSITO AMARO ARAYA": {"votos": 78, "pct": 0.0121, "partido": "PDG", "pacto": "I - PARTIDO DE LA GENTE"}, "83 FRANCISCO JAVIER LIZANA DONOSO": {"votos": 104, "pct": 0.0161, "partido": "PDG", "pacto": "I - PARTIDO DE LA GENTE"}, "84 CESAR ABRAHAM SUAY JEREZ": {"votos": 48, "pct": 0.0074, "partido": "PDG", "pacto": "I - PARTIDO DE LA GENTE"}, "85 MARIA SOLEDAD LIEMPAN APELEO": {"votos": 60, "pct": 0.0093, "partido": "PDG", "pacto": "I - PARTIDO DE LA GENTE"}, "86 CRESCENCIO ALBERTO LOPEZ PEREZ": {"votos": 18, "pct": 0.0028, "partido": "PDG", "pacto": "I - PARTIDO DE LA GENTE"}, "87 CHRISTOPHER ELIAS YAÑEZ LEAL": {"votos": 33, "pct": 0.0051, "partido": "PDG", "pacto": "I - PARTIDO DE LA GENTE"}, "88 GUILLERMO RAMIREZ DIEZ": {"votos": 145, "pct": 0.0224, "partido": "UDI", "pacto": "J - CHILE GRANDE Y UNIDO"}, "89 JOSE MIGUEL GONZALEZ ZAPATA": {"votos": 34, "pct": 0.0053, "partido": "UDI", "pacto": "J - CHILE GRANDE Y UNIDO"}, "90 ERIKA OLIVERA DE LA FUENTE": {"votos": 117, "pct": 0.0181, "partido": "DEMOCRATAS", "pacto": "J - CHILE GRANDE Y UNIDO"}, "91 VERONICA MONTECINOS ORTIZ": {"votos": 29, "pct": 0.0045, "partido": "DEMOCRATAS", "pacto": "J - CHILE GRANDE Y UNIDO"}, "92 ALDO DUQUE SANTOS": {"votos": 78, "pct": 0.0121, "partido": "IND-RN", "pacto": "J - CHILE GRANDE Y UNIDO"}, "93 MARIA ELENA BARCO SANCHEZ": {"votos": 34, "pct": 0.0053, "partido": "RN", "pacto": "J - CHILE GRANDE Y UNIDO"}, "94 FELIPE VIDAL CUEVAS": {"votos": 150, "pct": 0.0232, "partido": "IND-EVOPOLI", "pacto": "J - CHILE GRANDE Y UNIDO"}, "95 JUAN MANUEL SANTA CRUZ CAMPAÑA": {"votos": 44, "pct": 0.0068, "partido": "EVOPOLI", "pacto": "J - CHILE GRANDE Y UNIDO"}, "96 JOSE CARLOS MEZA PEREIRA": {"votos": 333, "pct": 0.0515, "partido": "REPUBLICAN", "pacto": "K - CAMBIO POR CHILE"}, "97 MACARENA GARCIA-HUIDOBRO LLORT": {"votos": 201, "pct": 0.0311, "partido": "REPUBLICAN", "pacto": "K - CAMBIO POR CHILE"}, "98 JAVIERA RODRIGUEZ PASCUAL": {"votos": 246, "pct": 0.038, "partido": "REPUBLICAN", "pacto": "K - CAMBIO POR CHILE"}, "99 MAXIMILIANO MURATH MANSILLA": {"votos": 203, "pct": 0.0314, "partido": "PNL", "pacto": "K - CAMBIO POR CHILE"}, "__blancos__": {"votos": 508, "pct": 0.0785, "partido": "otros", "pacto": "No aplica"}, "__nulos__": {"votos": 1062, "pct": 0.1642, "partido": "otros", "pacto": "No aplica"}}, "pres1v25": {"1 FRANCO PARISI FERNANDEZ": {"votos": 955, "pct": 0.1476, "partido": "presidencial", "pacto": "presidencial"}, "2 JEANNETTE JARA ROMAN": {"votos": 2264, "pct": 0.35, "partido": "presidencial", "pacto": "presidencial"}, "3 MARCO ANTONIO ENRIQUEZ-OMINAMI GUMUCIO": {"votos": 114, "pct": 0.0176, "partido": "presidencial", "pacto": "presidencial"}, "4 JOHANNES KAISER BARENTS-VON HOHENHAGEN": {"votos": 876, "pct": 0.1354, "partido": "presidencial", "pacto": "presidencial"}, "5 JOSE ANTONIO KAST RIST": {"votos": 1162, "pct": 0.1796, "partido": "presidencial", "pacto": "presidencial"}, "6 EDUARDO ANTONIO ARTES BRICHETTI": {"votos": 43, "pct": 0.0066, "partido": "presidencial", "pacto": "presidencial"}, "7 EVELYN MATTHEI FORNET": {"votos": 741, "pct": 0.1145, "partido": "presidencial", "pacto": "presidencial"}, "8 HAROLD MAYNE-NICHOLLS SECUL": {"votos": 83, "pct": 0.0128, "partido": "presidencial", "pacto": "presidencial"}, "__blancos__": {"votos": 69, "pct": 0.0107, "partido": "presidencial", "pacto": "presidencial"}, "__nulos__": {"votos": 162, "pct": 0.025, "partido": "presidencial", "pacto": "presidencial"}}, "pres2v25": {"2 JEANNETTE JARA ROMAN": {"votos": 3268, "pct": 0.5078, "partido": "presidencial", "pacto": "presidencial"}, "5 JOSE ANTONIO KAST RIST": {"votos": 2782, "pct": 0.4323, "partido": "presidencial", "pacto": "presidencial"}, "__blancos__": {"votos": 65, "pct": 0.0101, "partido": "presidencial", "pacto": "presidencial"}, "__nulos__": {"votos": 321, "pct": 0.0499, "partido": "presidencial", "pacto": "presidencial"}}}}, "geometry": {"type": "Point", "coordinates": [-70.6919529, -33.4116351]}}, {"type": "Feature", "properties": {"local": "ESCUELA CAPITAN JOSE LUIS ARANEDA", "elections": {"conc24": {"AGHATA SANTANA CARRASCO": {"votos": 13, "pct": 0.0024, "partido": "PARTIDO DEMOCRATAS CHILE", "pacto": "CENTRO DEMOCRATICO", "subpacto": "DEMOCRATAS E INDEPENDIENTES"}, "ANGELINA DEL CARMEN ACEVEDO TAPIA": {"votos": 61, "pct": 0.0112, "partido": "INDEPENDIENTES", "pacto": "TU COMUNA RADICAL"}, "BENJAMIN ESTEBAN LEAL HERNANDEZ": {"votos": 152, "pct": 0.0279, "partido": "PARTIDO SOCIAL CRISTIANO", "pacto": "PARTIDO SOCIAL CRISTIANO E INDEPENDIENTES"}, "BIANCA BALCAZAR AREVALO": {"votos": 54, "pct": 0.0099, "partido": "INDEPENDIENTES", "pacto": "CHILE VAMOS RENOVACIÓN NACIONAL - INDEPENDIENTES"}, "CARLOS COLLAO VEGA": {"votos": 68, "pct": 0.0125, "partido": "PARTIDO DEMOCRATAS CHILE", "pacto": "CENTRO DEMOCRATICO", "subpacto": "DEMOCRATAS E INDEPENDIENTES"}, "CAROLINA ANDREA COÑOPAN ARAYA": {"votos": 136, "pct": 0.025, "partido": "INDEPENDIENTES", "pacto": "POR CHILE, SEGUIMOS", "subpacto": "FRENTE AMPLIO E INDEPENDIENTES", "elected": true}, "CATHERINE ARAYA TORREJON": {"votos": 89, "pct": 0.0163, "partido": "PARTIDO SOCIALISTA DE CHILE", "pacto": "CHILE MUCHO MEJOR", "subpacto": "PS E INDEPENDIENTES"}, "CECILIA DEL CARMEN GACITUA GACITUA": {"votos": 70, "pct": 0.0129, "partido": "INDEPENDIENTES", "pacto": "TU COMUNA RADICAL"}, "CECILIA DEL PILAR LOPEZ CONTRERAS": {"votos": 185, "pct": 0.034, "partido": "PARTIDO SOCIALISTA DE CHILE", "pacto": "CHILE MUCHO MEJOR", "subpacto": "PS E INDEPENDIENTES", "elected": true}, "CESAR DEMETRIO AMESTICA ALARCON": {"votos": 317, "pct": 0.0582, "partido": "FRENTE AMPLIO", "pacto": "POR CHILE, SEGUIMOS", "subpacto": "FRENTE AMPLIO E INDEPENDIENTES"}, "CESAR MONSALVE ORTEGA": {"votos": 74, "pct": 0.0136, "partido": "UNION DEMOCRATA INDEPENDIENTE", "pacto": "CHILE VAMOS UDI-EVOPOLI E INDEPENDIENTES", "subpacto": "UDI - INDEPENDIENTES"}, "CLAUDIO CHRISTIAN SEPULVEDA ORMAZABAL": {"votos": 161, "pct": 0.0296, "partido": "FRENTE AMPLIO", "pacto": "POR CHILE, SEGUIMOS", "subpacto": "FRENTE AMPLIO E INDEPENDIENTES"}, "CRISTIAN ANTONIO FLORES MENA": {"votos": 50, "pct": 0.0092, "partido": "RENOVACION NACIONAL", "pacto": "CHILE VAMOS RENOVACIÓN NACIONAL - INDEPENDIENTES"}, "DAYANA ARELLANO SALINAS": {"votos": 82, "pct": 0.0151, "partido": "INDEPENDIENTES", "pacto": "CHILE MUCHO MEJOR", "subpacto": "PPD E INDEPENDIENTES"}, "DIEGO ANDRES MARTINEZ OTAROLA": {"votos": 122, "pct": 0.0224, "partido": "RENOVACION NACIONAL", "pacto": "CHILE VAMOS RENOVACIÓN NACIONAL - INDEPENDIENTES", "elected": true}, "DIEGO DELGADO DOMINGUEZ": {"votos": 49, "pct": 0.009, "partido": "INDEPENDIENTES", "pacto": "CHILE VAMOS UDI-EVOPOLI E INDEPENDIENTES", "subpacto": "UDI - INDEPENDIENTES"}, "DIEGO IGNACIO FUENTES LIRA": {"votos": 215, "pct": 0.0395, "partido": "INDEPENDIENTES", "pacto": "TU COMUNA RADICAL", "elected": true}, "ERICA PATRICIA ROJAS SALINAS": {"votos": 51, "pct": 0.0094, "partido": "INDEPENDIENTES", "pacto": "TU COMUNA RADICAL"}, "FELIPE ALBERTO DELGADO ANDRADES": {"votos": 17, "pct": 0.0031, "partido": "UNION DEMOCRATA INDEPENDIENTE", "pacto": "CHILE VAMOS UDI-EVOPOLI E INDEPENDIENTES", "subpacto": "UDI - INDEPENDIENTES"}, "FLORENCIO ENRIQUE KUNTZ SANHUEZA": {"votos": 250, "pct": 0.0459, "partido": "PARTIDO REPUBLICANO DE CHILE", "pacto": "REPUBLICANOS E INDEPENDIENTES", "elected": true}, "FRANCISCO JAVIER CATALDO SANTANDER": {"votos": 77, "pct": 0.0141, "partido": "INDEPENDIENTES", "pacto": "VERDES LIBERALES POR UNA COMUNA SEGURA", "subpacto": "PARTIDO FEDERACIÓN REGIONALISTA VERDE SOCIAL E INDEPENDIENTES"}, "FRANCO JAVIER LOPEZ ESPARZA": {"votos": 45, "pct": 0.0083, "partido": "INDEPENDIENTES", "pacto": "VERDES LIBERALES POR UNA COMUNA SEGURA", "subpacto": "PARTIDO LIBERAL DE CHILE E INDEPENDIENTES"}, "GABRIEL HERNAN LOPEZ URRA": {"votos": 31, "pct": 0.0057, "partido": "INDEPENDIENTES", "pacto": "CHILE VAMOS RENOVACIÓN NACIONAL - INDEPENDIENTES"}, "GIOVANNI ANDRES ROJAS DAVILA": {"votos": 73, "pct": 0.0134, "partido": "FRENTE AMPLIO", "pacto": "POR CHILE, SEGUIMOS", "subpacto": "FRENTE AMPLIO E INDEPENDIENTES"}, "ISABEL DEL CARMEN ESPINOZA GONZALEZ": {"votos": 73, "pct": 0.0134, "partido": "FEDERACION REGIONALISTA VERDE SOCIAL", "pacto": "VERDES LIBERALES POR UNA COMUNA SEGURA", "subpacto": "PARTIDO FEDERACIÓN REGIONALISTA VERDE SOCIAL E INDEPENDIENTES"}, "ISHKRA WLADIMIR CALDERON SOTO": {"votos": 150, "pct": 0.0275, "partido": "PARTIDO COMUNISTA DE CHILE", "pacto": "POR CHILE, SEGUIMOS", "subpacto": "PARTIDO COMUNISTA DE CHILE E INDEPENDIENTES"}, "ISMAEL ANTONIO ARAYA ARAYA": {"votos": 123, "pct": 0.0226, "partido": "INDEPENDIENTES", "pacto": "TU COMUNA RADICAL", "elected": true}, "JAIME ANDRES MARTINEZ MORAGA": {"votos": 15, "pct": 0.0028, "partido": "INDEPENDIENTES", "pacto": "CENTRO DEMOCRATICO", "subpacto": "DEMOCRATAS E INDEPENDIENTES"}, "JESUS TORREJON SEGOVIA": {"votos": 49, "pct": 0.009, "partido": "PARTIDO DEMOCRATA CRISTIANO", "pacto": "CHILE MUCHO MEJOR", "subpacto": "PDC E INDEPENDIENTES"}, "JORGE NUÑEZ ESPINOZA": {"votos": 13, "pct": 0.0024, "partido": "PARTIDO DEMOCRATAS CHILE", "pacto": "CENTRO DEMOCRATICO", "subpacto": "DEMOCRATAS E INDEPENDIENTES"}, "JOSE DOMINGO GALAZ BELTRAN": {"votos": 44, "pct": 0.0081, "partido": "PARTIDO SOCIALISTA DE CHILE", "pacto": "CHILE MUCHO MEJOR", "subpacto": "PS E INDEPENDIENTES"}, "JUAN CARLOS GODOY MARICIC": {"votos": 208, "pct": 0.0382, "partido": "PARTIDO REPUBLICANO DE CHILE", "pacto": "REPUBLICANOS E INDEPENDIENTES"}, "JUAN PABLO ARAYA IBARRA": {"votos": 49, "pct": 0.009, "partido": "INDEPENDIENTES", "pacto": "TU COMUNA RADICAL"}, "KAREN ANDREA SERRANO CONCHA": {"votos": 41, "pct": 0.0075, "partido": "PARTIDO DEMOCRATAS CHILE", "pacto": "CENTRO DEMOCRATICO", "subpacto": "DEMOCRATAS E INDEPENDIENTES"}, "LESLIE ELIZABETH ALARCON VELASQUEZ": {"votos": 45, "pct": 0.0083, "partido": "INDEPENDIENTES", "pacto": "CHILE MUCHO MEJOR", "subpacto": "PPD E INDEPENDIENTES"}, "MAURICIO ALFONSO LOPEZ MUÑIZ": {"votos": 44, "pct": 0.0081, "partido": "INDEPENDIENTES", "pacto": "CHILE MUCHO MEJOR", "subpacto": "PPD E INDEPENDIENTES"}, "MAURICIO CESAR RAMIREZ LEVIN": {"votos": 41, "pct": 0.0075, "partido": "PARTIDO DEMOCRATA CRISTIANO", "pacto": "CHILE MUCHO MEJOR", "subpacto": "PDC E INDEPENDIENTES"}, "MIGUEL ANTONIO CERDA ORTIZ": {"votos": 18, "pct": 0.0033, "partido": "INDEPENDIENTES", "pacto": "CHILE VAMOS RENOVACIÓN NACIONAL - INDEPENDIENTES"}, "NICOLAS MARTIN DUEK MORGAN": {"votos": 25, "pct": 0.0046, "partido": "UNION DEMOCRATA INDEPENDIENTE", "pacto": "CHILE VAMOS UDI-EVOPOLI E INDEPENDIENTES", "subpacto": "UDI - INDEPENDIENTES"}, "NORA CONTRERAS CANALES": {"votos": 315, "pct": 0.0578, "partido": "UNION DEMOCRATA INDEPENDIENTE", "pacto": "CHILE VAMOS UDI-EVOPOLI E INDEPENDIENTES", "subpacto": "UDI - INDEPENDIENTES", "elected": true}, "PATRICIO IGNACIO ILUFI BORQUEZ": {"votos": 20, "pct": 0.0037, "partido": "INDEPENDIENTES", "pacto": "CENTRO DEMOCRATICO", "subpacto": "DEMOCRATAS E INDEPENDIENTES"}, "PAULINA SILVANA LIZAMA YAÑEZ": {"votos": 50, "pct": 0.0092, "partido": "INDEPENDIENTES", "pacto": "CHILE VAMOS RENOVACIÓN NACIONAL - INDEPENDIENTES"}, "RITA ANDREA CUEVAS VALDES": {"votos": 104, "pct": 0.0191, "partido": "INDEPENDIENTES", "pacto": "TU COMUNA RADICAL"}, "SANDRA CACERES RIOS": {"votos": 20, "pct": 0.0037, "partido": "UNION DEMOCRATA INDEPENDIENTE", "pacto": "CHILE VAMOS UDI-EVOPOLI E INDEPENDIENTES", "subpacto": "UDI - INDEPENDIENTES"}, "VICTOR ALEJANDRO VERA CASTILLO": {"votos": 35, "pct": 0.0064, "partido": "PARTIDO DEMOCRATAS CHILE", "pacto": "CENTRO DEMOCRATICO", "subpacto": "DEMOCRATAS E INDEPENDIENTES"}, "YAMILETTE CAROLINA GARATE SOTO": {"votos": 166, "pct": 0.0305, "partido": "PARTIDO COMUNISTA DE CHILE", "pacto": "POR CHILE, SEGUIMOS", "subpacto": "PARTIDO COMUNISTA DE CHILE E INDEPENDIENTES", "elected": true}, "__blancos__": {"votos": 465, "pct": 0.0854, "partido": "otros", "pacto": "otros"}, "__nulos__": {"votos": 891, "pct": 0.1636, "partido": "otros", "pacto": "otros"}}, "muni24": {"CAMILA INES AVILES": {"votos": 870, "pct": 0.1591, "partido": "PARTIDO DEMOCRATAS CHILE", "pacto": "PARTIDO DEMOCRATAS CHILE"}, "CLAUDIO NICOLAS CASTRO": {"votos": 3832, "pct": 0.7008, "partido": "INDEPENDIENTES", "pacto": "INDEPENDIENTES"}, "PAUL FREDDY HERRERA": {"votos": 250, "pct": 0.0457, "partido": "PARTIDO DE LA GENTE", "pacto": "PARTIDO DE LA GENTE"}, "__blancos__": {"votos": 157, "pct": 0.0287, "partido": "otros", "pacto": "otros"}, "__nulos__": {"votos": 359, "pct": 0.0657, "partido": "otros", "pacto": "otros"}}, "parla25": {"100 MARGARITA GARRIDO ACEVEDO": {"votos": 91, "pct": 0.017, "partido": "PNL", "pacto": "K - CAMBIO POR CHILE"}, "101 VALESKA OYARCE PEÑA": {"votos": 34, "pct": 0.0063, "partido": "PSC", "pacto": "K - CAMBIO POR CHILE"}, "102 ALBERTO SEGUEL MENA": {"votos": 24, "pct": 0.0045, "partido": "PSC", "pacto": "K - CAMBIO POR CHILE"}, "103 CAROLINA GARATE VERGARA": {"votos": 48, "pct": 0.009, "partido": "PSC", "pacto": "K - CAMBIO POR CHILE"}, "51 ALEJANDRA PEREZ ESPINA": {"votos": 26, "pct": 0.0049, "partido": "AH", "pacto": "B - VERDES, REGIONALISTAS Y HUMANISTAS"}, "52 ARIEL MATELUNA MATELUNA": {"votos": 56, "pct": 0.0105, "partido": "IND-AH", "pacto": "B - VERDES, REGIONALISTAS Y HUMANISTAS"}, "53 WALESKA UBIERNA NAVARRO": {"votos": 16, "pct": 0.003, "partido": "AH", "pacto": "B - VERDES, REGIONALISTAS Y HUMANISTAS"}, "54 JOSE LUIS VILLAGRAN BARAHONA": {"votos": 21, "pct": 0.0039, "partido": "IND-AH", "pacto": "B - VERDES, REGIONALISTAS Y HUMANISTAS"}, "55 PAOLA CADIZ NUÑEZ": {"votos": 11, "pct": 0.0021, "partido": "FREVS", "pacto": "B - VERDES, REGIONALISTAS Y HUMANISTAS"}, "56 EVELYN FARIAS AILIO": {"votos": 10, "pct": 0.0019, "partido": "IND-FREVS", "pacto": "B - VERDES, REGIONALISTAS Y HUMANISTAS"}, "57 JOSE SEPULVEDA ZELADA": {"votos": 18, "pct": 0.0034, "partido": "IND-FREVS", "pacto": "B - VERDES, REGIONALISTAS Y HUMANISTAS"}, "58 ANDRES GIORDANO SALAZAR": {"votos": 119, "pct": 0.0222, "partido": "FA", "pacto": "C - UNIDAD POR CHILE"}, "59 LEONARDO JOFRE RIOS": {"votos": 376, "pct": 0.0702, "partido": "FA", "pacto": "C - UNIDAD POR CHILE"}, "60 BORIS BARRERA MORENO": {"votos": 441, "pct": 0.0823, "partido": "PCCH", "pacto": "C - UNIDAD POR CHILE"}, "61 CAROLA RIVERO CANALES": {"votos": 132, "pct": 0.0246, "partido": "PS", "pacto": "C - UNIDAD POR CHILE"}, "62 CESAR VALENZUELA MAASS": {"votos": 414, "pct": 0.0773, "partido": "PS", "pacto": "C - UNIDAD POR CHILE"}, "63 SANDRA GONZALEZ ZAMORANO": {"votos": 51, "pct": 0.0095, "partido": "IND-PPD", "pacto": "C - UNIDAD POR CHILE"}, "64 CARLOS CUADRADO PRATS": {"votos": 68, "pct": 0.0127, "partido": "PPD", "pacto": "C - UNIDAD POR CHILE"}, "65 AMELIA DEL CARMEN GALLEGOS RAMIREZ": {"votos": 49, "pct": 0.0091, "partido": "PH", "pacto": "D - IZQUIERDA ECOLOGISTA POPULAR ANIMALISTA Y HUMANISTA"}, "66 VIVIANA MONTECINOS SUAZO": {"votos": 58, "pct": 0.0108, "partido": "IND-PH", "pacto": "D - IZQUIERDA ECOLOGISTA POPULAR ANIMALISTA Y HUMANISTA"}, "67 ADRIAN ANTONIO LIZAMA BARRA": {"votos": 26, "pct": 0.0049, "partido": "IND-PH", "pacto": "D - IZQUIERDA ECOLOGISTA POPULAR ANIMALISTA Y HUMANISTA"}, "68 JUAN ANDRES PINO MADRID": {"votos": 29, "pct": 0.0054, "partido": "IND-PH", "pacto": "D - IZQUIERDA ECOLOGISTA POPULAR ANIMALISTA Y HUMANISTA"}, "69 SERGIO ENRIQUE FLORES RAMIREZ": {"votos": 40, "pct": 0.0075, "partido": "IND-PH", "pacto": "D - IZQUIERDA ECOLOGISTA POPULAR ANIMALISTA Y HUMANISTA"}, "70 ESTER BARRIENTOS VARGAS": {"votos": 21, "pct": 0.0039, "partido": "IND-PH", "pacto": "D - IZQUIERDA ECOLOGISTA POPULAR ANIMALISTA Y HUMANISTA"}, "71 LUIS ALBERTO DONOSO URIBE": {"votos": 20, "pct": 0.0037, "partido": "IND-PH", "pacto": "D - IZQUIERDA ECOLOGISTA POPULAR ANIMALISTA Y HUMANISTA"}, "72 MANUEL ENRIQUE MUÑOZ PALACIOS": {"votos": 30, "pct": 0.0056, "partido": "PAVP", "pacto": "G - PARTIDO ALIANZA VERDE POPULAR"}, "73 XUXA ALVAREZ FERNANDEZ": {"votos": 45, "pct": 0.0084, "partido": "PAVP", "pacto": "G - PARTIDO ALIANZA VERDE POPULAR"}, "74 JOSE GUILLERMO ROJAS INOSTROZA": {"votos": 15, "pct": 0.0028, "partido": "PAVP", "pacto": "G - PARTIDO ALIANZA VERDE POPULAR"}, "75 ISABEL PALMA PALMA": {"votos": 14, "pct": 0.0026, "partido": "PAVP", "pacto": "G - PARTIDO ALIANZA VERDE POPULAR"}, "76 MARIA ELENA VALENZUELA PINO": {"votos": 7, "pct": 0.0013, "partido": "PAVP", "pacto": "G - PARTIDO ALIANZA VERDE POPULAR"}, "77 LORENZO LEPIN ARANEDA": {"votos": 8, "pct": 0.0015, "partido": "PAVP", "pacto": "G - PARTIDO ALIANZA VERDE POPULAR"}, "78 DANIEL EDUARDO CANTO GONZALEZ": {"votos": 2, "pct": 0.0004, "partido": "PAVP", "pacto": "G - PARTIDO ALIANZA VERDE POPULAR"}, "79 ROBERTO LOBOS VILLASECA": {"votos": 18, "pct": 0.0034, "partido": "PAVP", "pacto": "G - PARTIDO ALIANZA VERDE POPULAR"}, "80 TAMARA ALEJANDRA RAMIREZ RAMIREZ": {"votos": 210, "pct": 0.0392, "partido": "PDG", "pacto": "I - PARTIDO DE LA GENTE"}, "81 ANDRES RIGOBERTO CACERES BRAVO": {"votos": 75, "pct": 0.014, "partido": "PDG", "pacto": "I - PARTIDO DE LA GENTE"}, "82 PAMELA DEL TRANSITO AMARO ARAYA": {"votos": 67, "pct": 0.0125, "partido": "PDG", "pacto": "I - PARTIDO DE LA GENTE"}, "83 FRANCISCO JAVIER LIZANA DONOSO": {"votos": 81, "pct": 0.0151, "partido": "PDG", "pacto": "I - PARTIDO DE LA GENTE"}, "84 CESAR ABRAHAM SUAY JEREZ": {"votos": 51, "pct": 0.0095, "partido": "PDG", "pacto": "I - PARTIDO DE LA GENTE"}, "85 MARIA SOLEDAD LIEMPAN APELEO": {"votos": 36, "pct": 0.0067, "partido": "PDG", "pacto": "I - PARTIDO DE LA GENTE"}, "86 CRESCENCIO ALBERTO LOPEZ PEREZ": {"votos": 23, "pct": 0.0043, "partido": "PDG", "pacto": "I - PARTIDO DE LA GENTE"}, "87 CHRISTOPHER ELIAS YAÑEZ LEAL": {"votos": 37, "pct": 0.0069, "partido": "PDG", "pacto": "I - PARTIDO DE LA GENTE"}, "88 GUILLERMO RAMIREZ DIEZ": {"votos": 67, "pct": 0.0125, "partido": "UDI", "pacto": "J - CHILE GRANDE Y UNIDO"}, "89 JOSE MIGUEL GONZALEZ ZAPATA": {"votos": 36, "pct": 0.0067, "partido": "UDI", "pacto": "J - CHILE GRANDE Y UNIDO"}, "90 ERIKA OLIVERA DE LA FUENTE": {"votos": 57, "pct": 0.0106, "partido": "DEMOCRATAS", "pacto": "J - CHILE GRANDE Y UNIDO"}, "91 VERONICA MONTECINOS ORTIZ": {"votos": 26, "pct": 0.0049, "partido": "DEMOCRATAS", "pacto": "J - CHILE GRANDE Y UNIDO"}, "92 ALDO DUQUE SANTOS": {"votos": 39, "pct": 0.0073, "partido": "IND-RN", "pacto": "J - CHILE GRANDE Y UNIDO"}, "93 MARIA ELENA BARCO SANCHEZ": {"votos": 26, "pct": 0.0049, "partido": "RN", "pacto": "J - CHILE GRANDE Y UNIDO"}, "94 FELIPE VIDAL CUEVAS": {"votos": 102, "pct": 0.019, "partido": "IND-EVOPOLI", "pacto": "J - CHILE GRANDE Y UNIDO"}, "95 JUAN MANUEL SANTA CRUZ CAMPAÑA": {"votos": 25, "pct": 0.0047, "partido": "EVOPOLI", "pacto": "J - CHILE GRANDE Y UNIDO"}, "96 JOSE CARLOS MEZA PEREIRA": {"votos": 241, "pct": 0.045, "partido": "REPUBLICAN", "pacto": "K - CAMBIO POR CHILE"}, "97 MACARENA GARCIA-HUIDOBRO LLORT": {"votos": 117, "pct": 0.0218, "partido": "REPUBLICAN", "pacto": "K - CAMBIO POR CHILE"}, "98 JAVIERA RODRIGUEZ PASCUAL": {"votos": 217, "pct": 0.0405, "partido": "REPUBLICAN", "pacto": "K - CAMBIO POR CHILE"}, "99 MAXIMILIANO MURATH MANSILLA": {"votos": 165, "pct": 0.0308, "partido": "PNL", "pacto": "K - CAMBIO POR CHILE"}, "__blancos__": {"votos": 406, "pct": 0.0758, "partido": "otros", "pacto": "No aplica"}, "__nulos__": {"votos": 914, "pct": 0.1706, "partido": "otros", "pacto": "No aplica"}}, "pres1v25": {"1 FRANCO PARISI FERNANDEZ": {"votos": 951, "pct": 0.1778, "partido": "presidencial", "pacto": "presidencial"}, "2 JEANNETTE JARA ROMAN": {"votos": 2071, "pct": 0.3872, "partido": "presidencial", "pacto": "presidencial"}, "3 MARCO ANTONIO ENRIQUEZ-OMINAMI GUMUCIO": {"votos": 86, "pct": 0.0161, "partido": "presidencial", "pacto": "presidencial"}, "4 JOHANNES KAISER BARENTS-VON HOHENHAGEN": {"votos": 591, "pct": 0.1105, "partido": "presidencial", "pacto": "presidencial"}, "5 JOSE ANTONIO KAST RIST": {"votos": 895, "pct": 0.1674, "partido": "presidencial", "pacto": "presidencial"}, "6 EDUARDO ANTONIO ARTES BRICHETTI": {"votos": 42, "pct": 0.0079, "partido": "presidencial", "pacto": "presidencial"}, "7 EVELYN MATTHEI FORNET": {"votos": 455, "pct": 0.0851, "partido": "presidencial", "pacto": "presidencial"}, "8 HAROLD MAYNE-NICHOLLS SECUL": {"votos": 76, "pct": 0.0142, "partido": "presidencial", "pacto": "presidencial"}, "__blancos__": {"votos": 49, "pct": 0.0092, "partido": "presidencial", "pacto": "presidencial"}, "__nulos__": {"votos": 132, "pct": 0.0247, "partido": "presidencial", "pacto": "presidencial"}}, "pres2v25": {"2 JEANNETTE JARA ROMAN": {"votos": 2859, "pct": 0.5351, "partido": "presidencial", "pacto": "presidencial"}, "5 JOSE ANTONIO KAST RIST": {"votos": 2158, "pct": 0.4039, "partido": "presidencial", "pacto": "presidencial"}, "__blancos__": {"votos": 57, "pct": 0.0107, "partido": "presidencial", "pacto": "presidencial"}, "__nulos__": {"votos": 269, "pct": 0.0503, "partido": "presidencial", "pacto": "presidencial"}}}}, "geometry": {"type": "Point", "coordinates": [-70.72328619, -33.40527766]}}, {"type": "Feature", "properties": {"local": "ESCUELA DOMINGO SANTA MARIA GONZALEZ", "elections": {"conc24": {"AGHATA SANTANA CARRASCO": {"votos": 14, "pct": 0.0024, "partido": "PARTIDO DEMOCRATAS CHILE", "pacto": "CENTRO DEMOCRATICO", "subpacto": "DEMOCRATAS E INDEPENDIENTES"}, "ANGELINA DEL CARMEN ACEVEDO TAPIA": {"votos": 31, "pct": 0.0053, "partido": "INDEPENDIENTES", "pacto": "TU COMUNA RADICAL"}, "BENJAMIN ESTEBAN LEAL HERNANDEZ": {"votos": 165, "pct": 0.0282, "partido": "PARTIDO SOCIAL CRISTIANO", "pacto": "PARTIDO SOCIAL CRISTIANO E INDEPENDIENTES"}, "BIANCA BALCAZAR AREVALO": {"votos": 63, "pct": 0.0108, "partido": "INDEPENDIENTES", "pacto": "CHILE VAMOS RENOVACIÓN NACIONAL - INDEPENDIENTES"}, "CARLOS COLLAO VEGA": {"votos": 55, "pct": 0.0094, "partido": "PARTIDO DEMOCRATAS CHILE", "pacto": "CENTRO DEMOCRATICO", "subpacto": "DEMOCRATAS E INDEPENDIENTES"}, "CAROLINA ANDREA COÑOPAN ARAYA": {"votos": 125, "pct": 0.0214, "partido": "INDEPENDIENTES", "pacto": "POR CHILE, SEGUIMOS", "subpacto": "FRENTE AMPLIO E INDEPENDIENTES", "elected": true}, "CATHERINE ARAYA TORREJON": {"votos": 70, "pct": 0.012, "partido": "PARTIDO SOCIALISTA DE CHILE", "pacto": "CHILE MUCHO MEJOR", "subpacto": "PS E INDEPENDIENTES"}, "CECILIA DEL CARMEN GACITUA GACITUA": {"votos": 92, "pct": 0.0157, "partido": "INDEPENDIENTES", "pacto": "TU COMUNA RADICAL"}, "CECILIA DEL PILAR LOPEZ CONTRERAS": {"votos": 194, "pct": 0.0331, "partido": "PARTIDO SOCIALISTA DE CHILE", "pacto": "CHILE MUCHO MEJOR", "subpacto": "PS E INDEPENDIENTES", "elected": true}, "CESAR DEMETRIO AMESTICA ALARCON": {"votos": 124, "pct": 0.0212, "partido": "FRENTE AMPLIO", "pacto": "POR CHILE, SEGUIMOS", "subpacto": "FRENTE AMPLIO E INDEPENDIENTES"}, "CESAR MONSALVE ORTEGA": {"votos": 67, "pct": 0.0114, "partido": "UNION DEMOCRATA INDEPENDIENTE", "pacto": "CHILE VAMOS UDI-EVOPOLI E INDEPENDIENTES", "subpacto": "UDI - INDEPENDIENTES"}, "CLAUDIO CHRISTIAN SEPULVEDA ORMAZABAL": {"votos": 172, "pct": 0.0294, "partido": "FRENTE AMPLIO", "pacto": "POR CHILE, SEGUIMOS", "subpacto": "FRENTE AMPLIO E INDEPENDIENTES"}, "CRISTIAN ANTONIO FLORES MENA": {"votos": 78, "pct": 0.0133, "partido": "RENOVACION NACIONAL", "pacto": "CHILE VAMOS RENOVACIÓN NACIONAL - INDEPENDIENTES"}, "DAYANA ARELLANO SALINAS": {"votos": 92, "pct": 0.0157, "partido": "INDEPENDIENTES", "pacto": "CHILE MUCHO MEJOR", "subpacto": "PPD E INDEPENDIENTES"}, "DIEGO ANDRES MARTINEZ OTAROLA": {"votos": 127, "pct": 0.0217, "partido": "RENOVACION NACIONAL", "pacto": "CHILE VAMOS RENOVACIÓN NACIONAL - INDEPENDIENTES", "elected": true}, "DIEGO DELGADO DOMINGUEZ": {"votos": 56, "pct": 0.0096, "partido": "INDEPENDIENTES", "pacto": "CHILE VAMOS UDI-EVOPOLI E INDEPENDIENTES", "subpacto": "UDI - INDEPENDIENTES"}, "DIEGO IGNACIO FUENTES LIRA": {"votos": 291, "pct": 0.0497, "partido": "INDEPENDIENTES", "pacto": "TU COMUNA RADICAL", "elected": true}, "ERICA PATRICIA ROJAS SALINAS": {"votos": 61, "pct": 0.0104, "partido": "INDEPENDIENTES", "pacto": "TU COMUNA RADICAL"}, "FELIPE ALBERTO DELGADO ANDRADES": {"votos": 22, "pct": 0.0038, "partido": "UNION DEMOCRATA INDEPENDIENTE", "pacto": "CHILE VAMOS UDI-EVOPOLI E INDEPENDIENTES", "subpacto": "UDI - INDEPENDIENTES"}, "FLORENCIO ENRIQUE KUNTZ SANHUEZA": {"votos": 307, "pct": 0.0525, "partido": "PARTIDO REPUBLICANO DE CHILE", "pacto": "REPUBLICANOS E INDEPENDIENTES", "elected": true}, "FRANCISCO JAVIER CATALDO SANTANDER": {"votos": 70, "pct": 0.012, "partido": "INDEPENDIENTES", "pacto": "VERDES LIBERALES POR UNA COMUNA SEGURA", "subpacto": "PARTIDO FEDERACIÓN REGIONALISTA VERDE SOCIAL E INDEPENDIENTES"}, "FRANCO JAVIER LOPEZ ESPARZA": {"votos": 44, "pct": 0.0075, "partido": "INDEPENDIENTES", "pacto": "VERDES LIBERALES POR UNA COMUNA SEGURA", "subpacto": "PARTIDO LIBERAL DE CHILE E INDEPENDIENTES"}, "GABRIEL HERNAN LOPEZ URRA": {"votos": 43, "pct": 0.0073, "partido": "INDEPENDIENTES", "pacto": "CHILE VAMOS RENOVACIÓN NACIONAL - INDEPENDIENTES"}, "GIOVANNI ANDRES ROJAS DAVILA": {"votos": 153, "pct": 0.0261, "partido": "FRENTE AMPLIO", "pacto": "POR CHILE, SEGUIMOS", "subpacto": "FRENTE AMPLIO E INDEPENDIENTES"}, "ISABEL DEL CARMEN ESPINOZA GONZALEZ": {"votos": 84, "pct": 0.0144, "partido": "FEDERACION REGIONALISTA VERDE SOCIAL", "pacto": "VERDES LIBERALES POR UNA COMUNA SEGURA", "subpacto": "PARTIDO FEDERACIÓN REGIONALISTA VERDE SOCIAL E INDEPENDIENTES"}, "ISHKRA WLADIMIR CALDERON SOTO": {"votos": 165, "pct": 0.0282, "partido": "PARTIDO COMUNISTA DE CHILE", "pacto": "POR CHILE, SEGUIMOS", "subpacto": "PARTIDO COMUNISTA DE CHILE E INDEPENDIENTES"}, "ISMAEL ANTONIO ARAYA ARAYA": {"votos": 140, "pct": 0.0239, "partido": "INDEPENDIENTES", "pacto": "TU COMUNA RADICAL", "elected": true}, "JAIME ANDRES MARTINEZ MORAGA": {"votos": 29, "pct": 0.005, "partido": "INDEPENDIENTES", "pacto": "CENTRO DEMOCRATICO", "subpacto": "DEMOCRATAS E INDEPENDIENTES"}, "JESUS TORREJON SEGOVIA": {"votos": 59, "pct": 0.0101, "partido": "PARTIDO DEMOCRATA CRISTIANO", "pacto": "CHILE MUCHO MEJOR", "subpacto": "PDC E INDEPENDIENTES"}, "JORGE NUÑEZ ESPINOZA": {"votos": 8, "pct": 0.0014, "partido": "PARTIDO DEMOCRATAS CHILE", "pacto": "CENTRO DEMOCRATICO", "subpacto": "DEMOCRATAS E INDEPENDIENTES"}, "JOSE DOMINGO GALAZ BELTRAN": {"votos": 29, "pct": 0.005, "partido": "PARTIDO SOCIALISTA DE CHILE", "pacto": "CHILE MUCHO MEJOR", "subpacto": "PS E INDEPENDIENTES"}, "JUAN CARLOS GODOY MARICIC": {"votos": 212, "pct": 0.0362, "partido": "PARTIDO REPUBLICANO DE CHILE", "pacto": "REPUBLICANOS E INDEPENDIENTES"}, "JUAN PABLO ARAYA IBARRA": {"votos": 100, "pct": 0.0171, "partido": "INDEPENDIENTES", "pacto": "TU COMUNA RADICAL"}, "KAREN ANDREA SERRANO CONCHA": {"votos": 36, "pct": 0.0062, "partido": "PARTIDO DEMOCRATAS CHILE", "pacto": "CENTRO DEMOCRATICO", "subpacto": "DEMOCRATAS E INDEPENDIENTES"}, "LESLIE ELIZABETH ALARCON VELASQUEZ": {"votos": 36, "pct": 0.0062, "partido": "INDEPENDIENTES", "pacto": "CHILE MUCHO MEJOR", "subpacto": "PPD E INDEPENDIENTES"}, "MAURICIO ALFONSO LOPEZ MUÑIZ": {"votos": 27, "pct": 0.0046, "partido": "INDEPENDIENTES", "pacto": "CHILE MUCHO MEJOR", "subpacto": "PPD E INDEPENDIENTES"}, "MAURICIO CESAR RAMIREZ LEVIN": {"votos": 18, "pct": 0.0031, "partido": "PARTIDO DEMOCRATA CRISTIANO", "pacto": "CHILE MUCHO MEJOR", "subpacto": "PDC E INDEPENDIENTES"}, "MIGUEL ANTONIO CERDA ORTIZ": {"votos": 24, "pct": 0.0041, "partido": "INDEPENDIENTES", "pacto": "CHILE VAMOS RENOVACIÓN NACIONAL - INDEPENDIENTES"}, "NICOLAS MARTIN DUEK MORGAN": {"votos": 20, "pct": 0.0034, "partido": "UNION DEMOCRATA INDEPENDIENTE", "pacto": "CHILE VAMOS UDI-EVOPOLI E INDEPENDIENTES", "subpacto": "UDI - INDEPENDIENTES"}, "NORA CONTRERAS CANALES": {"votos": 537, "pct": 0.0917, "partido": "UNION DEMOCRATA INDEPENDIENTE", "pacto": "CHILE VAMOS UDI-EVOPOLI E INDEPENDIENTES", "subpacto": "UDI - INDEPENDIENTES", "elected": true}, "PATRICIO IGNACIO ILUFI BORQUEZ": {"votos": 23, "pct": 0.0039, "partido": "INDEPENDIENTES", "pacto": "CENTRO DEMOCRATICO", "subpacto": "DEMOCRATAS E INDEPENDIENTES"}, "PAULINA SILVANA LIZAMA YAÑEZ": {"votos": 67, "pct": 0.0114, "partido": "INDEPENDIENTES", "pacto": "CHILE VAMOS RENOVACIÓN NACIONAL - INDEPENDIENTES"}, "RITA ANDREA CUEVAS VALDES": {"votos": 90, "pct": 0.0154, "partido": "INDEPENDIENTES", "pacto": "TU COMUNA RADICAL"}, "SANDRA CACERES RIOS": {"votos": 37, "pct": 0.0063, "partido": "UNION DEMOCRATA INDEPENDIENTE", "pacto": "CHILE VAMOS UDI-EVOPOLI E INDEPENDIENTES", "subpacto": "UDI - INDEPENDIENTES"}, "VICTOR ALEJANDRO VERA CASTILLO": {"votos": 38, "pct": 0.0065, "partido": "PARTIDO DEMOCRATAS CHILE", "pacto": "CENTRO DEMOCRATICO", "subpacto": "DEMOCRATAS E INDEPENDIENTES"}, "YAMILETTE CAROLINA GARATE SOTO": {"votos": 148, "pct": 0.0253, "partido": "PARTIDO COMUNISTA DE CHILE", "pacto": "POR CHILE, SEGUIMOS", "subpacto": "PARTIDO COMUNISTA DE CHILE E INDEPENDIENTES", "elected": true}, "__blancos__": {"votos": 535, "pct": 0.0914, "partido": "otros", "pacto": "otros"}, "__nulos__": {"votos": 875, "pct": 0.1495, "partido": "otros", "pacto": "otros"}}, "muni24": {"CAMILA INES AVILES": {"votos": 1010, "pct": 0.174, "partido": "PARTIDO DEMOCRATAS CHILE", "pacto": "PARTIDO DEMOCRATAS CHILE"}, "CLAUDIO NICOLAS CASTRO": {"votos": 3972, "pct": 0.6841, "partido": "INDEPENDIENTES", "pacto": "INDEPENDIENTES"}, "PAUL FREDDY HERRERA": {"votos": 263, "pct": 0.0453, "partido": "PARTIDO DE LA GENTE", "pacto": "PARTIDO DE LA GENTE"}, "__blancos__": {"votos": 215, "pct": 0.037, "partido": "otros", "pacto": "otros"}, "__nulos__": {"votos": 346, "pct": 0.0596, "partido": "otros", "pacto": "otros"}}, "parla25": {"100 MARGARITA GARRIDO ACEVEDO": {"votos": 110, "pct": 0.0187, "partido": "PNL", "pacto": "K - CAMBIO POR CHILE"}, "101 VALESKA OYARCE PEÑA": {"votos": 19, "pct": 0.0032, "partido": "PSC", "pacto": "K - CAMBIO POR CHILE"}, "102 ALBERTO SEGUEL MENA": {"votos": 26, "pct": 0.0044, "partido": "PSC", "pacto": "K - CAMBIO POR CHILE"}, "103 CAROLINA GARATE VERGARA": {"votos": 43, "pct": 0.0073, "partido": "PSC", "pacto": "K - CAMBIO POR CHILE"}, "51 ALEJANDRA PEREZ ESPINA": {"votos": 33, "pct": 0.0056, "partido": "AH", "pacto": "B - VERDES, REGIONALISTAS Y HUMANISTAS"}, "52 ARIEL MATELUNA MATELUNA": {"votos": 44, "pct": 0.0075, "partido": "IND-AH", "pacto": "B - VERDES, REGIONALISTAS Y HUMANISTAS"}, "53 WALESKA UBIERNA NAVARRO": {"votos": 19, "pct": 0.0032, "partido": "AH", "pacto": "B - VERDES, REGIONALISTAS Y HUMANISTAS"}, "54 JOSE LUIS VILLAGRAN BARAHONA": {"votos": 19, "pct": 0.0032, "partido": "IND-AH", "pacto": "B - VERDES, REGIONALISTAS Y HUMANISTAS"}, "55 PAOLA CADIZ NUÑEZ": {"votos": 13, "pct": 0.0022, "partido": "FREVS", "pacto": "B - VERDES, REGIONALISTAS Y HUMANISTAS"}, "56 EVELYN FARIAS AILIO": {"votos": 25, "pct": 0.0043, "partido": "IND-FREVS", "pacto": "B - VERDES, REGIONALISTAS Y HUMANISTAS"}, "57 JOSE SEPULVEDA ZELADA": {"votos": 13, "pct": 0.0022, "partido": "IND-FREVS", "pacto": "B - VERDES, REGIONALISTAS Y HUMANISTAS"}, "58 ANDRES GIORDANO SALAZAR": {"votos": 153, "pct": 0.026, "partido": "FA", "pacto": "C - UNIDAD POR CHILE"}, "59 LEONARDO JOFRE RIOS": {"votos": 261, "pct": 0.0444, "partido": "FA", "pacto": "C - UNIDAD POR CHILE"}, "60 BORIS BARRERA MORENO": {"votos": 373, "pct": 0.0635, "partido": "PCCH", "pacto": "C - UNIDAD POR CHILE"}, "61 CAROLA RIVERO CANALES": {"votos": 170, "pct": 0.0289, "partido": "PS", "pacto": "C - UNIDAD POR CHILE"}, "62 CESAR VALENZUELA MAASS": {"votos": 542, "pct": 0.0923, "partido": "PS", "pacto": "C - UNIDAD POR CHILE"}, "63 SANDRA GONZALEZ ZAMORANO": {"votos": 57, "pct": 0.0097, "partido": "IND-PPD", "pacto": "C - UNIDAD POR CHILE"}, "64 CARLOS CUADRADO PRATS": {"votos": 83, "pct": 0.0141, "partido": "PPD", "pacto": "C - UNIDAD POR CHILE"}, "65 AMELIA DEL CARMEN GALLEGOS RAMIREZ": {"votos": 84, "pct": 0.0143, "partido": "PH", "pacto": "D - IZQUIERDA ECOLOGISTA POPULAR ANIMALISTA Y HUMANISTA"}, "66 VIVIANA MONTECINOS SUAZO": {"votos": 70, "pct": 0.0119, "partido": "IND-PH", "pacto": "D - IZQUIERDA ECOLOGISTA POPULAR ANIMALISTA Y HUMANISTA"}, "67 ADRIAN ANTONIO LIZAMA BARRA": {"votos": 28, "pct": 0.0048, "partido": "IND-PH", "pacto": "D - IZQUIERDA ECOLOGISTA POPULAR ANIMALISTA Y HUMANISTA"}, "68 JUAN ANDRES PINO MADRID": {"votos": 30, "pct": 0.0051, "partido": "IND-PH", "pacto": "D - IZQUIERDA ECOLOGISTA POPULAR ANIMALISTA Y HUMANISTA"}, "69 SERGIO ENRIQUE FLORES RAMIREZ": {"votos": 27, "pct": 0.0046, "partido": "IND-PH", "pacto": "D - IZQUIERDA ECOLOGISTA POPULAR ANIMALISTA Y HUMANISTA"}, "70 ESTER BARRIENTOS VARGAS": {"votos": 15, "pct": 0.0026, "partido": "IND-PH", "pacto": "D - IZQUIERDA ECOLOGISTA POPULAR ANIMALISTA Y HUMANISTA"}, "71 LUIS ALBERTO DONOSO URIBE": {"votos": 18, "pct": 0.0031, "partido": "IND-PH", "pacto": "D - IZQUIERDA ECOLOGISTA POPULAR ANIMALISTA Y HUMANISTA"}, "72 MANUEL ENRIQUE MUÑOZ PALACIOS": {"votos": 15, "pct": 0.0026, "partido": "PAVP", "pacto": "G - PARTIDO ALIANZA VERDE POPULAR"}, "73 XUXA ALVAREZ FERNANDEZ": {"votos": 43, "pct": 0.0073, "partido": "PAVP", "pacto": "G - PARTIDO ALIANZA VERDE POPULAR"}, "74 JOSE GUILLERMO ROJAS INOSTROZA": {"votos": 19, "pct": 0.0032, "partido": "PAVP", "pacto": "G - PARTIDO ALIANZA VERDE POPULAR"}, "75 ISABEL PALMA PALMA": {"votos": 18, "pct": 0.0031, "partido": "PAVP", "pacto": "G - PARTIDO ALIANZA VERDE POPULAR"}, "76 MARIA ELENA VALENZUELA PINO": {"votos": 13, "pct": 0.0022, "partido": "PAVP", "pacto": "G - PARTIDO ALIANZA VERDE POPULAR"}, "77 LORENZO LEPIN ARANEDA": {"votos": 11, "pct": 0.0019, "partido": "PAVP", "pacto": "G - PARTIDO ALIANZA VERDE POPULAR"}, "78 DANIEL EDUARDO CANTO GONZALEZ": {"votos": 9, "pct": 0.0015, "partido": "PAVP", "pacto": "G - PARTIDO ALIANZA VERDE POPULAR"}, "79 ROBERTO LOBOS VILLASECA": {"votos": 3, "pct": 0.0005, "partido": "PAVP", "pacto": "G - PARTIDO ALIANZA VERDE POPULAR"}, "80 TAMARA ALEJANDRA RAMIREZ RAMIREZ": {"votos": 243, "pct": 0.0414, "partido": "PDG", "pacto": "I - PARTIDO DE LA GENTE"}, "81 ANDRES RIGOBERTO CACERES BRAVO": {"votos": 93, "pct": 0.0158, "partido": "PDG", "pacto": "I - PARTIDO DE LA GENTE"}, "82 PAMELA DEL TRANSITO AMARO ARAYA": {"votos": 98, "pct": 0.0167, "partido": "PDG", "pacto": "I - PARTIDO DE LA GENTE"}, "83 FRANCISCO JAVIER LIZANA DONOSO": {"votos": 77, "pct": 0.0131, "partido": "PDG", "pacto": "I - PARTIDO DE LA GENTE"}, "84 CESAR ABRAHAM SUAY JEREZ": {"votos": 42, "pct": 0.0072, "partido": "PDG", "pacto": "I - PARTIDO DE LA GENTE"}, "85 MARIA SOLEDAD LIEMPAN APELEO": {"votos": 67, "pct": 0.0114, "partido": "PDG", "pacto": "I - PARTIDO DE LA GENTE"}, "86 CRESCENCIO ALBERTO LOPEZ PEREZ": {"votos": 9, "pct": 0.0015, "partido": "PDG", "pacto": "I - PARTIDO DE LA GENTE"}, "87 CHRISTOPHER ELIAS YAÑEZ LEAL": {"votos": 48, "pct": 0.0082, "partido": "PDG", "pacto": "I - PARTIDO DE LA GENTE"}, "88 GUILLERMO RAMIREZ DIEZ": {"votos": 109, "pct": 0.0186, "partido": "UDI", "pacto": "J - CHILE GRANDE Y UNIDO"}, "89 JOSE MIGUEL GONZALEZ ZAPATA": {"votos": 58, "pct": 0.0099, "partido": "UDI", "pacto": "J - CHILE GRANDE Y UNIDO"}, "90 ERIKA OLIVERA DE LA FUENTE": {"votos": 78, "pct": 0.0133, "partido": "DEMOCRATAS", "pacto": "J - CHILE GRANDE Y UNIDO"}, "91 VERONICA MONTECINOS ORTIZ": {"votos": 30, "pct": 0.0051, "partido": "DEMOCRATAS", "pacto": "J - CHILE GRANDE Y UNIDO"}, "92 ALDO DUQUE SANTOS": {"votos": 66, "pct": 0.0112, "partido": "IND-RN", "pacto": "J - CHILE GRANDE Y UNIDO"}, "93 MARIA ELENA BARCO SANCHEZ": {"votos": 39, "pct": 0.0066, "partido": "RN", "pacto": "J - CHILE GRANDE Y UNIDO"}, "94 FELIPE VIDAL CUEVAS": {"votos": 139, "pct": 0.0237, "partido": "IND-EVOPOLI", "pacto": "J - CHILE GRANDE Y UNIDO"}, "95 JUAN MANUEL SANTA CRUZ CAMPAÑA": {"votos": 23, "pct": 0.0039, "partido": "EVOPOLI", "pacto": "J - CHILE GRANDE Y UNIDO"}, "96 JOSE CARLOS MEZA PEREIRA": {"votos": 337, "pct": 0.0574, "partido": "REPUBLICAN", "pacto": "K - CAMBIO POR CHILE"}, "97 MACARENA GARCIA-HUIDOBRO LLORT": {"votos": 178, "pct": 0.0303, "partido": "REPUBLICAN", "pacto": "K - CAMBIO POR CHILE"}, "98 JAVIERA RODRIGUEZ PASCUAL": {"votos": 273, "pct": 0.0465, "partido": "REPUBLICAN", "pacto": "K - CAMBIO POR CHILE"}, "99 MAXIMILIANO MURATH MANSILLA": {"votos": 184, "pct": 0.0313, "partido": "PNL", "pacto": "K - CAMBIO POR CHILE"}, "__blancos__": {"votos": 409, "pct": 0.0696, "partido": "otros", "pacto": "No aplica"}, "__nulos__": {"votos": 868, "pct": 0.1478, "partido": "otros", "pacto": "No aplica"}}, "pres1v25": {"1 FRANCO PARISI FERNANDEZ": {"votos": 1024, "pct": 0.1757, "partido": "presidencial", "pacto": "presidencial"}, "2 JEANNETTE JARA ROMAN": {"votos": 1909, "pct": 0.3275, "partido": "presidencial", "pacto": "presidencial"}, "3 MARCO ANTONIO ENRIQUEZ-OMINAMI GUMUCIO": {"votos": 81, "pct": 0.0139, "partido": "presidencial", "pacto": "presidencial"}, "4 JOHANNES KAISER BARENTS-VON HOHENHAGEN": {"votos": 778, "pct": 0.1335, "partido": "presidencial", "pacto": "presidencial"}, "5 JOSE ANTONIO KAST RIST": {"votos": 1013, "pct": 0.1738, "partido": "presidencial", "pacto": "presidencial"}, "6 EDUARDO ANTONIO ARTES BRICHETTI": {"votos": 50, "pct": 0.0086, "partido": "presidencial", "pacto": "presidencial"}, "7 EVELYN MATTHEI FORNET": {"votos": 707, "pct": 0.1213, "partido": "presidencial", "pacto": "presidencial"}, "8 HAROLD MAYNE-NICHOLLS SECUL": {"votos": 82, "pct": 0.0141, "partido": "presidencial", "pacto": "presidencial"}, "__blancos__": {"votos": 50, "pct": 0.0086, "partido": "presidencial", "pacto": "presidencial"}, "__nulos__": {"votos": 135, "pct": 0.0232, "partido": "presidencial", "pacto": "presidencial"}}, "pres2v25": {"2 JEANNETTE JARA ROMAN": {"votos": 2875, "pct": 0.4926, "partido": "presidencial", "pacto": "presidencial"}, "5 JOSE ANTONIO KAST RIST": {"votos": 2622, "pct": 0.4493, "partido": "presidencial", "pacto": "presidencial"}, "__blancos__": {"votos": 56, "pct": 0.0096, "partido": "presidencial", "pacto": "presidencial"}, "__nulos__": {"votos": 283, "pct": 0.0485, "partido": "presidencial", "pacto": "presidencial"}}}}, "geometry": {"type": "Point", "coordinates": [-70.71058362, -33.40484033]}}, {"type": "Feature", "properties": {"local": "ESCUELA GENERAL ALEJANDRO GOROSTIAGA ORREGO", "elections": {"conc24": {"AGHATA SANTANA CARRASCO": {"votos": 9, "pct": 0.0011, "partido": "PARTIDO DEMOCRATAS CHILE", "pacto": "CENTRO DEMOCRATICO", "subpacto": "DEMOCRATAS E INDEPENDIENTES"}, "ANGELINA DEL CARMEN ACEVEDO TAPIA": {"votos": 39, "pct": 0.005, "partido": "INDEPENDIENTES", "pacto": "TU COMUNA RADICAL"}, "BENJAMIN ESTEBAN LEAL HERNANDEZ": {"votos": 206, "pct": 0.0262, "partido": "PARTIDO SOCIAL CRISTIANO", "pacto": "PARTIDO SOCIAL CRISTIANO E INDEPENDIENTES"}, "BIANCA BALCAZAR AREVALO": {"votos": 72, "pct": 0.0092, "partido": "INDEPENDIENTES", "pacto": "CHILE VAMOS RENOVACIÓN NACIONAL - INDEPENDIENTES"}, "CARLOS COLLAO VEGA": {"votos": 86, "pct": 0.0109, "partido": "PARTIDO DEMOCRATAS CHILE", "pacto": "CENTRO DEMOCRATICO", "subpacto": "DEMOCRATAS E INDEPENDIENTES"}, "CAROLINA ANDREA COÑOPAN ARAYA": {"votos": 158, "pct": 0.0201, "partido": "INDEPENDIENTES", "pacto": "POR CHILE, SEGUIMOS", "subpacto": "FRENTE AMPLIO E INDEPENDIENTES", "elected": true}, "CATHERINE ARAYA TORREJON": {"votos": 80, "pct": 0.0102, "partido": "PARTIDO SOCIALISTA DE CHILE", "pacto": "CHILE MUCHO MEJOR", "subpacto": "PS E INDEPENDIENTES"}, "CECILIA DEL CARMEN GACITUA GACITUA": {"votos": 793, "pct": 0.1008, "partido": "INDEPENDIENTES", "pacto": "TU COMUNA RADICAL"}, "CECILIA DEL PILAR LOPEZ CONTRERAS": {"votos": 261, "pct": 0.0332, "partido": "PARTIDO SOCIALISTA DE CHILE", "pacto": "CHILE MUCHO MEJOR", "subpacto": "PS E INDEPENDIENTES", "elected": true}, "CESAR DEMETRIO AMESTICA ALARCON": {"votos": 66, "pct": 0.0084, "partido": "FRENTE AMPLIO", "pacto": "POR CHILE, SEGUIMOS", "subpacto": "FRENTE AMPLIO E INDEPENDIENTES"}, "CESAR MONSALVE ORTEGA": {"votos": 199, "pct": 0.0253, "partido": "UNION DEMOCRATA INDEPENDIENTE", "pacto": "CHILE VAMOS UDI-EVOPOLI E INDEPENDIENTES", "subpacto": "UDI - INDEPENDIENTES"}, "CLAUDIO CHRISTIAN SEPULVEDA ORMAZABAL": {"votos": 90, "pct": 0.0114, "partido": "FRENTE AMPLIO", "pacto": "POR CHILE, SEGUIMOS", "subpacto": "FRENTE AMPLIO E INDEPENDIENTES"}, "CRISTIAN ANTONIO FLORES MENA": {"votos": 69, "pct": 0.0088, "partido": "RENOVACION NACIONAL", "pacto": "CHILE VAMOS RENOVACIÓN NACIONAL - INDEPENDIENTES"}, "DAYANA ARELLANO SALINAS": {"votos": 64, "pct": 0.0081, "partido": "INDEPENDIENTES", "pacto": "CHILE MUCHO MEJOR", "subpacto": "PPD E INDEPENDIENTES"}, "DIEGO ANDRES MARTINEZ OTAROLA": {"votos": 165, "pct": 0.021, "partido": "RENOVACION NACIONAL", "pacto": "CHILE VAMOS RENOVACIÓN NACIONAL - INDEPENDIENTES", "elected": true}, "DIEGO DELGADO DOMINGUEZ": {"votos": 86, "pct": 0.0109, "partido": "INDEPENDIENTES", "pacto": "CHILE VAMOS UDI-EVOPOLI E INDEPENDIENTES", "subpacto": "UDI - INDEPENDIENTES"}, "DIEGO IGNACIO FUENTES LIRA": {"votos": 252, "pct": 0.032, "partido": "INDEPENDIENTES", "pacto": "TU COMUNA RADICAL", "elected": true}, "ERICA PATRICIA ROJAS SALINAS": {"votos": 53, "pct": 0.0067, "partido": "INDEPENDIENTES", "pacto": "TU COMUNA RADICAL"}, "FELIPE ALBERTO DELGADO ANDRADES": {"votos": 21, "pct": 0.0027, "partido": "UNION DEMOCRATA INDEPENDIENTE", "pacto": "CHILE VAMOS UDI-EVOPOLI E INDEPENDIENTES", "subpacto": "UDI - INDEPENDIENTES"}, "FLORENCIO ENRIQUE KUNTZ SANHUEZA": {"votos": 357, "pct": 0.0454, "partido": "PARTIDO REPUBLICANO DE CHILE", "pacto": "REPUBLICANOS E INDEPENDIENTES", "elected": true}, "FRANCISCO JAVIER CATALDO SANTANDER": {"votos": 88, "pct": 0.0112, "partido": "INDEPENDIENTES", "pacto": "VERDES LIBERALES POR UNA COMUNA SEGURA", "subpacto": "PARTIDO FEDERACIÓN REGIONALISTA VERDE SOCIAL E INDEPENDIENTES"}, "FRANCO JAVIER LOPEZ ESPARZA": {"votos": 100, "pct": 0.0127, "partido": "INDEPENDIENTES", "pacto": "VERDES LIBERALES POR UNA COMUNA SEGURA", "subpacto": "PARTIDO LIBERAL DE CHILE E INDEPENDIENTES"}, "GABRIEL HERNAN LOPEZ URRA": {"votos": 52, "pct": 0.0066, "partido": "INDEPENDIENTES", "pacto": "CHILE VAMOS RENOVACIÓN NACIONAL - INDEPENDIENTES"}, "GIOVANNI ANDRES ROJAS DAVILA": {"votos": 99, "pct": 0.0126, "partido": "FRENTE AMPLIO", "pacto": "POR CHILE, SEGUIMOS", "subpacto": "FRENTE AMPLIO E INDEPENDIENTES"}, "ISABEL DEL CARMEN ESPINOZA GONZALEZ": {"votos": 117, "pct": 0.0149, "partido": "FEDERACION REGIONALISTA VERDE SOCIAL", "pacto": "VERDES LIBERALES POR UNA COMUNA SEGURA", "subpacto": "PARTIDO FEDERACIÓN REGIONALISTA VERDE SOCIAL E INDEPENDIENTES"}, "ISHKRA WLADIMIR CALDERON SOTO": {"votos": 169, "pct": 0.0215, "partido": "PARTIDO COMUNISTA DE CHILE", "pacto": "POR CHILE, SEGUIMOS", "subpacto": "PARTIDO COMUNISTA DE CHILE E INDEPENDIENTES"}, "ISMAEL ANTONIO ARAYA ARAYA": {"votos": 220, "pct": 0.028, "partido": "INDEPENDIENTES", "pacto": "TU COMUNA RADICAL", "elected": true}, "JAIME ANDRES MARTINEZ MORAGA": {"votos": 92, "pct": 0.0117, "partido": "INDEPENDIENTES", "pacto": "CENTRO DEMOCRATICO", "subpacto": "DEMOCRATAS E INDEPENDIENTES"}, "JESUS TORREJON SEGOVIA": {"votos": 125, "pct": 0.0159, "partido": "PARTIDO DEMOCRATA CRISTIANO", "pacto": "CHILE MUCHO MEJOR", "subpacto": "PDC E INDEPENDIENTES"}, "JORGE NUÑEZ ESPINOZA": {"votos": 23, "pct": 0.0029, "partido": "PARTIDO DEMOCRATAS CHILE", "pacto": "CENTRO DEMOCRATICO", "subpacto": "DEMOCRATAS E INDEPENDIENTES"}, "JOSE DOMINGO GALAZ BELTRAN": {"votos": 39, "pct": 0.005, "partido": "PARTIDO SOCIALISTA DE CHILE", "pacto": "CHILE MUCHO MEJOR", "subpacto": "PS E INDEPENDIENTES"}, "JUAN CARLOS GODOY MARICIC": {"votos": 294, "pct": 0.0374, "partido": "PARTIDO REPUBLICANO DE CHILE", "pacto": "REPUBLICANOS E INDEPENDIENTES"}, "JUAN PABLO ARAYA IBARRA": {"votos": 84, "pct": 0.0107, "partido": "INDEPENDIENTES", "pacto": "TU COMUNA RADICAL"}, "KAREN ANDREA SERRANO CONCHA": {"votos": 37, "pct": 0.0047, "partido": "PARTIDO DEMOCRATAS CHILE", "pacto": "CENTRO DEMOCRATICO", "subpacto": "DEMOCRATAS E INDEPENDIENTES"}, "LESLIE ELIZABETH ALARCON VELASQUEZ": {"votos": 28, "pct": 0.0036, "partido": "INDEPENDIENTES", "pacto": "CHILE MUCHO MEJOR", "subpacto": "PPD E INDEPENDIENTES"}, "MAURICIO ALFONSO LOPEZ MUÑIZ": {"votos": 40, "pct": 0.0051, "partido": "INDEPENDIENTES", "pacto": "CHILE MUCHO MEJOR", "subpacto": "PPD E INDEPENDIENTES"}, "MAURICIO CESAR RAMIREZ LEVIN": {"votos": 38, "pct": 0.0048, "partido": "PARTIDO DEMOCRATA CRISTIANO", "pacto": "CHILE MUCHO MEJOR", "subpacto": "PDC E INDEPENDIENTES"}, "MIGUEL ANTONIO CERDA ORTIZ": {"votos": 33, "pct": 0.0042, "partido": "INDEPENDIENTES", "pacto": "CHILE VAMOS RENOVACIÓN NACIONAL - INDEPENDIENTES"}, "NICOLAS MARTIN DUEK MORGAN": {"votos": 22, "pct": 0.0028, "partido": "UNION DEMOCRATA INDEPENDIENTE", "pacto": "CHILE VAMOS UDI-EVOPOLI E INDEPENDIENTES", "subpacto": "UDI - INDEPENDIENTES"}, "NORA CONTRERAS CANALES": {"votos": 269, "pct": 0.0342, "partido": "UNION DEMOCRATA INDEPENDIENTE", "pacto": "CHILE VAMOS UDI-EVOPOLI E INDEPENDIENTES", "subpacto": "UDI - INDEPENDIENTES", "elected": true}, "PATRICIO IGNACIO ILUFI BORQUEZ": {"votos": 34, "pct": 0.0043, "partido": "INDEPENDIENTES", "pacto": "CENTRO DEMOCRATICO", "subpacto": "DEMOCRATAS E INDEPENDIENTES"}, "PAULINA SILVANA LIZAMA YAÑEZ": {"votos": 95, "pct": 0.0121, "partido": "INDEPENDIENTES", "pacto": "CHILE VAMOS RENOVACIÓN NACIONAL - INDEPENDIENTES"}, "RITA ANDREA CUEVAS VALDES": {"votos": 63, "pct": 0.008, "partido": "INDEPENDIENTES", "pacto": "TU COMUNA RADICAL"}, "SANDRA CACERES RIOS": {"votos": 50, "pct": 0.0064, "partido": "UNION DEMOCRATA INDEPENDIENTE", "pacto": "CHILE VAMOS UDI-EVOPOLI E INDEPENDIENTES", "subpacto": "UDI - INDEPENDIENTES"}, "VICTOR ALEJANDRO VERA CASTILLO": {"votos": 37, "pct": 0.0047, "partido": "PARTIDO DEMOCRATAS CHILE", "pacto": "CENTRO DEMOCRATICO", "subpacto": "DEMOCRATAS E INDEPENDIENTES"}, "YAMILETTE CAROLINA GARATE SOTO": {"votos": 194, "pct": 0.0247, "partido": "PARTIDO COMUNISTA DE CHILE", "pacto": "POR CHILE, SEGUIMOS", "subpacto": "PARTIDO COMUNISTA DE CHILE E INDEPENDIENTES", "elected": true}, "__blancos__": {"votos": 786, "pct": 0.0999, "partido": "otros", "pacto": "otros"}, "__nulos__": {"votos": 1513, "pct": 0.1923, "partido": "otros", "pacto": "otros"}}, "muni24": {"CAMILA INES AVILES": {"votos": 1407, "pct": 0.1794, "partido": "PARTIDO DEMOCRATAS CHILE", "pacto": "PARTIDO DEMOCRATAS CHILE"}, "CLAUDIO NICOLAS CASTRO": {"votos": 4981, "pct": 0.635, "partido": "INDEPENDIENTES", "pacto": "INDEPENDIENTES"}, "PAUL FREDDY HERRERA": {"votos": 474, "pct": 0.0604, "partido": "PARTIDO DE LA GENTE", "pacto": "PARTIDO DE LA GENTE"}, "__blancos__": {"votos": 364, "pct": 0.0464, "partido": "otros", "pacto": "otros"}, "__nulos__": {"votos": 618, "pct": 0.0788, "partido": "otros", "pacto": "otros"}}, "parla25": {"100 MARGARITA GARRIDO ACEVEDO": {"votos": 161, "pct": 0.02, "partido": "PNL", "pacto": "K - CAMBIO POR CHILE"}, "101 VALESKA OYARCE PEÑA": {"votos": 31, "pct": 0.0039, "partido": "PSC", "pacto": "K - CAMBIO POR CHILE"}, "102 ALBERTO SEGUEL MENA": {"votos": 28, "pct": 0.0035, "partido": "PSC", "pacto": "K - CAMBIO POR CHILE"}, "103 CAROLINA GARATE VERGARA": {"votos": 75, "pct": 0.0093, "partido": "PSC", "pacto": "K - CAMBIO POR CHILE"}, "51 ALEJANDRA PEREZ ESPINA": {"votos": 84, "pct": 0.0104, "partido": "AH", "pacto": "B - VERDES, REGIONALISTAS Y HUMANISTAS"}, "52 ARIEL MATELUNA MATELUNA": {"votos": 48, "pct": 0.006, "partido": "IND-AH", "pacto": "B - VERDES, REGIONALISTAS Y HUMANISTAS"}, "53 WALESKA UBIERNA NAVARRO": {"votos": 20, "pct": 0.0025, "partido": "AH", "pacto": "B - VERDES, REGIONALISTAS Y HUMANISTAS"}, "54 JOSE LUIS VILLAGRAN BARAHONA": {"votos": 26, "pct": 0.0032, "partido": "IND-AH", "pacto": "B - VERDES, REGIONALISTAS Y HUMANISTAS"}, "55 PAOLA CADIZ NUÑEZ": {"votos": 23, "pct": 0.0029, "partido": "FREVS", "pacto": "B - VERDES, REGIONALISTAS Y HUMANISTAS"}, "56 EVELYN FARIAS AILIO": {"votos": 19, "pct": 0.0024, "partido": "IND-FREVS", "pacto": "B - VERDES, REGIONALISTAS Y HUMANISTAS"}, "57 JOSE SEPULVEDA ZELADA": {"votos": 18, "pct": 0.0022, "partido": "IND-FREVS", "pacto": "B - VERDES, REGIONALISTAS Y HUMANISTAS"}, "58 ANDRES GIORDANO SALAZAR": {"votos": 199, "pct": 0.0247, "partido": "FA", "pacto": "C - UNIDAD POR CHILE"}, "59 LEONARDO JOFRE RIOS": {"votos": 229, "pct": 0.0285, "partido": "FA", "pacto": "C - UNIDAD POR CHILE"}, "60 BORIS BARRERA MORENO": {"votos": 673, "pct": 0.0836, "partido": "PCCH", "pacto": "C - UNIDAD POR CHILE"}, "61 CAROLA RIVERO CANALES": {"votos": 184, "pct": 0.0229, "partido": "PS", "pacto": "C - UNIDAD POR CHILE"}, "62 CESAR VALENZUELA MAASS": {"votos": 492, "pct": 0.0611, "partido": "PS", "pacto": "C - UNIDAD POR CHILE"}, "63 SANDRA GONZALEZ ZAMORANO": {"votos": 67, "pct": 0.0083, "partido": "IND-PPD", "pacto": "C - UNIDAD POR CHILE"}, "64 CARLOS CUADRADO PRATS": {"votos": 111, "pct": 0.0138, "partido": "PPD", "pacto": "C - UNIDAD POR CHILE"}, "65 AMELIA DEL CARMEN GALLEGOS RAMIREZ": {"votos": 112, "pct": 0.0139, "partido": "PH", "pacto": "D - IZQUIERDA ECOLOGISTA POPULAR ANIMALISTA Y HUMANISTA"}, "66 VIVIANA MONTECINOS SUAZO": {"votos": 86, "pct": 0.0107, "partido": "IND-PH", "pacto": "D - IZQUIERDA ECOLOGISTA POPULAR ANIMALISTA Y HUMANISTA"}, "67 ADRIAN ANTONIO LIZAMA BARRA": {"votos": 34, "pct": 0.0042, "partido": "IND-PH", "pacto": "D - IZQUIERDA ECOLOGISTA POPULAR ANIMALISTA Y HUMANISTA"}, "68 JUAN ANDRES PINO MADRID": {"votos": 32, "pct": 0.004, "partido": "IND-PH", "pacto": "D - IZQUIERDA ECOLOGISTA POPULAR ANIMALISTA Y HUMANISTA"}, "69 SERGIO ENRIQUE FLORES RAMIREZ": {"votos": 35, "pct": 0.0043, "partido": "IND-PH", "pacto": "D - IZQUIERDA ECOLOGISTA POPULAR ANIMALISTA Y HUMANISTA"}, "70 ESTER BARRIENTOS VARGAS": {"votos": 28, "pct": 0.0035, "partido": "IND-PH", "pacto": "D - IZQUIERDA ECOLOGISTA POPULAR ANIMALISTA Y HUMANISTA"}, "71 LUIS ALBERTO DONOSO URIBE": {"votos": 23, "pct": 0.0029, "partido": "IND-PH", "pacto": "D - IZQUIERDA ECOLOGISTA POPULAR ANIMALISTA Y HUMANISTA"}, "72 MANUEL ENRIQUE MUÑOZ PALACIOS": {"votos": 40, "pct": 0.005, "partido": "PAVP", "pacto": "G - PARTIDO ALIANZA VERDE POPULAR"}, "73 XUXA ALVAREZ FERNANDEZ": {"votos": 55, "pct": 0.0068, "partido": "PAVP", "pacto": "G - PARTIDO ALIANZA VERDE POPULAR"}, "74 JOSE GUILLERMO ROJAS INOSTROZA": {"votos": 12, "pct": 0.0015, "partido": "PAVP", "pacto": "G - PARTIDO ALIANZA VERDE POPULAR"}, "75 ISABEL PALMA PALMA": {"votos": 32, "pct": 0.004, "partido": "PAVP", "pacto": "G - PARTIDO ALIANZA VERDE POPULAR"}, "76 MARIA ELENA VALENZUELA PINO": {"votos": 22, "pct": 0.0027, "partido": "PAVP", "pacto": "G - PARTIDO ALIANZA VERDE POPULAR"}, "77 LORENZO LEPIN ARANEDA": {"votos": 7, "pct": 0.0009, "partido": "PAVP", "pacto": "G - PARTIDO ALIANZA VERDE POPULAR"}, "78 DANIEL EDUARDO CANTO GONZALEZ": {"votos": 8, "pct": 0.001, "partido": "PAVP", "pacto": "G - PARTIDO ALIANZA VERDE POPULAR"}, "79 ROBERTO LOBOS VILLASECA": {"votos": 8, "pct": 0.001, "partido": "PAVP", "pacto": "G - PARTIDO ALIANZA VERDE POPULAR"}, "80 TAMARA ALEJANDRA RAMIREZ RAMIREZ": {"votos": 367, "pct": 0.0456, "partido": "PDG", "pacto": "I - PARTIDO DE LA GENTE"}, "81 ANDRES RIGOBERTO CACERES BRAVO": {"votos": 110, "pct": 0.0137, "partido": "PDG", "pacto": "I - PARTIDO DE LA GENTE"}, "82 PAMELA DEL TRANSITO AMARO ARAYA": {"votos": 126, "pct": 0.0157, "partido": "PDG", "pacto": "I - PARTIDO DE LA GENTE"}, "83 FRANCISCO JAVIER LIZANA DONOSO": {"votos": 135, "pct": 0.0168, "partido": "PDG", "pacto": "I - PARTIDO DE LA GENTE"}, "84 CESAR ABRAHAM SUAY JEREZ": {"votos": 71, "pct": 0.0088, "partido": "PDG", "pacto": "I - PARTIDO DE LA GENTE"}, "85 MARIA SOLEDAD LIEMPAN APELEO": {"votos": 80, "pct": 0.0099, "partido": "PDG", "pacto": "I - PARTIDO DE LA GENTE"}, "86 CRESCENCIO ALBERTO LOPEZ PEREZ": {"votos": 19, "pct": 0.0024, "partido": "PDG", "pacto": "I - PARTIDO DE LA GENTE"}, "87 CHRISTOPHER ELIAS YAÑEZ LEAL": {"votos": 46, "pct": 0.0057, "partido": "PDG", "pacto": "I - PARTIDO DE LA GENTE"}, "88 GUILLERMO RAMIREZ DIEZ": {"votos": 115, "pct": 0.0143, "partido": "UDI", "pacto": "J - CHILE GRANDE Y UNIDO"}, "89 JOSE MIGUEL GONZALEZ ZAPATA": {"votos": 61, "pct": 0.0076, "partido": "UDI", "pacto": "J - CHILE GRANDE Y UNIDO"}, "90 ERIKA OLIVERA DE LA FUENTE": {"votos": 73, "pct": 0.0091, "partido": "DEMOCRATAS", "pacto": "J - CHILE GRANDE Y UNIDO"}, "91 VERONICA MONTECINOS ORTIZ": {"votos": 41, "pct": 0.0051, "partido": "DEMOCRATAS", "pacto": "J - CHILE GRANDE Y UNIDO"}, "92 ALDO DUQUE SANTOS": {"votos": 74, "pct": 0.0092, "partido": "IND-RN", "pacto": "J - CHILE GRANDE Y UNIDO"}, "93 MARIA ELENA BARCO SANCHEZ": {"votos": 47, "pct": 0.0058, "partido": "RN", "pacto": "J - CHILE GRANDE Y UNIDO"}, "94 FELIPE VIDAL CUEVAS": {"votos": 118, "pct": 0.0147, "partido": "IND-EVOPOLI", "pacto": "J - CHILE GRANDE Y UNIDO"}, "95 JUAN MANUEL SANTA CRUZ CAMPAÑA": {"votos": 23, "pct": 0.0029, "partido": "EVOPOLI", "pacto": "J - CHILE GRANDE Y UNIDO"}, "96 JOSE CARLOS MEZA PEREIRA": {"votos": 377, "pct": 0.0468, "partido": "REPUBLICAN", "pacto": "K - CAMBIO POR CHILE"}, "97 MACARENA GARCIA-HUIDOBRO LLORT": {"votos": 222, "pct": 0.0276, "partido": "REPUBLICAN", "pacto": "K - CAMBIO POR CHILE"}, "98 JAVIERA RODRIGUEZ PASCUAL": {"votos": 236, "pct": 0.0293, "partido": "REPUBLICAN", "pacto": "K - CAMBIO POR CHILE"}, "99 MAXIMILIANO MURATH MANSILLA": {"votos": 236, "pct": 0.0293, "partido": "PNL", "pacto": "K - CAMBIO POR CHILE"}, "__blancos__": {"votos": 711, "pct": 0.0883, "partido": "otros", "pacto": "No aplica"}, "__nulos__": {"votos": 1738, "pct": 0.216, "partido": "otros", "pacto": "No aplica"}}, "pres1v25": {"1 FRANCO PARISI FERNANDEZ": {"votos": 1764, "pct": 0.2178, "partido": "presidencial", "pacto": "presidencial"}, "2 JEANNETTE JARA ROMAN": {"votos": 2500, "pct": 0.3087, "partido": "presidencial", "pacto": "presidencial"}, "3 MARCO ANTONIO ENRIQUEZ-OMINAMI GUMUCIO": {"votos": 141, "pct": 0.0174, "partido": "presidencial", "pacto": "presidencial"}, "4 JOHANNES KAISER BARENTS-VON HOHENHAGEN": {"votos": 945, "pct": 0.1167, "partido": "presidencial", "pacto": "presidencial"}, "5 JOSE ANTONIO KAST RIST": {"votos": 1362, "pct": 0.1682, "partido": "presidencial", "pacto": "presidencial"}, "6 EDUARDO ANTONIO ARTES BRICHETTI": {"votos": 56, "pct": 0.0069, "partido": "presidencial", "pacto": "presidencial"}, "7 EVELYN MATTHEI FORNET": {"votos": 773, "pct": 0.0955, "partido": "presidencial", "pacto": "presidencial"}, "8 HAROLD MAYNE-NICHOLLS SECUL": {"votos": 115, "pct": 0.0142, "partido": "presidencial", "pacto": "presidencial"}, "__blancos__": {"votos": 155, "pct": 0.0191, "partido": "presidencial", "pacto": "presidencial"}, "__nulos__": {"votos": 287, "pct": 0.0354, "partido": "presidencial", "pacto": "presidencial"}}, "pres2v25": {"2 JEANNETTE JARA ROMAN": {"votos": 3941, "pct": 0.4882, "partido": "presidencial", "pacto": "presidencial"}, "5 JOSE ANTONIO KAST RIST": {"votos": 3492, "pct": 0.4326, "partido": "presidencial", "pacto": "presidencial"}, "__blancos__": {"votos": 82, "pct": 0.0102, "partido": "presidencial", "pacto": "presidencial"}, "__nulos__": {"votos": 557, "pct": 0.069, "partido": "presidencial", "pacto": "presidencial"}}}}, "geometry": {"type": "Point", "coordinates": [-70.69644571, -33.39329537]}}, {"type": "Feature", "properties": {"local": "ESCUELA ISABEL LE BRUN", "elections": {"conc24": {"AGHATA SANTANA CARRASCO": {"votos": 18, "pct": 0.0036, "partido": "PARTIDO DEMOCRATAS CHILE", "pacto": "CENTRO DEMOCRATICO", "subpacto": "DEMOCRATAS E INDEPENDIENTES"}, "ANGELINA DEL CARMEN ACEVEDO TAPIA": {"votos": 32, "pct": 0.0063, "partido": "INDEPENDIENTES", "pacto": "TU COMUNA RADICAL"}, "BENJAMIN ESTEBAN LEAL HERNANDEZ": {"votos": 139, "pct": 0.0274, "partido": "PARTIDO SOCIAL CRISTIANO", "pacto": "PARTIDO SOCIAL CRISTIANO E INDEPENDIENTES"}, "BIANCA BALCAZAR AREVALO": {"votos": 31, "pct": 0.0061, "partido": "INDEPENDIENTES", "pacto": "CHILE VAMOS RENOVACIÓN NACIONAL - INDEPENDIENTES"}, "CARLOS COLLAO VEGA": {"votos": 42, "pct": 0.0083, "partido": "PARTIDO DEMOCRATAS CHILE", "pacto": "CENTRO DEMOCRATICO", "subpacto": "DEMOCRATAS E INDEPENDIENTES"}, "CAROLINA ANDREA COÑOPAN ARAYA": {"votos": 110, "pct": 0.0217, "partido": "INDEPENDIENTES", "pacto": "POR CHILE, SEGUIMOS", "subpacto": "FRENTE AMPLIO E INDEPENDIENTES", "elected": true}, "CATHERINE ARAYA TORREJON": {"votos": 52, "pct": 0.0103, "partido": "PARTIDO SOCIALISTA DE CHILE", "pacto": "CHILE MUCHO MEJOR", "subpacto": "PS E INDEPENDIENTES"}, "CECILIA DEL CARMEN GACITUA GACITUA": {"votos": 60, "pct": 0.0118, "partido": "INDEPENDIENTES", "pacto": "TU COMUNA RADICAL"}, "CECILIA DEL PILAR LOPEZ CONTRERAS": {"votos": 177, "pct": 0.0349, "partido": "PARTIDO SOCIALISTA DE CHILE", "pacto": "CHILE MUCHO MEJOR", "subpacto": "PS E INDEPENDIENTES", "elected": true}, "CESAR DEMETRIO AMESTICA ALARCON": {"votos": 131, "pct": 0.0258, "partido": "FRENTE AMPLIO", "pacto": "POR CHILE, SEGUIMOS", "subpacto": "FRENTE AMPLIO E INDEPENDIENTES"}, "CESAR MONSALVE ORTEGA": {"votos": 39, "pct": 0.0077, "partido": "UNION DEMOCRATA INDEPENDIENTE", "pacto": "CHILE VAMOS UDI-EVOPOLI E INDEPENDIENTES", "subpacto": "UDI - INDEPENDIENTES"}, "CLAUDIO CHRISTIAN SEPULVEDA ORMAZABAL": {"votos": 103, "pct": 0.0203, "partido": "FRENTE AMPLIO", "pacto": "POR CHILE, SEGUIMOS", "subpacto": "FRENTE AMPLIO E INDEPENDIENTES"}, "CRISTIAN ANTONIO FLORES MENA": {"votos": 56, "pct": 0.011, "partido": "RENOVACION NACIONAL", "pacto": "CHILE VAMOS RENOVACIÓN NACIONAL - INDEPENDIENTES"}, "DAYANA ARELLANO SALINAS": {"votos": 146, "pct": 0.0288, "partido": "INDEPENDIENTES", "pacto": "CHILE MUCHO MEJOR", "subpacto": "PPD E INDEPENDIENTES"}, "DIEGO ANDRES MARTINEZ OTAROLA": {"votos": 115, "pct": 0.0227, "partido": "RENOVACION NACIONAL", "pacto": "CHILE VAMOS RENOVACIÓN NACIONAL - INDEPENDIENTES", "elected": true}, "DIEGO DELGADO DOMINGUEZ": {"votos": 48, "pct": 0.0095, "partido": "INDEPENDIENTES", "pacto": "CHILE VAMOS UDI-EVOPOLI E INDEPENDIENTES", "subpacto": "UDI - INDEPENDIENTES"}, "DIEGO IGNACIO FUENTES LIRA": {"votos": 209, "pct": 0.0412, "partido": "INDEPENDIENTES", "pacto": "TU COMUNA RADICAL", "elected": true}, "ERICA PATRICIA ROJAS SALINAS": {"votos": 49, "pct": 0.0097, "partido": "INDEPENDIENTES", "pacto": "TU COMUNA RADICAL"}, "FELIPE ALBERTO DELGADO ANDRADES": {"votos": 25, "pct": 0.0049, "partido": "UNION DEMOCRATA INDEPENDIENTE", "pacto": "CHILE VAMOS UDI-EVOPOLI E INDEPENDIENTES", "subpacto": "UDI - INDEPENDIENTES"}, "FLORENCIO ENRIQUE KUNTZ SANHUEZA": {"votos": 249, "pct": 0.0491, "partido": "PARTIDO REPUBLICANO DE CHILE", "pacto": "REPUBLICANOS E INDEPENDIENTES", "elected": true}, "FRANCISCO JAVIER CATALDO SANTANDER": {"votos": 51, "pct": 0.0101, "partido": "INDEPENDIENTES", "pacto": "VERDES LIBERALES POR UNA COMUNA SEGURA", "subpacto": "PARTIDO FEDERACIÓN REGIONALISTA VERDE SOCIAL E INDEPENDIENTES"}, "FRANCO JAVIER LOPEZ ESPARZA": {"votos": 34, "pct": 0.0067, "partido": "INDEPENDIENTES", "pacto": "VERDES LIBERALES POR UNA COMUNA SEGURA", "subpacto": "PARTIDO LIBERAL DE CHILE E INDEPENDIENTES"}, "GABRIEL HERNAN LOPEZ URRA": {"votos": 30, "pct": 0.0059, "partido": "INDEPENDIENTES", "pacto": "CHILE VAMOS RENOVACIÓN NACIONAL - INDEPENDIENTES"}, "GIOVANNI ANDRES ROJAS DAVILA": {"votos": 161, "pct": 0.0318, "partido": "FRENTE AMPLIO", "pacto": "POR CHILE, SEGUIMOS", "subpacto": "FRENTE AMPLIO E INDEPENDIENTES"}, "ISABEL DEL CARMEN ESPINOZA GONZALEZ": {"votos": 69, "pct": 0.0136, "partido": "FEDERACION REGIONALISTA VERDE SOCIAL", "pacto": "VERDES LIBERALES POR UNA COMUNA SEGURA", "subpacto": "PARTIDO FEDERACIÓN REGIONALISTA VERDE SOCIAL E INDEPENDIENTES"}, "ISHKRA WLADIMIR CALDERON SOTO": {"votos": 142, "pct": 0.028, "partido": "PARTIDO COMUNISTA DE CHILE", "pacto": "POR CHILE, SEGUIMOS", "subpacto": "PARTIDO COMUNISTA DE CHILE E INDEPENDIENTES"}, "ISMAEL ANTONIO ARAYA ARAYA": {"votos": 212, "pct": 0.0418, "partido": "INDEPENDIENTES", "pacto": "TU COMUNA RADICAL", "elected": true}, "JAIME ANDRES MARTINEZ MORAGA": {"votos": 23, "pct": 0.0045, "partido": "INDEPENDIENTES", "pacto": "CENTRO DEMOCRATICO", "subpacto": "DEMOCRATAS E INDEPENDIENTES"}, "JESUS TORREJON SEGOVIA": {"votos": 40, "pct": 0.0079, "partido": "PARTIDO DEMOCRATA CRISTIANO", "pacto": "CHILE MUCHO MEJOR", "subpacto": "PDC E INDEPENDIENTES"}, "JORGE NUÑEZ ESPINOZA": {"votos": 11, "pct": 0.0022, "partido": "PARTIDO DEMOCRATAS CHILE", "pacto": "CENTRO DEMOCRATICO", "subpacto": "DEMOCRATAS E INDEPENDIENTES"}, "JOSE DOMINGO GALAZ BELTRAN": {"votos": 45, "pct": 0.0089, "partido": "PARTIDO SOCIALISTA DE CHILE", "pacto": "CHILE MUCHO MEJOR", "subpacto": "PS E INDEPENDIENTES"}, "JUAN CARLOS GODOY MARICIC": {"votos": 154, "pct": 0.0304, "partido": "PARTIDO REPUBLICANO DE CHILE", "pacto": "REPUBLICANOS E INDEPENDIENTES"}, "JUAN PABLO ARAYA IBARRA": {"votos": 66, "pct": 0.013, "partido": "INDEPENDIENTES", "pacto": "TU COMUNA RADICAL"}, "KAREN ANDREA SERRANO CONCHA": {"votos": 22, "pct": 0.0043, "partido": "PARTIDO DEMOCRATAS CHILE", "pacto": "CENTRO DEMOCRATICO", "subpacto": "DEMOCRATAS E INDEPENDIENTES"}, "LESLIE ELIZABETH ALARCON VELASQUEZ": {"votos": 62, "pct": 0.0122, "partido": "INDEPENDIENTES", "pacto": "CHILE MUCHO MEJOR", "subpacto": "PPD E INDEPENDIENTES"}, "MAURICIO ALFONSO LOPEZ MUÑIZ": {"votos": 42, "pct": 0.0083, "partido": "INDEPENDIENTES", "pacto": "CHILE MUCHO MEJOR", "subpacto": "PPD E INDEPENDIENTES"}, "MAURICIO CESAR RAMIREZ LEVIN": {"votos": 17, "pct": 0.0034, "partido": "PARTIDO DEMOCRATA CRISTIANO", "pacto": "CHILE MUCHO MEJOR", "subpacto": "PDC E INDEPENDIENTES"}, "MIGUEL ANTONIO CERDA ORTIZ": {"votos": 13, "pct": 0.0026, "partido": "INDEPENDIENTES", "pacto": "CHILE VAMOS RENOVACIÓN NACIONAL - INDEPENDIENTES"}, "NICOLAS MARTIN DUEK MORGAN": {"votos": 16, "pct": 0.0032, "partido": "UNION DEMOCRATA INDEPENDIENTE", "pacto": "CHILE VAMOS UDI-EVOPOLI E INDEPENDIENTES", "subpacto": "UDI - INDEPENDIENTES"}, "NORA CONTRERAS CANALES": {"votos": 360, "pct": 0.071, "partido": "UNION DEMOCRATA INDEPENDIENTE", "pacto": "CHILE VAMOS UDI-EVOPOLI E INDEPENDIENTES", "subpacto": "UDI - INDEPENDIENTES", "elected": true}, "PATRICIO IGNACIO ILUFI BORQUEZ": {"votos": 21, "pct": 0.0041, "partido": "INDEPENDIENTES", "pacto": "CENTRO DEMOCRATICO", "subpacto": "DEMOCRATAS E INDEPENDIENTES"}, "PAULINA SILVANA LIZAMA YAÑEZ": {"votos": 45, "pct": 0.0089, "partido": "INDEPENDIENTES", "pacto": "CHILE VAMOS RENOVACIÓN NACIONAL - INDEPENDIENTES"}, "RITA ANDREA CUEVAS VALDES": {"votos": 87, "pct": 0.0172, "partido": "INDEPENDIENTES", "pacto": "TU COMUNA RADICAL"}, "SANDRA CACERES RIOS": {"votos": 31, "pct": 0.0061, "partido": "UNION DEMOCRATA INDEPENDIENTE", "pacto": "CHILE VAMOS UDI-EVOPOLI E INDEPENDIENTES", "subpacto": "UDI - INDEPENDIENTES"}, "VICTOR ALEJANDRO VERA CASTILLO": {"votos": 39, "pct": 0.0077, "partido": "PARTIDO DEMOCRATAS CHILE", "pacto": "CENTRO DEMOCRATICO", "subpacto": "DEMOCRATAS E INDEPENDIENTES"}, "YAMILETTE CAROLINA GARATE SOTO": {"votos": 145, "pct": 0.0286, "partido": "PARTIDO COMUNISTA DE CHILE", "pacto": "POR CHILE, SEGUIMOS", "subpacto": "PARTIDO COMUNISTA DE CHILE E INDEPENDIENTES", "elected": true}, "__blancos__": {"votos": 530, "pct": 0.1046, "partido": "otros", "pacto": "otros"}, "__nulos__": {"votos": 770, "pct": 0.1519, "partido": "otros", "pacto": "otros"}}, "muni24": {"CAMILA INES AVILES": {"votos": 786, "pct": 0.1548, "partido": "PARTIDO DEMOCRATAS CHILE", "pacto": "PARTIDO DEMOCRATAS CHILE"}, "CLAUDIO NICOLAS CASTRO": {"votos": 3512, "pct": 0.6915, "partido": "INDEPENDIENTES", "pacto": "INDEPENDIENTES"}, "PAUL FREDDY HERRERA": {"votos": 253, "pct": 0.0498, "partido": "PARTIDO DE LA GENTE", "pacto": "PARTIDO DE LA GENTE"}, "__blancos__": {"votos": 226, "pct": 0.0445, "partido": "otros", "pacto": "otros"}, "__nulos__": {"votos": 302, "pct": 0.0595, "partido": "otros", "pacto": "otros"}}, "parla25": {"100 MARGARITA GARRIDO ACEVEDO": {"votos": 80, "pct": 0.0157, "partido": "PNL", "pacto": "K - CAMBIO POR CHILE"}, "101 VALESKA OYARCE PEÑA": {"votos": 27, "pct": 0.0053, "partido": "PSC", "pacto": "K - CAMBIO POR CHILE"}, "102 ALBERTO SEGUEL MENA": {"votos": 24, "pct": 0.0047, "partido": "PSC", "pacto": "K - CAMBIO POR CHILE"}, "103 CAROLINA GARATE VERGARA": {"votos": 47, "pct": 0.0092, "partido": "PSC", "pacto": "K - CAMBIO POR CHILE"}, "51 ALEJANDRA PEREZ ESPINA": {"votos": 39, "pct": 0.0077, "partido": "AH", "pacto": "B - VERDES, REGIONALISTAS Y HUMANISTAS"}, "52 ARIEL MATELUNA MATELUNA": {"votos": 30, "pct": 0.0059, "partido": "IND-AH", "pacto": "B - VERDES, REGIONALISTAS Y HUMANISTAS"}, "53 WALESKA UBIERNA NAVARRO": {"votos": 17, "pct": 0.0033, "partido": "AH", "pacto": "B - VERDES, REGIONALISTAS Y HUMANISTAS"}, "54 JOSE LUIS VILLAGRAN BARAHONA": {"votos": 19, "pct": 0.0037, "partido": "IND-AH", "pacto": "B - VERDES, REGIONALISTAS Y HUMANISTAS"}, "55 PAOLA CADIZ NUÑEZ": {"votos": 15, "pct": 0.0029, "partido": "FREVS", "pacto": "B - VERDES, REGIONALISTAS Y HUMANISTAS"}, "56 EVELYN FARIAS AILIO": {"votos": 16, "pct": 0.0031, "partido": "IND-FREVS", "pacto": "B - VERDES, REGIONALISTAS Y HUMANISTAS"}, "57 JOSE SEPULVEDA ZELADA": {"votos": 18, "pct": 0.0035, "partido": "IND-FREVS", "pacto": "B - VERDES, REGIONALISTAS Y HUMANISTAS"}, "58 ANDRES GIORDANO SALAZAR": {"votos": 122, "pct": 0.024, "partido": "FA", "pacto": "C - UNIDAD POR CHILE"}, "59 LEONARDO JOFRE RIOS": {"votos": 374, "pct": 0.0735, "partido": "FA", "pacto": "C - UNIDAD POR CHILE"}, "60 BORIS BARRERA MORENO": {"votos": 363, "pct": 0.0713, "partido": "PCCH", "pacto": "C - UNIDAD POR CHILE"}, "61 CAROLA RIVERO CANALES": {"votos": 151, "pct": 0.0297, "partido": "PS", "pacto": "C - UNIDAD POR CHILE"}, "62 CESAR VALENZUELA MAASS": {"votos": 276, "pct": 0.0542, "partido": "PS", "pacto": "C - UNIDAD POR CHILE"}, "63 SANDRA GONZALEZ ZAMORANO": {"votos": 32, "pct": 0.0063, "partido": "IND-PPD", "pacto": "C - UNIDAD POR CHILE"}, "64 CARLOS CUADRADO PRATS": {"votos": 69, "pct": 0.0136, "partido": "PPD", "pacto": "C - UNIDAD POR CHILE"}, "65 AMELIA DEL CARMEN GALLEGOS RAMIREZ": {"votos": 49, "pct": 0.0096, "partido": "PH", "pacto": "D - IZQUIERDA ECOLOGISTA POPULAR ANIMALISTA Y HUMANISTA"}, "66 VIVIANA MONTECINOS SUAZO": {"votos": 61, "pct": 0.012, "partido": "IND-PH", "pacto": "D - IZQUIERDA ECOLOGISTA POPULAR ANIMALISTA Y HUMANISTA"}, "67 ADRIAN ANTONIO LIZAMA BARRA": {"votos": 11, "pct": 0.0022, "partido": "IND-PH", "pacto": "D - IZQUIERDA ECOLOGISTA POPULAR ANIMALISTA Y HUMANISTA"}, "68 JUAN ANDRES PINO MADRID": {"votos": 20, "pct": 0.0039, "partido": "IND-PH", "pacto": "D - IZQUIERDA ECOLOGISTA POPULAR ANIMALISTA Y HUMANISTA"}, "69 SERGIO ENRIQUE FLORES RAMIREZ": {"votos": 19, "pct": 0.0037, "partido": "IND-PH", "pacto": "D - IZQUIERDA ECOLOGISTA POPULAR ANIMALISTA Y HUMANISTA"}, "70 ESTER BARRIENTOS VARGAS": {"votos": 23, "pct": 0.0045, "partido": "IND-PH", "pacto": "D - IZQUIERDA ECOLOGISTA POPULAR ANIMALISTA Y HUMANISTA"}, "71 LUIS ALBERTO DONOSO URIBE": {"votos": 14, "pct": 0.0028, "partido": "IND-PH", "pacto": "D - IZQUIERDA ECOLOGISTA POPULAR ANIMALISTA Y HUMANISTA"}, "72 MANUEL ENRIQUE MUÑOZ PALACIOS": {"votos": 16, "pct": 0.0031, "partido": "PAVP", "pacto": "G - PARTIDO ALIANZA VERDE POPULAR"}, "73 XUXA ALVAREZ FERNANDEZ": {"votos": 32, "pct": 0.0063, "partido": "PAVP", "pacto": "G - PARTIDO ALIANZA VERDE POPULAR"}, "74 JOSE GUILLERMO ROJAS INOSTROZA": {"votos": 6, "pct": 0.0012, "partido": "PAVP", "pacto": "G - PARTIDO ALIANZA VERDE POPULAR"}, "75 ISABEL PALMA PALMA": {"votos": 14, "pct": 0.0028, "partido": "PAVP", "pacto": "G - PARTIDO ALIANZA VERDE POPULAR"}, "76 MARIA ELENA VALENZUELA PINO": {"votos": 13, "pct": 0.0026, "partido": "PAVP", "pacto": "G - PARTIDO ALIANZA VERDE POPULAR"}, "77 LORENZO LEPIN ARANEDA": {"votos": 5, "pct": 0.001, "partido": "PAVP", "pacto": "G - PARTIDO ALIANZA VERDE POPULAR"}, "78 DANIEL EDUARDO CANTO GONZALEZ": {"votos": 4, "pct": 0.0008, "partido": "PAVP", "pacto": "G - PARTIDO ALIANZA VERDE POPULAR"}, "79 ROBERTO LOBOS VILLASECA": {"votos": 5, "pct": 0.001, "partido": "PAVP", "pacto": "G - PARTIDO ALIANZA VERDE POPULAR"}, "80 TAMARA ALEJANDRA RAMIREZ RAMIREZ": {"votos": 162, "pct": 0.0318, "partido": "PDG", "pacto": "I - PARTIDO DE LA GENTE"}, "81 ANDRES RIGOBERTO CACERES BRAVO": {"votos": 74, "pct": 0.0145, "partido": "PDG", "pacto": "I - PARTIDO DE LA GENTE"}, "82 PAMELA DEL TRANSITO AMARO ARAYA": {"votos": 69, "pct": 0.0136, "partido": "PDG", "pacto": "I - PARTIDO DE LA GENTE"}, "83 FRANCISCO JAVIER LIZANA DONOSO": {"votos": 69, "pct": 0.0136, "partido": "PDG", "pacto": "I - PARTIDO DE LA GENTE"}, "84 CESAR ABRAHAM SUAY JEREZ": {"votos": 44, "pct": 0.0086, "partido": "PDG", "pacto": "I - PARTIDO DE LA GENTE"}, "85 MARIA SOLEDAD LIEMPAN APELEO": {"votos": 48, "pct": 0.0094, "partido": "PDG", "pacto": "I - PARTIDO DE LA GENTE"}, "86 CRESCENCIO ALBERTO LOPEZ PEREZ": {"votos": 11, "pct": 0.0022, "partido": "PDG", "pacto": "I - PARTIDO DE LA GENTE"}, "87 CHRISTOPHER ELIAS YAÑEZ LEAL": {"votos": 36, "pct": 0.0071, "partido": "PDG", "pacto": "I - PARTIDO DE LA GENTE"}, "88 GUILLERMO RAMIREZ DIEZ": {"votos": 97, "pct": 0.0191, "partido": "UDI", "pacto": "J - CHILE GRANDE Y UNIDO"}, "89 JOSE MIGUEL GONZALEZ ZAPATA": {"votos": 44, "pct": 0.0086, "partido": "UDI", "pacto": "J - CHILE GRANDE Y UNIDO"}, "90 ERIKA OLIVERA DE LA FUENTE": {"votos": 96, "pct": 0.0189, "partido": "DEMOCRATAS", "pacto": "J - CHILE GRANDE Y UNIDO"}, "91 VERONICA MONTECINOS ORTIZ": {"votos": 23, "pct": 0.0045, "partido": "DEMOCRATAS", "pacto": "J - CHILE GRANDE Y UNIDO"}, "92 ALDO DUQUE SANTOS": {"votos": 53, "pct": 0.0104, "partido": "IND-RN", "pacto": "J - CHILE GRANDE Y UNIDO"}, "93 MARIA ELENA BARCO SANCHEZ": {"votos": 37, "pct": 0.0073, "partido": "RN", "pacto": "J - CHILE GRANDE Y UNIDO"}, "94 FELIPE VIDAL CUEVAS": {"votos": 121, "pct": 0.0238, "partido": "IND-EVOPOLI", "pacto": "J - CHILE GRANDE Y UNIDO"}, "95 JUAN MANUEL SANTA CRUZ CAMPAÑA": {"votos": 16, "pct": 0.0031, "partido": "EVOPOLI", "pacto": "J - CHILE GRANDE Y UNIDO"}, "96 JOSE CARLOS MEZA PEREIRA": {"votos": 304, "pct": 0.0597, "partido": "REPUBLICAN", "pacto": "K - CAMBIO POR CHILE"}, "97 MACARENA GARCIA-HUIDOBRO LLORT": {"votos": 129, "pct": 0.0253, "partido": "REPUBLICAN", "pacto": "K - CAMBIO POR CHILE"}, "98 JAVIERA RODRIGUEZ PASCUAL": {"votos": 183, "pct": 0.036, "partido": "REPUBLICAN", "pacto": "K - CAMBIO POR CHILE"}, "99 MAXIMILIANO MURATH MANSILLA": {"votos": 171, "pct": 0.0336, "partido": "PNL", "pacto": "K - CAMBIO POR CHILE"}, "__blancos__": {"votos": 409, "pct": 0.0804, "partido": "otros", "pacto": "No aplica"}, "__nulos__": {"votos": 883, "pct": 0.1735, "partido": "otros", "pacto": "No aplica"}}, "pres1v25": {"1 FRANCO PARISI FERNANDEZ": {"votos": 767, "pct": 0.1507, "partido": "presidencial", "pacto": "presidencial"}, "2 JEANNETTE JARA ROMAN": {"votos": 1737, "pct": 0.3413, "partido": "presidencial", "pacto": "presidencial"}, "3 MARCO ANTONIO ENRIQUEZ-OMINAMI GUMUCIO": {"votos": 69, "pct": 0.0136, "partido": "presidencial", "pacto": "presidencial"}, "4 JOHANNES KAISER BARENTS-VON HOHENHAGEN": {"votos": 685, "pct": 0.1346, "partido": "presidencial", "pacto": "presidencial"}, "5 JOSE ANTONIO KAST RIST": {"votos": 896, "pct": 0.176, "partido": "presidencial", "pacto": "presidencial"}, "6 EDUARDO ANTONIO ARTES BRICHETTI": {"votos": 53, "pct": 0.0104, "partido": "presidencial", "pacto": "presidencial"}, "7 EVELYN MATTHEI FORNET": {"votos": 586, "pct": 0.1151, "partido": "presidencial", "pacto": "presidencial"}, "8 HAROLD MAYNE-NICHOLLS SECUL": {"votos": 84, "pct": 0.0165, "partido": "presidencial", "pacto": "presidencial"}, "__blancos__": {"votos": 54, "pct": 0.0106, "partido": "presidencial", "pacto": "presidencial"}, "__nulos__": {"votos": 159, "pct": 0.0312, "partido": "presidencial", "pacto": "presidencial"}}, "pres2v25": {"2 JEANNETTE JARA ROMAN": {"votos": 2513, "pct": 0.4952, "partido": "presidencial", "pacto": "presidencial"}, "5 JOSE ANTONIO KAST RIST": {"votos": 2247, "pct": 0.4428, "partido": "presidencial", "pacto": "presidencial"}, "__blancos__": {"votos": 84, "pct": 0.0166, "partido": "presidencial", "pacto": "presidencial"}, "__nulos__": {"votos": 231, "pct": 0.0455, "partido": "presidencial", "pacto": "presidencial"}}}}, "geometry": {"type": "Point", "coordinates": [-70.71227233, -33.40505077]}}, {"type": "Feature", "properties": {"local": "ESCUELA LO VELASQUEZ", "elections": {"conc24": {"AGHATA SANTANA CARRASCO": {"votos": 16, "pct": 0.0021, "partido": "PARTIDO DEMOCRATAS CHILE", "pacto": "CENTRO DEMOCRATICO", "subpacto": "DEMOCRATAS E INDEPENDIENTES"}, "ANGELINA DEL CARMEN ACEVEDO TAPIA": {"votos": 74, "pct": 0.0097, "partido": "INDEPENDIENTES", "pacto": "TU COMUNA RADICAL"}, "BENJAMIN ESTEBAN LEAL HERNANDEZ": {"votos": 267, "pct": 0.0351, "partido": "PARTIDO SOCIAL CRISTIANO", "pacto": "PARTIDO SOCIAL CRISTIANO E INDEPENDIENTES"}, "BIANCA BALCAZAR AREVALO": {"votos": 70, "pct": 0.0092, "partido": "INDEPENDIENTES", "pacto": "CHILE VAMOS RENOVACIÓN NACIONAL - INDEPENDIENTES"}, "CARLOS COLLAO VEGA": {"votos": 91, "pct": 0.012, "partido": "PARTIDO DEMOCRATAS CHILE", "pacto": "CENTRO DEMOCRATICO", "subpacto": "DEMOCRATAS E INDEPENDIENTES"}, "CAROLINA ANDREA COÑOPAN ARAYA": {"votos": 188, "pct": 0.0247, "partido": "INDEPENDIENTES", "pacto": "POR CHILE, SEGUIMOS", "subpacto": "FRENTE AMPLIO E INDEPENDIENTES", "elected": true}, "CATHERINE ARAYA TORREJON": {"votos": 66, "pct": 0.0087, "partido": "PARTIDO SOCIALISTA DE CHILE", "pacto": "CHILE MUCHO MEJOR", "subpacto": "PS E INDEPENDIENTES"}, "CECILIA DEL CARMEN GACITUA GACITUA": {"votos": 109, "pct": 0.0143, "partido": "INDEPENDIENTES", "pacto": "TU COMUNA RADICAL"}, "CECILIA DEL PILAR LOPEZ CONTRERAS": {"votos": 242, "pct": 0.0318, "partido": "PARTIDO SOCIALISTA DE CHILE", "pacto": "CHILE MUCHO MEJOR", "subpacto": "PS E INDEPENDIENTES", "elected": true}, "CESAR DEMETRIO AMESTICA ALARCON": {"votos": 118, "pct": 0.0155, "partido": "FRENTE AMPLIO", "pacto": "POR CHILE, SEGUIMOS", "subpacto": "FRENTE AMPLIO E INDEPENDIENTES"}, "CESAR MONSALVE ORTEGA": {"votos": 272, "pct": 0.0358, "partido": "UNION DEMOCRATA INDEPENDIENTE", "pacto": "CHILE VAMOS UDI-EVOPOLI E INDEPENDIENTES", "subpacto": "UDI - INDEPENDIENTES"}, "CLAUDIO CHRISTIAN SEPULVEDA ORMAZABAL": {"votos": 171, "pct": 0.0225, "partido": "FRENTE AMPLIO", "pacto": "POR CHILE, SEGUIMOS", "subpacto": "FRENTE AMPLIO E INDEPENDIENTES"}, "CRISTIAN ANTONIO FLORES MENA": {"votos": 68, "pct": 0.0089, "partido": "RENOVACION NACIONAL", "pacto": "CHILE VAMOS RENOVACIÓN NACIONAL - INDEPENDIENTES"}, "DAYANA ARELLANO SALINAS": {"votos": 65, "pct": 0.0086, "partido": "INDEPENDIENTES", "pacto": "CHILE MUCHO MEJOR", "subpacto": "PPD E INDEPENDIENTES"}, "DIEGO ANDRES MARTINEZ OTAROLA": {"votos": 124, "pct": 0.0163, "partido": "RENOVACION NACIONAL", "pacto": "CHILE VAMOS RENOVACIÓN NACIONAL - INDEPENDIENTES", "elected": true}, "DIEGO DELGADO DOMINGUEZ": {"votos": 93, "pct": 0.0122, "partido": "INDEPENDIENTES", "pacto": "CHILE VAMOS UDI-EVOPOLI E INDEPENDIENTES", "subpacto": "UDI - INDEPENDIENTES"}, "DIEGO IGNACIO FUENTES LIRA": {"votos": 262, "pct": 0.0345, "partido": "INDEPENDIENTES", "pacto": "TU COMUNA RADICAL", "elected": true}, "ERICA PATRICIA ROJAS SALINAS": {"votos": 229, "pct": 0.0301, "partido": "INDEPENDIENTES", "pacto": "TU COMUNA RADICAL"}, "FELIPE ALBERTO DELGADO ANDRADES": {"votos": 23, "pct": 0.003, "partido": "UNION DEMOCRATA INDEPENDIENTE", "pacto": "CHILE VAMOS UDI-EVOPOLI E INDEPENDIENTES", "subpacto": "UDI - INDEPENDIENTES"}, "FLORENCIO ENRIQUE KUNTZ SANHUEZA": {"votos": 341, "pct": 0.0449, "partido": "PARTIDO REPUBLICANO DE CHILE", "pacto": "REPUBLICANOS E INDEPENDIENTES", "elected": true}, "FRANCISCO JAVIER CATALDO SANTANDER": {"votos": 91, "pct": 0.012, "partido": "INDEPENDIENTES", "pacto": "VERDES LIBERALES POR UNA COMUNA SEGURA", "subpacto": "PARTIDO FEDERACIÓN REGIONALISTA VERDE SOCIAL E INDEPENDIENTES"}, "FRANCO JAVIER LOPEZ ESPARZA": {"votos": 93, "pct": 0.0122, "partido": "INDEPENDIENTES", "pacto": "VERDES LIBERALES POR UNA COMUNA SEGURA", "subpacto": "PARTIDO LIBERAL DE CHILE E INDEPENDIENTES"}, "GABRIEL HERNAN LOPEZ URRA": {"votos": 36, "pct": 0.0047, "partido": "INDEPENDIENTES", "pacto": "CHILE VAMOS RENOVACIÓN NACIONAL - INDEPENDIENTES"}, "GIOVANNI ANDRES ROJAS DAVILA": {"votos": 85, "pct": 0.0112, "partido": "FRENTE AMPLIO", "pacto": "POR CHILE, SEGUIMOS", "subpacto": "FRENTE AMPLIO E INDEPENDIENTES"}, "ISABEL DEL CARMEN ESPINOZA GONZALEZ": {"votos": 112, "pct": 0.0147, "partido": "FEDERACION REGIONALISTA VERDE SOCIAL", "pacto": "VERDES LIBERALES POR UNA COMUNA SEGURA", "subpacto": "PARTIDO FEDERACIÓN REGIONALISTA VERDE SOCIAL E INDEPENDIENTES"}, "ISHKRA WLADIMIR CALDERON SOTO": {"votos": 156, "pct": 0.0205, "partido": "PARTIDO COMUNISTA DE CHILE", "pacto": "POR CHILE, SEGUIMOS", "subpacto": "PARTIDO COMUNISTA DE CHILE E INDEPENDIENTES"}, "ISMAEL ANTONIO ARAYA ARAYA": {"votos": 136, "pct": 0.0179, "partido": "INDEPENDIENTES", "pacto": "TU COMUNA RADICAL", "elected": true}, "JAIME ANDRES MARTINEZ MORAGA": {"votos": 35, "pct": 0.0046, "partido": "INDEPENDIENTES", "pacto": "CENTRO DEMOCRATICO", "subpacto": "DEMOCRATAS E INDEPENDIENTES"}, "JESUS TORREJON SEGOVIA": {"votos": 74, "pct": 0.0097, "partido": "PARTIDO DEMOCRATA CRISTIANO", "pacto": "CHILE MUCHO MEJOR", "subpacto": "PDC E INDEPENDIENTES"}, "JORGE NUÑEZ ESPINOZA": {"votos": 24, "pct": 0.0032, "partido": "PARTIDO DEMOCRATAS CHILE", "pacto": "CENTRO DEMOCRATICO", "subpacto": "DEMOCRATAS E INDEPENDIENTES"}, "JOSE DOMINGO GALAZ BELTRAN": {"votos": 31, "pct": 0.0041, "partido": "PARTIDO SOCIALISTA DE CHILE", "pacto": "CHILE MUCHO MEJOR", "subpacto": "PS E INDEPENDIENTES"}, "JUAN CARLOS GODOY MARICIC": {"votos": 270, "pct": 0.0355, "partido": "PARTIDO REPUBLICANO DE CHILE", "pacto": "REPUBLICANOS E INDEPENDIENTES"}, "JUAN PABLO ARAYA IBARRA": {"votos": 77, "pct": 0.0101, "partido": "INDEPENDIENTES", "pacto": "TU COMUNA RADICAL"}, "KAREN ANDREA SERRANO CONCHA": {"votos": 68, "pct": 0.0089, "partido": "PARTIDO DEMOCRATAS CHILE", "pacto": "CENTRO DEMOCRATICO", "subpacto": "DEMOCRATAS E INDEPENDIENTES"}, "LESLIE ELIZABETH ALARCON VELASQUEZ": {"votos": 121, "pct": 0.0159, "partido": "INDEPENDIENTES", "pacto": "CHILE MUCHO MEJOR", "subpacto": "PPD E INDEPENDIENTES"}, "MAURICIO ALFONSO LOPEZ MUÑIZ": {"votos": 76, "pct": 0.01, "partido": "INDEPENDIENTES", "pacto": "CHILE MUCHO MEJOR", "subpacto": "PPD E INDEPENDIENTES"}, "MAURICIO CESAR RAMIREZ LEVIN": {"votos": 22, "pct": 0.0029, "partido": "PARTIDO DEMOCRATA CRISTIANO", "pacto": "CHILE MUCHO MEJOR", "subpacto": "PDC E INDEPENDIENTES"}, "MIGUEL ANTONIO CERDA ORTIZ": {"votos": 24, "pct": 0.0032, "partido": "INDEPENDIENTES", "pacto": "CHILE VAMOS RENOVACIÓN NACIONAL - INDEPENDIENTES"}, "NICOLAS MARTIN DUEK MORGAN": {"votos": 27, "pct": 0.0036, "partido": "UNION DEMOCRATA INDEPENDIENTE", "pacto": "CHILE VAMOS UDI-EVOPOLI E INDEPENDIENTES", "subpacto": "UDI - INDEPENDIENTES"}, "NORA CONTRERAS CANALES": {"votos": 334, "pct": 0.0439, "partido": "UNION DEMOCRATA INDEPENDIENTE", "pacto": "CHILE VAMOS UDI-EVOPOLI E INDEPENDIENTES", "subpacto": "UDI - INDEPENDIENTES", "elected": true}, "PATRICIO IGNACIO ILUFI BORQUEZ": {"votos": 38, "pct": 0.005, "partido": "INDEPENDIENTES", "pacto": "CENTRO DEMOCRATICO", "subpacto": "DEMOCRATAS E INDEPENDIENTES"}, "PAULINA SILVANA LIZAMA YAÑEZ": {"votos": 65, "pct": 0.0086, "partido": "INDEPENDIENTES", "pacto": "CHILE VAMOS RENOVACIÓN NACIONAL - INDEPENDIENTES"}, "RITA ANDREA CUEVAS VALDES": {"votos": 105, "pct": 0.0138, "partido": "INDEPENDIENTES", "pacto": "TU COMUNA RADICAL"}, "SANDRA CACERES RIOS": {"votos": 83, "pct": 0.0109, "partido": "UNION DEMOCRATA INDEPENDIENTE", "pacto": "CHILE VAMOS UDI-EVOPOLI E INDEPENDIENTES", "subpacto": "UDI - INDEPENDIENTES"}, "VICTOR ALEJANDRO VERA CASTILLO": {"votos": 164, "pct": 0.0216, "partido": "PARTIDO DEMOCRATAS CHILE", "pacto": "CENTRO DEMOCRATICO", "subpacto": "DEMOCRATAS E INDEPENDIENTES"}, "YAMILETTE CAROLINA GARATE SOTO": {"votos": 216, "pct": 0.0284, "partido": "PARTIDO COMUNISTA DE CHILE", "pacto": "POR CHILE, SEGUIMOS", "subpacto": "PARTIDO COMUNISTA DE CHILE E INDEPENDIENTES", "elected": true}, "__blancos__": {"votos": 723, "pct": 0.0951, "partido": "otros", "pacto": "otros"}, "__nulos__": {"votos": 1426, "pct": 0.1876, "partido": "otros", "pacto": "otros"}}, "muni24": {"CAMILA INES AVILES": {"votos": 1382, "pct": 0.1818, "partido": "PARTIDO DEMOCRATAS CHILE", "pacto": "PARTIDO DEMOCRATAS CHILE"}, "CLAUDIO NICOLAS CASTRO": {"votos": 4883, "pct": 0.6424, "partido": "INDEPENDIENTES", "pacto": "INDEPENDIENTES"}, "PAUL FREDDY HERRERA": {"votos": 438, "pct": 0.0576, "partido": "PARTIDO DE LA GENTE", "pacto": "PARTIDO DE LA GENTE"}, "__blancos__": {"votos": 318, "pct": 0.0418, "partido": "otros", "pacto": "otros"}, "__nulos__": {"votos": 580, "pct": 0.0763, "partido": "otros", "pacto": "otros"}}, "parla25": {"100 MARGARITA GARRIDO ACEVEDO": {"votos": 92, "pct": 0.0126, "partido": "PNL", "pacto": "K - CAMBIO POR CHILE"}, "101 VALESKA OYARCE PEÑA": {"votos": 40, "pct": 0.0055, "partido": "PSC", "pacto": "K - CAMBIO POR CHILE"}, "102 ALBERTO SEGUEL MENA": {"votos": 26, "pct": 0.0036, "partido": "PSC", "pacto": "K - CAMBIO POR CHILE"}, "103 CAROLINA GARATE VERGARA": {"votos": 77, "pct": 0.0105, "partido": "PSC", "pacto": "K - CAMBIO POR CHILE"}, "51 ALEJANDRA PEREZ ESPINA": {"votos": 69, "pct": 0.0094, "partido": "AH", "pacto": "B - VERDES, REGIONALISTAS Y HUMANISTAS"}, "52 ARIEL MATELUNA MATELUNA": {"votos": 66, "pct": 0.009, "partido": "IND-AH", "pacto": "B - VERDES, REGIONALISTAS Y HUMANISTAS"}, "53 WALESKA UBIERNA NAVARRO": {"votos": 31, "pct": 0.0042, "partido": "AH", "pacto": "B - VERDES, REGIONALISTAS Y HUMANISTAS"}, "54 JOSE LUIS VILLAGRAN BARAHONA": {"votos": 21, "pct": 0.0029, "partido": "IND-AH", "pacto": "B - VERDES, REGIONALISTAS Y HUMANISTAS"}, "55 PAOLA CADIZ NUÑEZ": {"votos": 23, "pct": 0.0031, "partido": "FREVS", "pacto": "B - VERDES, REGIONALISTAS Y HUMANISTAS"}, "56 EVELYN FARIAS AILIO": {"votos": 18, "pct": 0.0025, "partido": "IND-FREVS", "pacto": "B - VERDES, REGIONALISTAS Y HUMANISTAS"}, "57 JOSE SEPULVEDA ZELADA": {"votos": 28, "pct": 0.0038, "partido": "IND-FREVS", "pacto": "B - VERDES, REGIONALISTAS Y HUMANISTAS"}, "58 ANDRES GIORDANO SALAZAR": {"votos": 174, "pct": 0.0238, "partido": "FA", "pacto": "C - UNIDAD POR CHILE"}, "59 LEONARDO JOFRE RIOS": {"votos": 209, "pct": 0.0286, "partido": "FA", "pacto": "C - UNIDAD POR CHILE"}, "60 BORIS BARRERA MORENO": {"votos": 360, "pct": 0.0493, "partido": "PCCH", "pacto": "C - UNIDAD POR CHILE"}, "61 CAROLA RIVERO CANALES": {"votos": 155, "pct": 0.0212, "partido": "PS", "pacto": "C - UNIDAD POR CHILE"}, "62 CESAR VALENZUELA MAASS": {"votos": 340, "pct": 0.0465, "partido": "PS", "pacto": "C - UNIDAD POR CHILE"}, "63 SANDRA GONZALEZ ZAMORANO": {"votos": 62, "pct": 0.0085, "partido": "IND-PPD", "pacto": "C - UNIDAD POR CHILE"}, "64 CARLOS CUADRADO PRATS": {"votos": 98, "pct": 0.0134, "partido": "PPD", "pacto": "C - UNIDAD POR CHILE"}, "65 AMELIA DEL CARMEN GALLEGOS RAMIREZ": {"votos": 146, "pct": 0.02, "partido": "PH", "pacto": "D - IZQUIERDA ECOLOGISTA POPULAR ANIMALISTA Y HUMANISTA"}, "66 VIVIANA MONTECINOS SUAZO": {"votos": 64, "pct": 0.0088, "partido": "IND-PH", "pacto": "D - IZQUIERDA ECOLOGISTA POPULAR ANIMALISTA Y HUMANISTA"}, "67 ADRIAN ANTONIO LIZAMA BARRA": {"votos": 39, "pct": 0.0053, "partido": "IND-PH", "pacto": "D - IZQUIERDA ECOLOGISTA POPULAR ANIMALISTA Y HUMANISTA"}, "68 JUAN ANDRES PINO MADRID": {"votos": 51, "pct": 0.007, "partido": "IND-PH", "pacto": "D - IZQUIERDA ECOLOGISTA POPULAR ANIMALISTA Y HUMANISTA"}, "69 SERGIO ENRIQUE FLORES RAMIREZ": {"votos": 45, "pct": 0.0062, "partido": "IND-PH", "pacto": "D - IZQUIERDA ECOLOGISTA POPULAR ANIMALISTA Y HUMANISTA"}, "70 ESTER BARRIENTOS VARGAS": {"votos": 35, "pct": 0.0048, "partido": "IND-PH", "pacto": "D - IZQUIERDA ECOLOGISTA POPULAR ANIMALISTA Y HUMANISTA"}, "71 LUIS ALBERTO DONOSO URIBE": {"votos": 33, "pct": 0.0045, "partido": "IND-PH", "pacto": "D - IZQUIERDA ECOLOGISTA POPULAR ANIMALISTA Y HUMANISTA"}, "72 MANUEL ENRIQUE MUÑOZ PALACIOS": {"votos": 30, "pct": 0.0041, "partido": "PAVP", "pacto": "G - PARTIDO ALIANZA VERDE POPULAR"}, "73 XUXA ALVAREZ FERNANDEZ": {"votos": 39, "pct": 0.0053, "partido": "PAVP", "pacto": "G - PARTIDO ALIANZA VERDE POPULAR"}, "74 JOSE GUILLERMO ROJAS INOSTROZA": {"votos": 18, "pct": 0.0025, "partido": "PAVP", "pacto": "G - PARTIDO ALIANZA VERDE POPULAR"}, "75 ISABEL PALMA PALMA": {"votos": 16, "pct": 0.0022, "partido": "PAVP", "pacto": "G - PARTIDO ALIANZA VERDE POPULAR"}, "76 MARIA ELENA VALENZUELA PINO": {"votos": 13, "pct": 0.0018, "partido": "PAVP", "pacto": "G - PARTIDO ALIANZA VERDE POPULAR"}, "77 LORENZO LEPIN ARANEDA": {"votos": 14, "pct": 0.0019, "partido": "PAVP", "pacto": "G - PARTIDO ALIANZA VERDE POPULAR"}, "78 DANIEL EDUARDO CANTO GONZALEZ": {"votos": 2, "pct": 0.0003, "partido": "PAVP", "pacto": "G - PARTIDO ALIANZA VERDE POPULAR"}, "79 ROBERTO LOBOS VILLASECA": {"votos": 10, "pct": 0.0014, "partido": "PAVP", "pacto": "G - PARTIDO ALIANZA VERDE POPULAR"}, "80 TAMARA ALEJANDRA RAMIREZ RAMIREZ": {"votos": 378, "pct": 0.0517, "partido": "PDG", "pacto": "I - PARTIDO DE LA GENTE"}, "81 ANDRES RIGOBERTO CACERES BRAVO": {"votos": 132, "pct": 0.0181, "partido": "PDG", "pacto": "I - PARTIDO DE LA GENTE"}, "82 PAMELA DEL TRANSITO AMARO ARAYA": {"votos": 160, "pct": 0.0219, "partido": "PDG", "pacto": "I - PARTIDO DE LA GENTE"}, "83 FRANCISCO JAVIER LIZANA DONOSO": {"votos": 176, "pct": 0.0241, "partido": "PDG", "pacto": "I - PARTIDO DE LA GENTE"}, "84 CESAR ABRAHAM SUAY JEREZ": {"votos": 55, "pct": 0.0075, "partido": "PDG", "pacto": "I - PARTIDO DE LA GENTE"}, "85 MARIA SOLEDAD LIEMPAN APELEO": {"votos": 119, "pct": 0.0163, "partido": "PDG", "pacto": "I - PARTIDO DE LA GENTE"}, "86 CRESCENCIO ALBERTO LOPEZ PEREZ": {"votos": 28, "pct": 0.0038, "partido": "PDG", "pacto": "I - PARTIDO DE LA GENTE"}, "87 CHRISTOPHER ELIAS YAÑEZ LEAL": {"votos": 61, "pct": 0.0083, "partido": "PDG", "pacto": "I - PARTIDO DE LA GENTE"}, "88 GUILLERMO RAMIREZ DIEZ": {"votos": 98, "pct": 0.0134, "partido": "UDI", "pacto": "J - CHILE GRANDE Y UNIDO"}, "89 JOSE MIGUEL GONZALEZ ZAPATA": {"votos": 62, "pct": 0.0085, "partido": "UDI", "pacto": "J - CHILE GRANDE Y UNIDO"}, "90 ERIKA OLIVERA DE LA FUENTE": {"votos": 113, "pct": 0.0155, "partido": "DEMOCRATAS", "pacto": "J - CHILE GRANDE Y UNIDO"}, "91 VERONICA MONTECINOS ORTIZ": {"votos": 53, "pct": 0.0073, "partido": "DEMOCRATAS", "pacto": "J - CHILE GRANDE Y UNIDO"}, "92 ALDO DUQUE SANTOS": {"votos": 54, "pct": 0.0074, "partido": "IND-RN", "pacto": "J - CHILE GRANDE Y UNIDO"}, "93 MARIA ELENA BARCO SANCHEZ": {"votos": 50, "pct": 0.0068, "partido": "RN", "pacto": "J - CHILE GRANDE Y UNIDO"}, "94 FELIPE VIDAL CUEVAS": {"votos": 106, "pct": 0.0145, "partido": "IND-EVOPOLI", "pacto": "J - CHILE GRANDE Y UNIDO"}, "95 JUAN MANUEL SANTA CRUZ CAMPAÑA": {"votos": 22, "pct": 0.003, "partido": "EVOPOLI", "pacto": "J - CHILE GRANDE Y UNIDO"}, "96 JOSE CARLOS MEZA PEREIRA": {"votos": 419, "pct": 0.0574, "partido": "REPUBLICAN", "pacto": "K - CAMBIO POR CHILE"}, "97 MACARENA GARCIA-HUIDOBRO LLORT": {"votos": 179, "pct": 0.0245, "partido": "REPUBLICAN", "pacto": "K - CAMBIO POR CHILE"}, "98 JAVIERA RODRIGUEZ PASCUAL": {"votos": 262, "pct": 0.0359, "partido": "REPUBLICAN", "pacto": "K - CAMBIO POR CHILE"}, "99 MAXIMILIANO MURATH MANSILLA": {"votos": 211, "pct": 0.0289, "partido": "PNL", "pacto": "K - CAMBIO POR CHILE"}, "__blancos__": {"votos": 629, "pct": 0.0861, "partido": "otros", "pacto": "No aplica"}, "__nulos__": {"votos": 1495, "pct": 0.2046, "partido": "otros", "pacto": "No aplica"}}, "pres1v25": {"1 FRANCO PARISI FERNANDEZ": {"votos": 1996, "pct": 0.2664, "partido": "presidencial", "pacto": "presidencial"}, "2 JEANNETTE JARA ROMAN": {"votos": 2100, "pct": 0.2803, "partido": "presidencial", "pacto": "presidencial"}, "3 MARCO ANTONIO ENRIQUEZ-OMINAMI GUMUCIO": {"votos": 129, "pct": 0.0172, "partido": "presidencial", "pacto": "presidencial"}, "4 JOHANNES KAISER BARENTS-VON HOHENHAGEN": {"votos": 789, "pct": 0.1053, "partido": "presidencial", "pacto": "presidencial"}, "5 JOSE ANTONIO KAST RIST": {"votos": 1429, "pct": 0.1907, "partido": "presidencial", "pacto": "presidencial"}, "6 EDUARDO ANTONIO ARTES BRICHETTI": {"votos": 68, "pct": 0.0091, "partido": "presidencial", "pacto": "presidencial"}, "7 EVELYN MATTHEI FORNET": {"votos": 616, "pct": 0.0822, "partido": "presidencial", "pacto": "presidencial"}, "8 HAROLD MAYNE-NICHOLLS SECUL": {"votos": 81, "pct": 0.0108, "partido": "presidencial", "pacto": "presidencial"}, "__blancos__": {"votos": 76, "pct": 0.0101, "partido": "presidencial", "pacto": "presidencial"}, "__nulos__": {"votos": 208, "pct": 0.0278, "partido": "presidencial", "pacto": "presidencial"}}, "pres2v25": {"2 JEANNETTE JARA ROMAN": {"votos": 3461, "pct": 0.462, "partido": "presidencial", "pacto": "presidencial"}, "5 JOSE ANTONIO KAST RIST": {"votos": 3459, "pct": 0.4618, "partido": "presidencial", "pacto": "presidencial"}, "__blancos__": {"votos": 105, "pct": 0.014, "partido": "presidencial", "pacto": "presidencial"}, "__nulos__": {"votos": 466, "pct": 0.0622, "partido": "presidencial", "pacto": "presidencial"}}}}, "geometry": {"type": "Point", "coordinates": [-70.74463042, -33.40571544]}}, {"type": "Feature", "properties": {"local": "ESCUELA MONSERRAT ROBERT DE GARCIA", "elections": {"conc24": {"AGHATA SANTANA CARRASCO": {"votos": 17, "pct": 0.0033, "partido": "PARTIDO DEMOCRATAS CHILE", "pacto": "CENTRO DEMOCRATICO", "subpacto": "DEMOCRATAS E INDEPENDIENTES"}, "ANGELINA DEL CARMEN ACEVEDO TAPIA": {"votos": 52, "pct": 0.01, "partido": "INDEPENDIENTES", "pacto": "TU COMUNA RADICAL"}, "BENJAMIN ESTEBAN LEAL HERNANDEZ": {"votos": 129, "pct": 0.0249, "partido": "PARTIDO SOCIAL CRISTIANO", "pacto": "PARTIDO SOCIAL CRISTIANO E INDEPENDIENTES"}, "BIANCA BALCAZAR AREVALO": {"votos": 46, "pct": 0.0089, "partido": "INDEPENDIENTES", "pacto": "CHILE VAMOS RENOVACIÓN NACIONAL - INDEPENDIENTES"}, "CARLOS COLLAO VEGA": {"votos": 64, "pct": 0.0124, "partido": "PARTIDO DEMOCRATAS CHILE", "pacto": "CENTRO DEMOCRATICO", "subpacto": "DEMOCRATAS E INDEPENDIENTES"}, "CAROLINA ANDREA COÑOPAN ARAYA": {"votos": 132, "pct": 0.0255, "partido": "INDEPENDIENTES", "pacto": "POR CHILE, SEGUIMOS", "subpacto": "FRENTE AMPLIO E INDEPENDIENTES", "elected": true}, "CATHERINE ARAYA TORREJON": {"votos": 57, "pct": 0.011, "partido": "PARTIDO SOCIALISTA DE CHILE", "pacto": "CHILE MUCHO MEJOR", "subpacto": "PS E INDEPENDIENTES"}, "CECILIA DEL CARMEN GACITUA GACITUA": {"votos": 73, "pct": 0.0141, "partido": "INDEPENDIENTES", "pacto": "TU COMUNA RADICAL"}, "CECILIA DEL PILAR LOPEZ CONTRERAS": {"votos": 160, "pct": 0.0309, "partido": "PARTIDO SOCIALISTA DE CHILE", "pacto": "CHILE MUCHO MEJOR", "subpacto": "PS E INDEPENDIENTES", "elected": true}, "CESAR DEMETRIO AMESTICA ALARCON": {"votos": 94, "pct": 0.0181, "partido": "FRENTE AMPLIO", "pacto": "POR CHILE, SEGUIMOS", "subpacto": "FRENTE AMPLIO E INDEPENDIENTES"}, "CESAR MONSALVE ORTEGA": {"votos": 87, "pct": 0.0168, "partido": "UNION DEMOCRATA INDEPENDIENTE", "pacto": "CHILE VAMOS UDI-EVOPOLI E INDEPENDIENTES", "subpacto": "UDI - INDEPENDIENTES"}, "CLAUDIO CHRISTIAN SEPULVEDA ORMAZABAL": {"votos": 139, "pct": 0.0268, "partido": "FRENTE AMPLIO", "pacto": "POR CHILE, SEGUIMOS", "subpacto": "FRENTE AMPLIO E INDEPENDIENTES"}, "CRISTIAN ANTONIO FLORES MENA": {"votos": 46, "pct": 0.0089, "partido": "RENOVACION NACIONAL", "pacto": "CHILE VAMOS RENOVACIÓN NACIONAL - INDEPENDIENTES"}, "DAYANA ARELLANO SALINAS": {"votos": 54, "pct": 0.0104, "partido": "INDEPENDIENTES", "pacto": "CHILE MUCHO MEJOR", "subpacto": "PPD E INDEPENDIENTES"}, "DIEGO ANDRES MARTINEZ OTAROLA": {"votos": 87, "pct": 0.0168, "partido": "RENOVACION NACIONAL", "pacto": "CHILE VAMOS RENOVACIÓN NACIONAL - INDEPENDIENTES", "elected": true}, "DIEGO DELGADO DOMINGUEZ": {"votos": 54, "pct": 0.0104, "partido": "INDEPENDIENTES", "pacto": "CHILE VAMOS UDI-EVOPOLI E INDEPENDIENTES", "subpacto": "UDI - INDEPENDIENTES"}, "DIEGO IGNACIO FUENTES LIRA": {"votos": 209, "pct": 0.0403, "partido": "INDEPENDIENTES", "pacto": "TU COMUNA RADICAL", "elected": true}, "ERICA PATRICIA ROJAS SALINAS": {"votos": 41, "pct": 0.0079, "partido": "INDEPENDIENTES", "pacto": "TU COMUNA RADICAL"}, "FELIPE ALBERTO DELGADO ANDRADES": {"votos": 18, "pct": 0.0035, "partido": "UNION DEMOCRATA INDEPENDIENTE", "pacto": "CHILE VAMOS UDI-EVOPOLI E INDEPENDIENTES", "subpacto": "UDI - INDEPENDIENTES"}, "FLORENCIO ENRIQUE KUNTZ SANHUEZA": {"votos": 274, "pct": 0.0529, "partido": "PARTIDO REPUBLICANO DE CHILE", "pacto": "REPUBLICANOS E INDEPENDIENTES", "elected": true}, "FRANCISCO JAVIER CATALDO SANTANDER": {"votos": 58, "pct": 0.0112, "partido": "INDEPENDIENTES", "pacto": "VERDES LIBERALES POR UNA COMUNA SEGURA", "subpacto": "PARTIDO FEDERACIÓN REGIONALISTA VERDE SOCIAL E INDEPENDIENTES"}, "FRANCO JAVIER LOPEZ ESPARZA": {"votos": 60, "pct": 0.0116, "partido": "INDEPENDIENTES", "pacto": "VERDES LIBERALES POR UNA COMUNA SEGURA", "subpacto": "PARTIDO LIBERAL DE CHILE E INDEPENDIENTES"}, "GABRIEL HERNAN LOPEZ URRA": {"votos": 36, "pct": 0.0069, "partido": "INDEPENDIENTES", "pacto": "CHILE VAMOS RENOVACIÓN NACIONAL - INDEPENDIENTES"}, "GIOVANNI ANDRES ROJAS DAVILA": {"votos": 83, "pct": 0.016, "partido": "FRENTE AMPLIO", "pacto": "POR CHILE, SEGUIMOS", "subpacto": "FRENTE AMPLIO E INDEPENDIENTES"}, "ISABEL DEL CARMEN ESPINOZA GONZALEZ": {"votos": 94, "pct": 0.0181, "partido": "FEDERACION REGIONALISTA VERDE SOCIAL", "pacto": "VERDES LIBERALES POR UNA COMUNA SEGURA", "subpacto": "PARTIDO FEDERACIÓN REGIONALISTA VERDE SOCIAL E INDEPENDIENTES"}, "ISHKRA WLADIMIR CALDERON SOTO": {"votos": 88, "pct": 0.017, "partido": "PARTIDO COMUNISTA DE CHILE", "pacto": "POR CHILE, SEGUIMOS", "subpacto": "PARTIDO COMUNISTA DE CHILE E INDEPENDIENTES"}, "ISMAEL ANTONIO ARAYA ARAYA": {"votos": 91, "pct": 0.0176, "partido": "INDEPENDIENTES", "pacto": "TU COMUNA RADICAL", "elected": true}, "JAIME ANDRES MARTINEZ MORAGA": {"votos": 25, "pct": 0.0048, "partido": "INDEPENDIENTES", "pacto": "CENTRO DEMOCRATICO", "subpacto": "DEMOCRATAS E INDEPENDIENTES"}, "JESUS TORREJON SEGOVIA": {"votos": 54, "pct": 0.0104, "partido": "PARTIDO DEMOCRATA CRISTIANO", "pacto": "CHILE MUCHO MEJOR", "subpacto": "PDC E INDEPENDIENTES"}, "JORGE NUÑEZ ESPINOZA": {"votos": 18, "pct": 0.0035, "partido": "PARTIDO DEMOCRATAS CHILE", "pacto": "CENTRO DEMOCRATICO", "subpacto": "DEMOCRATAS E INDEPENDIENTES"}, "JOSE DOMINGO GALAZ BELTRAN": {"votos": 25, "pct": 0.0048, "partido": "PARTIDO SOCIALISTA DE CHILE", "pacto": "CHILE MUCHO MEJOR", "subpacto": "PS E INDEPENDIENTES"}, "JUAN CARLOS GODOY MARICIC": {"votos": 149, "pct": 0.0288, "partido": "PARTIDO REPUBLICANO DE CHILE", "pacto": "REPUBLICANOS E INDEPENDIENTES"}, "JUAN PABLO ARAYA IBARRA": {"votos": 48, "pct": 0.0093, "partido": "INDEPENDIENTES", "pacto": "TU COMUNA RADICAL"}, "KAREN ANDREA SERRANO CONCHA": {"votos": 59, "pct": 0.0114, "partido": "PARTIDO DEMOCRATAS CHILE", "pacto": "CENTRO DEMOCRATICO", "subpacto": "DEMOCRATAS E INDEPENDIENTES"}, "LESLIE ELIZABETH ALARCON VELASQUEZ": {"votos": 128, "pct": 0.0247, "partido": "INDEPENDIENTES", "pacto": "CHILE MUCHO MEJOR", "subpacto": "PPD E INDEPENDIENTES"}, "MAURICIO ALFONSO LOPEZ MUÑIZ": {"votos": 37, "pct": 0.0071, "partido": "INDEPENDIENTES", "pacto": "CHILE MUCHO MEJOR", "subpacto": "PPD E INDEPENDIENTES"}, "MAURICIO CESAR RAMIREZ LEVIN": {"votos": 19, "pct": 0.0037, "partido": "PARTIDO DEMOCRATA CRISTIANO", "pacto": "CHILE MUCHO MEJOR", "subpacto": "PDC E INDEPENDIENTES"}, "MIGUEL ANTONIO CERDA ORTIZ": {"votos": 14, "pct": 0.0027, "partido": "INDEPENDIENTES", "pacto": "CHILE VAMOS RENOVACIÓN NACIONAL - INDEPENDIENTES"}, "NICOLAS MARTIN DUEK MORGAN": {"votos": 11, "pct": 0.0021, "partido": "UNION DEMOCRATA INDEPENDIENTE", "pacto": "CHILE VAMOS UDI-EVOPOLI E INDEPENDIENTES", "subpacto": "UDI - INDEPENDIENTES"}, "NORA CONTRERAS CANALES": {"votos": 343, "pct": 0.0662, "partido": "UNION DEMOCRATA INDEPENDIENTE", "pacto": "CHILE VAMOS UDI-EVOPOLI E INDEPENDIENTES", "subpacto": "UDI - INDEPENDIENTES", "elected": true}, "PATRICIO IGNACIO ILUFI BORQUEZ": {"votos": 15, "pct": 0.0029, "partido": "INDEPENDIENTES", "pacto": "CENTRO DEMOCRATICO", "subpacto": "DEMOCRATAS E INDEPENDIENTES"}, "PAULINA SILVANA LIZAMA YAÑEZ": {"votos": 46, "pct": 0.0089, "partido": "INDEPENDIENTES", "pacto": "CHILE VAMOS RENOVACIÓN NACIONAL - INDEPENDIENTES"}, "RITA ANDREA CUEVAS VALDES": {"votos": 65, "pct": 0.0125, "partido": "INDEPENDIENTES", "pacto": "TU COMUNA RADICAL"}, "SANDRA CACERES RIOS": {"votos": 95, "pct": 0.0183, "partido": "UNION DEMOCRATA INDEPENDIENTE", "pacto": "CHILE VAMOS UDI-EVOPOLI E INDEPENDIENTES", "subpacto": "UDI - INDEPENDIENTES"}, "VICTOR ALEJANDRO VERA CASTILLO": {"votos": 37, "pct": 0.0071, "partido": "PARTIDO DEMOCRATAS CHILE", "pacto": "CENTRO DEMOCRATICO", "subpacto": "DEMOCRATAS E INDEPENDIENTES"}, "YAMILETTE CAROLINA GARATE SOTO": {"votos": 118, "pct": 0.0228, "partido": "PARTIDO COMUNISTA DE CHILE", "pacto": "POR CHILE, SEGUIMOS", "subpacto": "PARTIDO COMUNISTA DE CHILE E INDEPENDIENTES", "elected": true}, "__blancos__": {"votos": 572, "pct": 0.1104, "partido": "otros", "pacto": "otros"}, "__nulos__": {"votos": 959, "pct": 0.1851, "partido": "otros", "pacto": "otros"}}, "muni24": {"CAMILA INES AVILES": {"votos": 912, "pct": 0.1766, "partido": "PARTIDO DEMOCRATAS CHILE", "pacto": "PARTIDO DEMOCRATAS CHILE"}, "CLAUDIO NICOLAS CASTRO": {"votos": 3433, "pct": 0.6648, "partido": "INDEPENDIENTES", "pacto": "INDEPENDIENTES"}, "PAUL FREDDY HERRERA": {"votos": 257, "pct": 0.0498, "partido": "PARTIDO DE LA GENTE", "pacto": "PARTIDO DE LA GENTE"}, "__blancos__": {"votos": 192, "pct": 0.0372, "partido": "otros", "pacto": "otros"}, "__nulos__": {"votos": 370, "pct": 0.0716, "partido": "otros", "pacto": "otros"}}, "parla25": {"100 MARGARITA GARRIDO ACEVEDO": {"votos": 75, "pct": 0.0154, "partido": "PNL", "pacto": "K - CAMBIO POR CHILE"}, "101 VALESKA OYARCE PEÑA": {"votos": 21, "pct": 0.0043, "partido": "PSC", "pacto": "K - CAMBIO POR CHILE"}, "102 ALBERTO SEGUEL MENA": {"votos": 34, "pct": 0.007, "partido": "PSC", "pacto": "K - CAMBIO POR CHILE"}, "103 CAROLINA GARATE VERGARA": {"votos": 48, "pct": 0.0099, "partido": "PSC", "pacto": "K - CAMBIO POR CHILE"}, "51 ALEJANDRA PEREZ ESPINA": {"votos": 46, "pct": 0.0094, "partido": "AH", "pacto": "B - VERDES, REGIONALISTAS Y HUMANISTAS"}, "52 ARIEL MATELUNA MATELUNA": {"votos": 26, "pct": 0.0053, "partido": "IND-AH", "pacto": "B - VERDES, REGIONALISTAS Y HUMANISTAS"}, "53 WALESKA UBIERNA NAVARRO": {"votos": 14, "pct": 0.0029, "partido": "AH", "pacto": "B - VERDES, REGIONALISTAS Y HUMANISTAS"}, "54 JOSE LUIS VILLAGRAN BARAHONA": {"votos": 14, "pct": 0.0029, "partido": "IND-AH", "pacto": "B - VERDES, REGIONALISTAS Y HUMANISTAS"}, "55 PAOLA CADIZ NUÑEZ": {"votos": 13, "pct": 0.0027, "partido": "FREVS", "pacto": "B - VERDES, REGIONALISTAS Y HUMANISTAS"}, "56 EVELYN FARIAS AILIO": {"votos": 25, "pct": 0.0051, "partido": "IND-FREVS", "pacto": "B - VERDES, REGIONALISTAS Y HUMANISTAS"}, "57 JOSE SEPULVEDA ZELADA": {"votos": 16, "pct": 0.0033, "partido": "IND-FREVS", "pacto": "B - VERDES, REGIONALISTAS Y HUMANISTAS"}, "58 ANDRES GIORDANO SALAZAR": {"votos": 108, "pct": 0.0222, "partido": "FA", "pacto": "C - UNIDAD POR CHILE"}, "59 LEONARDO JOFRE RIOS": {"votos": 171, "pct": 0.0351, "partido": "FA", "pacto": "C - UNIDAD POR CHILE"}, "60 BORIS BARRERA MORENO": {"votos": 240, "pct": 0.0493, "partido": "PCCH", "pacto": "C - UNIDAD POR CHILE"}, "61 CAROLA RIVERO CANALES": {"votos": 126, "pct": 0.0259, "partido": "PS", "pacto": "C - UNIDAD POR CHILE"}, "62 CESAR VALENZUELA MAASS": {"votos": 249, "pct": 0.0511, "partido": "PS", "pacto": "C - UNIDAD POR CHILE"}, "63 SANDRA GONZALEZ ZAMORANO": {"votos": 38, "pct": 0.0078, "partido": "IND-PPD", "pacto": "C - UNIDAD POR CHILE"}, "64 CARLOS CUADRADO PRATS": {"votos": 59, "pct": 0.0121, "partido": "PPD", "pacto": "C - UNIDAD POR CHILE"}, "65 AMELIA DEL CARMEN GALLEGOS RAMIREZ": {"votos": 83, "pct": 0.017, "partido": "PH", "pacto": "D - IZQUIERDA ECOLOGISTA POPULAR ANIMALISTA Y HUMANISTA"}, "66 VIVIANA MONTECINOS SUAZO": {"votos": 53, "pct": 0.0109, "partido": "IND-PH", "pacto": "D - IZQUIERDA ECOLOGISTA POPULAR ANIMALISTA Y HUMANISTA"}, "67 ADRIAN ANTONIO LIZAMA BARRA": {"votos": 23, "pct": 0.0047, "partido": "IND-PH", "pacto": "D - IZQUIERDA ECOLOGISTA POPULAR ANIMALISTA Y HUMANISTA"}, "68 JUAN ANDRES PINO MADRID": {"votos": 28, "pct": 0.0057, "partido": "IND-PH", "pacto": "D - IZQUIERDA ECOLOGISTA POPULAR ANIMALISTA Y HUMANISTA"}, "69 SERGIO ENRIQUE FLORES RAMIREZ": {"votos": 25, "pct": 0.0051, "partido": "IND-PH", "pacto": "D - IZQUIERDA ECOLOGISTA POPULAR ANIMALISTA Y HUMANISTA"}, "70 ESTER BARRIENTOS VARGAS": {"votos": 24, "pct": 0.0049, "partido": "IND-PH", "pacto": "D - IZQUIERDA ECOLOGISTA POPULAR ANIMALISTA Y HUMANISTA"}, "71 LUIS ALBERTO DONOSO URIBE": {"votos": 18, "pct": 0.0037, "partido": "IND-PH", "pacto": "D - IZQUIERDA ECOLOGISTA POPULAR ANIMALISTA Y HUMANISTA"}, "72 MANUEL ENRIQUE MUÑOZ PALACIOS": {"votos": 30, "pct": 0.0062, "partido": "PAVP", "pacto": "G - PARTIDO ALIANZA VERDE POPULAR"}, "73 XUXA ALVAREZ FERNANDEZ": {"votos": 26, "pct": 0.0053, "partido": "PAVP", "pacto": "G - PARTIDO ALIANZA VERDE POPULAR"}, "74 JOSE GUILLERMO ROJAS INOSTROZA": {"votos": 15, "pct": 0.0031, "partido": "PAVP", "pacto": "G - PARTIDO ALIANZA VERDE POPULAR"}, "75 ISABEL PALMA PALMA": {"votos": 13, "pct": 0.0027, "partido": "PAVP", "pacto": "G - PARTIDO ALIANZA VERDE POPULAR"}, "76 MARIA ELENA VALENZUELA PINO": {"votos": 11, "pct": 0.0023, "partido": "PAVP", "pacto": "G - PARTIDO ALIANZA VERDE POPULAR"}, "77 LORENZO LEPIN ARANEDA": {"votos": 14, "pct": 0.0029, "partido": "PAVP", "pacto": "G - PARTIDO ALIANZA VERDE POPULAR"}, "78 DANIEL EDUARDO CANTO GONZALEZ": {"votos": 3, "pct": 0.0006, "partido": "PAVP", "pacto": "G - PARTIDO ALIANZA VERDE POPULAR"}, "79 ROBERTO LOBOS VILLASECA": {"votos": 5, "pct": 0.001, "partido": "PAVP", "pacto": "G - PARTIDO ALIANZA VERDE POPULAR"}, "80 TAMARA ALEJANDRA RAMIREZ RAMIREZ": {"votos": 250, "pct": 0.0513, "partido": "PDG", "pacto": "I - PARTIDO DE LA GENTE"}, "81 ANDRES RIGOBERTO CACERES BRAVO": {"votos": 85, "pct": 0.0174, "partido": "PDG", "pacto": "I - PARTIDO DE LA GENTE"}, "82 PAMELA DEL TRANSITO AMARO ARAYA": {"votos": 100, "pct": 0.0205, "partido": "PDG", "pacto": "I - PARTIDO DE LA GENTE"}, "83 FRANCISCO JAVIER LIZANA DONOSO": {"votos": 106, "pct": 0.0218, "partido": "PDG", "pacto": "I - PARTIDO DE LA GENTE"}, "84 CESAR ABRAHAM SUAY JEREZ": {"votos": 43, "pct": 0.0088, "partido": "PDG", "pacto": "I - PARTIDO DE LA GENTE"}, "85 MARIA SOLEDAD LIEMPAN APELEO": {"votos": 42, "pct": 0.0086, "partido": "PDG", "pacto": "I - PARTIDO DE LA GENTE"}, "86 CRESCENCIO ALBERTO LOPEZ PEREZ": {"votos": 19, "pct": 0.0039, "partido": "PDG", "pacto": "I - PARTIDO DE LA GENTE"}, "87 CHRISTOPHER ELIAS YAÑEZ LEAL": {"votos": 40, "pct": 0.0082, "partido": "PDG", "pacto": "I - PARTIDO DE LA GENTE"}, "88 GUILLERMO RAMIREZ DIEZ": {"votos": 70, "pct": 0.0144, "partido": "UDI", "pacto": "J - CHILE GRANDE Y UNIDO"}, "89 JOSE MIGUEL GONZALEZ ZAPATA": {"votos": 49, "pct": 0.0101, "partido": "UDI", "pacto": "J - CHILE GRANDE Y UNIDO"}, "90 ERIKA OLIVERA DE LA FUENTE": {"votos": 85, "pct": 0.0174, "partido": "DEMOCRATAS", "pacto": "J - CHILE GRANDE Y UNIDO"}, "91 VERONICA MONTECINOS ORTIZ": {"votos": 20, "pct": 0.0041, "partido": "DEMOCRATAS", "pacto": "J - CHILE GRANDE Y UNIDO"}, "92 ALDO DUQUE SANTOS": {"votos": 45, "pct": 0.0092, "partido": "IND-RN", "pacto": "J - CHILE GRANDE Y UNIDO"}, "93 MARIA ELENA BARCO SANCHEZ": {"votos": 21, "pct": 0.0043, "partido": "RN", "pacto": "J - CHILE GRANDE Y UNIDO"}, "94 FELIPE VIDAL CUEVAS": {"votos": 88, "pct": 0.0181, "partido": "IND-EVOPOLI", "pacto": "J - CHILE GRANDE Y UNIDO"}, "95 JUAN MANUEL SANTA CRUZ CAMPAÑA": {"votos": 11, "pct": 0.0023, "partido": "EVOPOLI", "pacto": "J - CHILE GRANDE Y UNIDO"}, "96 JOSE CARLOS MEZA PEREIRA": {"votos": 258, "pct": 0.0529, "partido": "REPUBLICAN", "pacto": "K - CAMBIO POR CHILE"}, "97 MACARENA GARCIA-HUIDOBRO LLORT": {"votos": 126, "pct": 0.0259, "partido": "REPUBLICAN", "pacto": "K - CAMBIO POR CHILE"}, "98 JAVIERA RODRIGUEZ PASCUAL": {"votos": 178, "pct": 0.0365, "partido": "REPUBLICAN", "pacto": "K - CAMBIO POR CHILE"}, "99 MAXIMILIANO MURATH MANSILLA": {"votos": 124, "pct": 0.0254, "partido": "PNL", "pacto": "K - CAMBIO POR CHILE"}, "__blancos__": {"votos": 449, "pct": 0.0921, "partido": "otros", "pacto": "No aplica"}, "__nulos__": {"votos": 970, "pct": 0.1991, "partido": "otros", "pacto": "No aplica"}}, "pres1v25": {"1 FRANCO PARISI FERNANDEZ": {"votos": 1264, "pct": 0.242, "partido": "presidencial", "pacto": "presidencial"}, "2 JEANNETTE JARA ROMAN": {"votos": 1569, "pct": 0.3003, "partido": "presidencial", "pacto": "presidencial"}, "3 MARCO ANTONIO ENRIQUEZ-OMINAMI GUMUCIO": {"votos": 93, "pct": 0.0178, "partido": "presidencial", "pacto": "presidencial"}, "4 JOHANNES KAISER BARENTS-VON HOHENHAGEN": {"votos": 584, "pct": 0.1118, "partido": "presidencial", "pacto": "presidencial"}, "5 JOSE ANTONIO KAST RIST": {"votos": 976, "pct": 0.1868, "partido": "presidencial", "pacto": "presidencial"}, "6 EDUARDO ANTONIO ARTES BRICHETTI": {"votos": 35, "pct": 0.0067, "partido": "presidencial", "pacto": "presidencial"}, "7 EVELYN MATTHEI FORNET": {"votos": 465, "pct": 0.089, "partido": "presidencial", "pacto": "presidencial"}, "8 HAROLD MAYNE-NICHOLLS SECUL": {"votos": 46, "pct": 0.0088, "partido": "presidencial", "pacto": "presidencial"}, "__blancos__": {"votos": 52, "pct": 0.01, "partido": "presidencial", "pacto": "presidencial"}, "__nulos__": {"votos": 140, "pct": 0.0268, "partido": "presidencial", "pacto": "presidencial"}}, "pres2v25": {"2 JEANNETTE JARA ROMAN": {"votos": 2498, "pct": 0.4796, "partido": "presidencial", "pacto": "presidencial"}, "5 JOSE ANTONIO KAST RIST": {"votos": 2333, "pct": 0.448, "partido": "presidencial", "pacto": "presidencial"}, "__blancos__": {"votos": 85, "pct": 0.0163, "partido": "presidencial", "pacto": "presidencial"}, "__nulos__": {"votos": 292, "pct": 0.0561, "partido": "presidencial", "pacto": "presidencial"}}}}, "geometry": {"type": "Point", "coordinates": [-70.73666029, -33.40453575]}}, {"type": "Feature", "properties": {"local": "ESCUELA PADRE GUSTAVO LE PAIGE", "elections": {"conc24": {"AGHATA SANTANA CARRASCO": {"votos": 34, "pct": 0.0042, "partido": "PARTIDO DEMOCRATAS CHILE", "pacto": "CENTRO DEMOCRATICO", "subpacto": "DEMOCRATAS E INDEPENDIENTES"}, "ANGELINA DEL CARMEN ACEVEDO TAPIA": {"votos": 246, "pct": 0.0306, "partido": "INDEPENDIENTES", "pacto": "TU COMUNA RADICAL"}, "BENJAMIN ESTEBAN LEAL HERNANDEZ": {"votos": 246, "pct": 0.0306, "partido": "PARTIDO SOCIAL CRISTIANO", "pacto": "PARTIDO SOCIAL CRISTIANO E INDEPENDIENTES"}, "BIANCA BALCAZAR AREVALO": {"votos": 72, "pct": 0.0089, "partido": "INDEPENDIENTES", "pacto": "CHILE VAMOS RENOVACIÓN NACIONAL - INDEPENDIENTES"}, "CARLOS COLLAO VEGA": {"votos": 102, "pct": 0.0127, "partido": "PARTIDO DEMOCRATAS CHILE", "pacto": "CENTRO DEMOCRATICO", "subpacto": "DEMOCRATAS E INDEPENDIENTES"}, "CAROLINA ANDREA COÑOPAN ARAYA": {"votos": 210, "pct": 0.0261, "partido": "INDEPENDIENTES", "pacto": "POR CHILE, SEGUIMOS", "subpacto": "FRENTE AMPLIO E INDEPENDIENTES", "elected": true}, "CATHERINE ARAYA TORREJON": {"votos": 65, "pct": 0.0081, "partido": "PARTIDO SOCIALISTA DE CHILE", "pacto": "CHILE MUCHO MEJOR", "subpacto": "PS E INDEPENDIENTES"}, "CECILIA DEL CARMEN GACITUA GACITUA": {"votos": 98, "pct": 0.0122, "partido": "INDEPENDIENTES", "pacto": "TU COMUNA RADICAL"}, "CECILIA DEL PILAR LOPEZ CONTRERAS": {"votos": 399, "pct": 0.0496, "partido": "PARTIDO SOCIALISTA DE CHILE", "pacto": "CHILE MUCHO MEJOR", "subpacto": "PS E INDEPENDIENTES", "elected": true}, "CESAR DEMETRIO AMESTICA ALARCON": {"votos": 153, "pct": 0.019, "partido": "FRENTE AMPLIO", "pacto": "POR CHILE, SEGUIMOS", "subpacto": "FRENTE AMPLIO E INDEPENDIENTES"}, "CESAR MONSALVE ORTEGA": {"votos": 82, "pct": 0.0102, "partido": "UNION DEMOCRATA INDEPENDIENTE", "pacto": "CHILE VAMOS UDI-EVOPOLI E INDEPENDIENTES", "subpacto": "UDI - INDEPENDIENTES"}, "CLAUDIO CHRISTIAN SEPULVEDA ORMAZABAL": {"votos": 151, "pct": 0.0188, "partido": "FRENTE AMPLIO", "pacto": "POR CHILE, SEGUIMOS", "subpacto": "FRENTE AMPLIO E INDEPENDIENTES"}, "CRISTIAN ANTONIO FLORES MENA": {"votos": 68, "pct": 0.0084, "partido": "RENOVACION NACIONAL", "pacto": "CHILE VAMOS RENOVACIÓN NACIONAL - INDEPENDIENTES"}, "DAYANA ARELLANO SALINAS": {"votos": 72, "pct": 0.0089, "partido": "INDEPENDIENTES", "pacto": "CHILE MUCHO MEJOR", "subpacto": "PPD E INDEPENDIENTES"}, "DIEGO ANDRES MARTINEZ OTAROLA": {"votos": 162, "pct": 0.0201, "partido": "RENOVACION NACIONAL", "pacto": "CHILE VAMOS RENOVACIÓN NACIONAL - INDEPENDIENTES", "elected": true}, "DIEGO DELGADO DOMINGUEZ": {"votos": 92, "pct": 0.0114, "partido": "INDEPENDIENTES", "pacto": "CHILE VAMOS UDI-EVOPOLI E INDEPENDIENTES", "subpacto": "UDI - INDEPENDIENTES"}, "DIEGO IGNACIO FUENTES LIRA": {"votos": 281, "pct": 0.0349, "partido": "INDEPENDIENTES", "pacto": "TU COMUNA RADICAL", "elected": true}, "ERICA PATRICIA ROJAS SALINAS": {"votos": 92, "pct": 0.0114, "partido": "INDEPENDIENTES", "pacto": "TU COMUNA RADICAL"}, "FELIPE ALBERTO DELGADO ANDRADES": {"votos": 65, "pct": 0.0081, "partido": "UNION DEMOCRATA INDEPENDIENTE", "pacto": "CHILE VAMOS UDI-EVOPOLI E INDEPENDIENTES", "subpacto": "UDI - INDEPENDIENTES"}, "FLORENCIO ENRIQUE KUNTZ SANHUEZA": {"votos": 409, "pct": 0.0508, "partido": "PARTIDO REPUBLICANO DE CHILE", "pacto": "REPUBLICANOS E INDEPENDIENTES", "elected": true}, "FRANCISCO JAVIER CATALDO SANTANDER": {"votos": 105, "pct": 0.013, "partido": "INDEPENDIENTES", "pacto": "VERDES LIBERALES POR UNA COMUNA SEGURA", "subpacto": "PARTIDO FEDERACIÓN REGIONALISTA VERDE SOCIAL E INDEPENDIENTES"}, "FRANCO JAVIER LOPEZ ESPARZA": {"votos": 106, "pct": 0.0132, "partido": "INDEPENDIENTES", "pacto": "VERDES LIBERALES POR UNA COMUNA SEGURA", "subpacto": "PARTIDO LIBERAL DE CHILE E INDEPENDIENTES"}, "GABRIEL HERNAN LOPEZ URRA": {"votos": 35, "pct": 0.0043, "partido": "INDEPENDIENTES", "pacto": "CHILE VAMOS RENOVACIÓN NACIONAL - INDEPENDIENTES"}, "GIOVANNI ANDRES ROJAS DAVILA": {"votos": 127, "pct": 0.0158, "partido": "FRENTE AMPLIO", "pacto": "POR CHILE, SEGUIMOS", "subpacto": "FRENTE AMPLIO E INDEPENDIENTES"}, "ISABEL DEL CARMEN ESPINOZA GONZALEZ": {"votos": 81, "pct": 0.0101, "partido": "FEDERACION REGIONALISTA VERDE SOCIAL", "pacto": "VERDES LIBERALES POR UNA COMUNA SEGURA", "subpacto": "PARTIDO FEDERACIÓN REGIONALISTA VERDE SOCIAL E INDEPENDIENTES"}, "ISHKRA WLADIMIR CALDERON SOTO": {"votos": 122, "pct": 0.0152, "partido": "PARTIDO COMUNISTA DE CHILE", "pacto": "POR CHILE, SEGUIMOS", "subpacto": "PARTIDO COMUNISTA DE CHILE E INDEPENDIENTES"}, "ISMAEL ANTONIO ARAYA ARAYA": {"votos": 150, "pct": 0.0186, "partido": "INDEPENDIENTES", "pacto": "TU COMUNA RADICAL", "elected": true}, "JAIME ANDRES MARTINEZ MORAGA": {"votos": 54, "pct": 0.0067, "partido": "INDEPENDIENTES", "pacto": "CENTRO DEMOCRATICO", "subpacto": "DEMOCRATAS E INDEPENDIENTES"}, "JESUS TORREJON SEGOVIA": {"votos": 97, "pct": 0.012, "partido": "PARTIDO DEMOCRATA CRISTIANO", "pacto": "CHILE MUCHO MEJOR", "subpacto": "PDC E INDEPENDIENTES"}, "JORGE NUÑEZ ESPINOZA": {"votos": 26, "pct": 0.0032, "partido": "PARTIDO DEMOCRATAS CHILE", "pacto": "CENTRO DEMOCRATICO", "subpacto": "DEMOCRATAS E INDEPENDIENTES"}, "JOSE DOMINGO GALAZ BELTRAN": {"votos": 71, "pct": 0.0088, "partido": "PARTIDO SOCIALISTA DE CHILE", "pacto": "CHILE MUCHO MEJOR", "subpacto": "PS E INDEPENDIENTES"}, "JUAN CARLOS GODOY MARICIC": {"votos": 292, "pct": 0.0363, "partido": "PARTIDO REPUBLICANO DE CHILE", "pacto": "REPUBLICANOS E INDEPENDIENTES"}, "JUAN PABLO ARAYA IBARRA": {"votos": 59, "pct": 0.0073, "partido": "INDEPENDIENTES", "pacto": "TU COMUNA RADICAL"}, "KAREN ANDREA SERRANO CONCHA": {"votos": 67, "pct": 0.0083, "partido": "PARTIDO DEMOCRATAS CHILE", "pacto": "CENTRO DEMOCRATICO", "subpacto": "DEMOCRATAS E INDEPENDIENTES"}, "LESLIE ELIZABETH ALARCON VELASQUEZ": {"votos": 103, "pct": 0.0128, "partido": "INDEPENDIENTES", "pacto": "CHILE MUCHO MEJOR", "subpacto": "PPD E INDEPENDIENTES"}, "MAURICIO ALFONSO LOPEZ MUÑIZ": {"votos": 74, "pct": 0.0092, "partido": "INDEPENDIENTES", "pacto": "CHILE MUCHO MEJOR", "subpacto": "PPD E INDEPENDIENTES"}, "MAURICIO CESAR RAMIREZ LEVIN": {"votos": 66, "pct": 0.0082, "partido": "PARTIDO DEMOCRATA CRISTIANO", "pacto": "CHILE MUCHO MEJOR", "subpacto": "PDC E INDEPENDIENTES"}, "MIGUEL ANTONIO CERDA ORTIZ": {"votos": 32, "pct": 0.004, "partido": "INDEPENDIENTES", "pacto": "CHILE VAMOS RENOVACIÓN NACIONAL - INDEPENDIENTES"}, "NICOLAS MARTIN DUEK MORGAN": {"votos": 35, "pct": 0.0043, "partido": "UNION DEMOCRATA INDEPENDIENTE", "pacto": "CHILE VAMOS UDI-EVOPOLI E INDEPENDIENTES", "subpacto": "UDI - INDEPENDIENTES"}, "NORA CONTRERAS CANALES": {"votos": 408, "pct": 0.0507, "partido": "UNION DEMOCRATA INDEPENDIENTE", "pacto": "CHILE VAMOS UDI-EVOPOLI E INDEPENDIENTES", "subpacto": "UDI - INDEPENDIENTES", "elected": true}, "PATRICIO IGNACIO ILUFI BORQUEZ": {"votos": 36, "pct": 0.0045, "partido": "INDEPENDIENTES", "pacto": "CENTRO DEMOCRATICO", "subpacto": "DEMOCRATAS E INDEPENDIENTES"}, "PAULINA SILVANA LIZAMA YAÑEZ": {"votos": 66, "pct": 0.0082, "partido": "INDEPENDIENTES", "pacto": "CHILE VAMOS RENOVACIÓN NACIONAL - INDEPENDIENTES"}, "RITA ANDREA CUEVAS VALDES": {"votos": 88, "pct": 0.0109, "partido": "INDEPENDIENTES", "pacto": "TU COMUNA RADICAL"}, "SANDRA CACERES RIOS": {"votos": 91, "pct": 0.0113, "partido": "UNION DEMOCRATA INDEPENDIENTE", "pacto": "CHILE VAMOS UDI-EVOPOLI E INDEPENDIENTES", "subpacto": "UDI - INDEPENDIENTES"}, "VICTOR ALEJANDRO VERA CASTILLO": {"votos": 44, "pct": 0.0055, "partido": "PARTIDO DEMOCRATAS CHILE", "pacto": "CENTRO DEMOCRATICO", "subpacto": "DEMOCRATAS E INDEPENDIENTES"}, "YAMILETTE CAROLINA GARATE SOTO": {"votos": 240, "pct": 0.0298, "partido": "PARTIDO COMUNISTA DE CHILE", "pacto": "POR CHILE, SEGUIMOS", "subpacto": "PARTIDO COMUNISTA DE CHILE E INDEPENDIENTES", "elected": true}, "__blancos__": {"votos": 892, "pct": 0.1108, "partido": "otros", "pacto": "otros"}, "__nulos__": {"votos": 1385, "pct": 0.172, "partido": "otros", "pacto": "otros"}}, "muni24": {"CAMILA INES AVILES": {"votos": 1450, "pct": 0.1801, "partido": "PARTIDO DEMOCRATAS CHILE", "pacto": "PARTIDO DEMOCRATAS CHILE"}, "CLAUDIO NICOLAS CASTRO": {"votos": 5247, "pct": 0.6516, "partido": "INDEPENDIENTES", "pacto": "INDEPENDIENTES"}, "PAUL FREDDY HERRERA": {"votos": 440, "pct": 0.0546, "partido": "PARTIDO DE LA GENTE", "pacto": "PARTIDO DE LA GENTE"}, "__blancos__": {"votos": 332, "pct": 0.0412, "partido": "otros", "pacto": "otros"}, "__nulos__": {"votos": 584, "pct": 0.0725, "partido": "otros", "pacto": "otros"}}, "parla25": {"100 MARGARITA GARRIDO ACEVEDO": {"votos": 106, "pct": 0.0127, "partido": "PNL", "pacto": "K - CAMBIO POR CHILE"}, "101 VALESKA OYARCE PEÑA": {"votos": 32, "pct": 0.0038, "partido": "PSC", "pacto": "K - CAMBIO POR CHILE"}, "102 ALBERTO SEGUEL MENA": {"votos": 34, "pct": 0.0041, "partido": "PSC", "pacto": "K - CAMBIO POR CHILE"}, "103 CAROLINA GARATE VERGARA": {"votos": 99, "pct": 0.0119, "partido": "PSC", "pacto": "K - CAMBIO POR CHILE"}, "51 ALEJANDRA PEREZ ESPINA": {"votos": 65, "pct": 0.0078, "partido": "AH", "pacto": "B - VERDES, REGIONALISTAS Y HUMANISTAS"}, "52 ARIEL MATELUNA MATELUNA": {"votos": 64, "pct": 0.0077, "partido": "IND-AH", "pacto": "B - VERDES, REGIONALISTAS Y HUMANISTAS"}, "53 WALESKA UBIERNA NAVARRO": {"votos": 21, "pct": 0.0025, "partido": "AH", "pacto": "B - VERDES, REGIONALISTAS Y HUMANISTAS"}, "54 JOSE LUIS VILLAGRAN BARAHONA": {"votos": 32, "pct": 0.0038, "partido": "IND-AH", "pacto": "B - VERDES, REGIONALISTAS Y HUMANISTAS"}, "55 PAOLA CADIZ NUÑEZ": {"votos": 18, "pct": 0.0022, "partido": "FREVS", "pacto": "B - VERDES, REGIONALISTAS Y HUMANISTAS"}, "56 EVELYN FARIAS AILIO": {"votos": 21, "pct": 0.0025, "partido": "IND-FREVS", "pacto": "B - VERDES, REGIONALISTAS Y HUMANISTAS"}, "57 JOSE SEPULVEDA ZELADA": {"votos": 29, "pct": 0.0035, "partido": "IND-FREVS", "pacto": "B - VERDES, REGIONALISTAS Y HUMANISTAS"}, "58 ANDRES GIORDANO SALAZAR": {"votos": 192, "pct": 0.023, "partido": "FA", "pacto": "C - UNIDAD POR CHILE"}, "59 LEONARDO JOFRE RIOS": {"votos": 276, "pct": 0.033, "partido": "FA", "pacto": "C - UNIDAD POR CHILE"}, "60 BORIS BARRERA MORENO": {"votos": 462, "pct": 0.0553, "partido": "PCCH", "pacto": "C - UNIDAD POR CHILE"}, "61 CAROLA RIVERO CANALES": {"votos": 236, "pct": 0.0282, "partido": "PS", "pacto": "C - UNIDAD POR CHILE"}, "62 CESAR VALENZUELA MAASS": {"votos": 389, "pct": 0.0466, "partido": "PS", "pacto": "C - UNIDAD POR CHILE"}, "63 SANDRA GONZALEZ ZAMORANO": {"votos": 78, "pct": 0.0093, "partido": "IND-PPD", "pacto": "C - UNIDAD POR CHILE"}, "64 CARLOS CUADRADO PRATS": {"votos": 103, "pct": 0.0123, "partido": "PPD", "pacto": "C - UNIDAD POR CHILE"}, "65 AMELIA DEL CARMEN GALLEGOS RAMIREZ": {"votos": 91, "pct": 0.0109, "partido": "PH", "pacto": "D - IZQUIERDA ECOLOGISTA POPULAR ANIMALISTA Y HUMANISTA"}, "66 VIVIANA MONTECINOS SUAZO": {"votos": 77, "pct": 0.0092, "partido": "IND-PH", "pacto": "D - IZQUIERDA ECOLOGISTA POPULAR ANIMALISTA Y HUMANISTA"}, "67 ADRIAN ANTONIO LIZAMA BARRA": {"votos": 40, "pct": 0.0048, "partido": "IND-PH", "pacto": "D - IZQUIERDA ECOLOGISTA POPULAR ANIMALISTA Y HUMANISTA"}, "68 JUAN ANDRES PINO MADRID": {"votos": 45, "pct": 0.0054, "partido": "IND-PH", "pacto": "D - IZQUIERDA ECOLOGISTA POPULAR ANIMALISTA Y HUMANISTA"}, "69 SERGIO ENRIQUE FLORES RAMIREZ": {"votos": 48, "pct": 0.0057, "partido": "IND-PH", "pacto": "D - IZQUIERDA ECOLOGISTA POPULAR ANIMALISTA Y HUMANISTA"}, "70 ESTER BARRIENTOS VARGAS": {"votos": 40, "pct": 0.0048, "partido": "IND-PH", "pacto": "D - IZQUIERDA ECOLOGISTA POPULAR ANIMALISTA Y HUMANISTA"}, "71 LUIS ALBERTO DONOSO URIBE": {"votos": 29, "pct": 0.0035, "partido": "IND-PH", "pacto": "D - IZQUIERDA ECOLOGISTA POPULAR ANIMALISTA Y HUMANISTA"}, "72 MANUEL ENRIQUE MUÑOZ PALACIOS": {"votos": 35, "pct": 0.0042, "partido": "PAVP", "pacto": "G - PARTIDO ALIANZA VERDE POPULAR"}, "73 XUXA ALVAREZ FERNANDEZ": {"votos": 53, "pct": 0.0063, "partido": "PAVP", "pacto": "G - PARTIDO ALIANZA VERDE POPULAR"}, "74 JOSE GUILLERMO ROJAS INOSTROZA": {"votos": 12, "pct": 0.0014, "partido": "PAVP", "pacto": "G - PARTIDO ALIANZA VERDE POPULAR"}, "75 ISABEL PALMA PALMA": {"votos": 23, "pct": 0.0028, "partido": "PAVP", "pacto": "G - PARTIDO ALIANZA VERDE POPULAR"}, "76 MARIA ELENA VALENZUELA PINO": {"votos": 20, "pct": 0.0024, "partido": "PAVP", "pacto": "G - PARTIDO ALIANZA VERDE POPULAR"}, "77 LORENZO LEPIN ARANEDA": {"votos": 16, "pct": 0.0019, "partido": "PAVP", "pacto": "G - PARTIDO ALIANZA VERDE POPULAR"}, "78 DANIEL EDUARDO CANTO GONZALEZ": {"votos": 6, "pct": 0.0007, "partido": "PAVP", "pacto": "G - PARTIDO ALIANZA VERDE POPULAR"}, "79 ROBERTO LOBOS VILLASECA": {"votos": 8, "pct": 0.001, "partido": "PAVP", "pacto": "G - PARTIDO ALIANZA VERDE POPULAR"}, "80 TAMARA ALEJANDRA RAMIREZ RAMIREZ": {"votos": 410, "pct": 0.0491, "partido": "PDG", "pacto": "I - PARTIDO DE LA GENTE"}, "81 ANDRES RIGOBERTO CACERES BRAVO": {"votos": 138, "pct": 0.0165, "partido": "PDG", "pacto": "I - PARTIDO DE LA GENTE"}, "82 PAMELA DEL TRANSITO AMARO ARAYA": {"votos": 137, "pct": 0.0164, "partido": "PDG", "pacto": "I - PARTIDO DE LA GENTE"}, "83 FRANCISCO JAVIER LIZANA DONOSO": {"votos": 173, "pct": 0.0207, "partido": "PDG", "pacto": "I - PARTIDO DE LA GENTE"}, "84 CESAR ABRAHAM SUAY JEREZ": {"votos": 78, "pct": 0.0093, "partido": "PDG", "pacto": "I - PARTIDO DE LA GENTE"}, "85 MARIA SOLEDAD LIEMPAN APELEO": {"votos": 84, "pct": 0.0101, "partido": "PDG", "pacto": "I - PARTIDO DE LA GENTE"}, "86 CRESCENCIO ALBERTO LOPEZ PEREZ": {"votos": 21, "pct": 0.0025, "partido": "PDG", "pacto": "I - PARTIDO DE LA GENTE"}, "87 CHRISTOPHER ELIAS YAÑEZ LEAL": {"votos": 67, "pct": 0.008, "partido": "PDG", "pacto": "I - PARTIDO DE LA GENTE"}, "88 GUILLERMO RAMIREZ DIEZ": {"votos": 128, "pct": 0.0153, "partido": "UDI", "pacto": "J - CHILE GRANDE Y UNIDO"}, "89 JOSE MIGUEL GONZALEZ ZAPATA": {"votos": 74, "pct": 0.0089, "partido": "UDI", "pacto": "J - CHILE GRANDE Y UNIDO"}, "90 ERIKA OLIVERA DE LA FUENTE": {"votos": 121, "pct": 0.0145, "partido": "DEMOCRATAS", "pacto": "J - CHILE GRANDE Y UNIDO"}, "91 VERONICA MONTECINOS ORTIZ": {"votos": 38, "pct": 0.0045, "partido": "DEMOCRATAS", "pacto": "J - CHILE GRANDE Y UNIDO"}, "92 ALDO DUQUE SANTOS": {"votos": 64, "pct": 0.0077, "partido": "IND-RN", "pacto": "J - CHILE GRANDE Y UNIDO"}, "93 MARIA ELENA BARCO SANCHEZ": {"votos": 35, "pct": 0.0042, "partido": "RN", "pacto": "J - CHILE GRANDE Y UNIDO"}, "94 FELIPE VIDAL CUEVAS": {"votos": 105, "pct": 0.0126, "partido": "IND-EVOPOLI", "pacto": "J - CHILE GRANDE Y UNIDO"}, "95 JUAN MANUEL SANTA CRUZ CAMPAÑA": {"votos": 31, "pct": 0.0037, "partido": "EVOPOLI", "pacto": "J - CHILE GRANDE Y UNIDO"}, "96 JOSE CARLOS MEZA PEREIRA": {"votos": 442, "pct": 0.0529, "partido": "REPUBLICAN", "pacto": "K - CAMBIO POR CHILE"}, "97 MACARENA GARCIA-HUIDOBRO LLORT": {"votos": 206, "pct": 0.0247, "partido": "REPUBLICAN", "pacto": "K - CAMBIO POR CHILE"}, "98 JAVIERA RODRIGUEZ PASCUAL": {"votos": 316, "pct": 0.0378, "partido": "REPUBLICAN", "pacto": "K - CAMBIO POR CHILE"}, "99 MAXIMILIANO MURATH MANSILLA": {"votos": 211, "pct": 0.0253, "partido": "PNL", "pacto": "K - CAMBIO POR CHILE"}, "__blancos__": {"votos": 777, "pct": 0.093, "partido": "otros", "pacto": "No aplica"}, "__nulos__": {"votos": 1898, "pct": 0.2272, "partido": "otros", "pacto": "No aplica"}}, "pres1v25": {"1 FRANCO PARISI FERNANDEZ": {"votos": 2052, "pct": 0.2289, "partido": "presidencial", "pacto": "presidencial"}, "2 JEANNETTE JARA ROMAN": {"votos": 2634, "pct": 0.2938, "partido": "presidencial", "pacto": "presidencial"}, "3 MARCO ANTONIO ENRIQUEZ-OMINAMI GUMUCIO": {"votos": 159, "pct": 0.0177, "partido": "presidencial", "pacto": "presidencial"}, "4 JOHANNES KAISER BARENTS-VON HOHENHAGEN": {"votos": 964, "pct": 0.1075, "partido": "presidencial", "pacto": "presidencial"}, "5 JOSE ANTONIO KAST RIST": {"votos": 1743, "pct": 0.1944, "partido": "presidencial", "pacto": "presidencial"}, "6 EDUARDO ANTONIO ARTES BRICHETTI": {"votos": 62, "pct": 0.0069, "partido": "presidencial", "pacto": "presidencial"}, "7 EVELYN MATTHEI FORNET": {"votos": 867, "pct": 0.0967, "partido": "presidencial", "pacto": "presidencial"}, "8 HAROLD MAYNE-NICHOLLS SECUL": {"votos": 81, "pct": 0.009, "partido": "presidencial", "pacto": "presidencial"}, "__blancos__": {"votos": 118, "pct": 0.0132, "partido": "presidencial", "pacto": "presidencial"}, "__nulos__": {"votos": 284, "pct": 0.0317, "partido": "presidencial", "pacto": "presidencial"}}, "pres2v25": {"2 JEANNETTE JARA ROMAN": {"votos": 4177, "pct": 0.4663, "partido": "presidencial", "pacto": "presidencial"}, "5 JOSE ANTONIO KAST RIST": {"votos": 4132, "pct": 0.4613, "partido": "presidencial", "pacto": "presidencial"}, "__blancos__": {"votos": 67, "pct": 0.0075, "partido": "presidencial", "pacto": "presidencial"}, "__nulos__": {"votos": 582, "pct": 0.065, "partido": "presidencial", "pacto": "presidencial"}}}}, "geometry": {"type": "Point", "coordinates": [-70.72900341, -33.41087656]}}, {"type": "Feature", "properties": {"local": "ESCUELA REBECA MATTE BELLO", "elections": {"conc24": {"AGHATA SANTANA CARRASCO": {"votos": 11, "pct": 0.0016, "partido": "PARTIDO DEMOCRATAS CHILE", "pacto": "CENTRO DEMOCRATICO", "subpacto": "DEMOCRATAS E INDEPENDIENTES"}, "ANGELINA DEL CARMEN ACEVEDO TAPIA": {"votos": 82, "pct": 0.0121, "partido": "INDEPENDIENTES", "pacto": "TU COMUNA RADICAL"}, "BENJAMIN ESTEBAN LEAL HERNANDEZ": {"votos": 130, "pct": 0.0192, "partido": "PARTIDO SOCIAL CRISTIANO", "pacto": "PARTIDO SOCIAL CRISTIANO E INDEPENDIENTES"}, "BIANCA BALCAZAR AREVALO": {"votos": 46, "pct": 0.0068, "partido": "INDEPENDIENTES", "pacto": "CHILE VAMOS RENOVACIÓN NACIONAL - INDEPENDIENTES"}, "CARLOS COLLAO VEGA": {"votos": 61, "pct": 0.009, "partido": "PARTIDO DEMOCRATAS CHILE", "pacto": "CENTRO DEMOCRATICO", "subpacto": "DEMOCRATAS E INDEPENDIENTES"}, "CAROLINA ANDREA COÑOPAN ARAYA": {"votos": 173, "pct": 0.0255, "partido": "INDEPENDIENTES", "pacto": "POR CHILE, SEGUIMOS", "subpacto": "FRENTE AMPLIO E INDEPENDIENTES", "elected": true}, "CATHERINE ARAYA TORREJON": {"votos": 59, "pct": 0.0087, "partido": "PARTIDO SOCIALISTA DE CHILE", "pacto": "CHILE MUCHO MEJOR", "subpacto": "PS E INDEPENDIENTES"}, "CECILIA DEL CARMEN GACITUA GACITUA": {"votos": 88, "pct": 0.013, "partido": "INDEPENDIENTES", "pacto": "TU COMUNA RADICAL"}, "CECILIA DEL PILAR LOPEZ CONTRERAS": {"votos": 191, "pct": 0.0282, "partido": "PARTIDO SOCIALISTA DE CHILE", "pacto": "CHILE MUCHO MEJOR", "subpacto": "PS E INDEPENDIENTES", "elected": true}, "CESAR DEMETRIO AMESTICA ALARCON": {"votos": 182, "pct": 0.0268, "partido": "FRENTE AMPLIO", "pacto": "POR CHILE, SEGUIMOS", "subpacto": "FRENTE AMPLIO E INDEPENDIENTES"}, "CESAR MONSALVE ORTEGA": {"votos": 84, "pct": 0.0124, "partido": "UNION DEMOCRATA INDEPENDIENTE", "pacto": "CHILE VAMOS UDI-EVOPOLI E INDEPENDIENTES", "subpacto": "UDI - INDEPENDIENTES"}, "CLAUDIO CHRISTIAN SEPULVEDA ORMAZABAL": {"votos": 155, "pct": 0.0229, "partido": "FRENTE AMPLIO", "pacto": "POR CHILE, SEGUIMOS", "subpacto": "FRENTE AMPLIO E INDEPENDIENTES"}, "CRISTIAN ANTONIO FLORES MENA": {"votos": 46, "pct": 0.0068, "partido": "RENOVACION NACIONAL", "pacto": "CHILE VAMOS RENOVACIÓN NACIONAL - INDEPENDIENTES"}, "DAYANA ARELLANO SALINAS": {"votos": 70, "pct": 0.0103, "partido": "INDEPENDIENTES", "pacto": "CHILE MUCHO MEJOR", "subpacto": "PPD E INDEPENDIENTES"}, "DIEGO ANDRES MARTINEZ OTAROLA": {"votos": 106, "pct": 0.0156, "partido": "RENOVACION NACIONAL", "pacto": "CHILE VAMOS RENOVACIÓN NACIONAL - INDEPENDIENTES", "elected": true}, "DIEGO DELGADO DOMINGUEZ": {"votos": 66, "pct": 0.0097, "partido": "INDEPENDIENTES", "pacto": "CHILE VAMOS UDI-EVOPOLI E INDEPENDIENTES", "subpacto": "UDI - INDEPENDIENTES"}, "DIEGO IGNACIO FUENTES LIRA": {"votos": 273, "pct": 0.0402, "partido": "INDEPENDIENTES", "pacto": "TU COMUNA RADICAL", "elected": true}, "ERICA PATRICIA ROJAS SALINAS": {"votos": 57, "pct": 0.0084, "partido": "INDEPENDIENTES", "pacto": "TU COMUNA RADICAL"}, "FELIPE ALBERTO DELGADO ANDRADES": {"votos": 18, "pct": 0.0027, "partido": "UNION DEMOCRATA INDEPENDIENTE", "pacto": "CHILE VAMOS UDI-EVOPOLI E INDEPENDIENTES", "subpacto": "UDI - INDEPENDIENTES"}, "FLORENCIO ENRIQUE KUNTZ SANHUEZA": {"votos": 284, "pct": 0.0419, "partido": "PARTIDO REPUBLICANO DE CHILE", "pacto": "REPUBLICANOS E INDEPENDIENTES", "elected": true}, "FRANCISCO JAVIER CATALDO SANTANDER": {"votos": 225, "pct": 0.0332, "partido": "INDEPENDIENTES", "pacto": "VERDES LIBERALES POR UNA COMUNA SEGURA", "subpacto": "PARTIDO FEDERACIÓN REGIONALISTA VERDE SOCIAL E INDEPENDIENTES"}, "FRANCO JAVIER LOPEZ ESPARZA": {"votos": 60, "pct": 0.0088, "partido": "INDEPENDIENTES", "pacto": "VERDES LIBERALES POR UNA COMUNA SEGURA", "subpacto": "PARTIDO LIBERAL DE CHILE E INDEPENDIENTES"}, "GABRIEL HERNAN LOPEZ URRA": {"votos": 45, "pct": 0.0066, "partido": "INDEPENDIENTES", "pacto": "CHILE VAMOS RENOVACIÓN NACIONAL - INDEPENDIENTES"}, "GIOVANNI ANDRES ROJAS DAVILA": {"votos": 114, "pct": 0.0168, "partido": "FRENTE AMPLIO", "pacto": "POR CHILE, SEGUIMOS", "subpacto": "FRENTE AMPLIO E INDEPENDIENTES"}, "ISABEL DEL CARMEN ESPINOZA GONZALEZ": {"votos": 84, "pct": 0.0124, "partido": "FEDERACION REGIONALISTA VERDE SOCIAL", "pacto": "VERDES LIBERALES POR UNA COMUNA SEGURA", "subpacto": "PARTIDO FEDERACIÓN REGIONALISTA VERDE SOCIAL E INDEPENDIENTES"}, "ISHKRA WLADIMIR CALDERON SOTO": {"votos": 158, "pct": 0.0233, "partido": "PARTIDO COMUNISTA DE CHILE", "pacto": "POR CHILE, SEGUIMOS", "subpacto": "PARTIDO COMUNISTA DE CHILE E INDEPENDIENTES"}, "ISMAEL ANTONIO ARAYA ARAYA": {"votos": 119, "pct": 0.0175, "partido": "INDEPENDIENTES", "pacto": "TU COMUNA RADICAL", "elected": true}, "JAIME ANDRES MARTINEZ MORAGA": {"votos": 27, "pct": 0.004, "partido": "INDEPENDIENTES", "pacto": "CENTRO DEMOCRATICO", "subpacto": "DEMOCRATAS E INDEPENDIENTES"}, "JESUS TORREJON SEGOVIA": {"votos": 81, "pct": 0.0119, "partido": "PARTIDO DEMOCRATA CRISTIANO", "pacto": "CHILE MUCHO MEJOR", "subpacto": "PDC E INDEPENDIENTES"}, "JORGE NUÑEZ ESPINOZA": {"votos": 13, "pct": 0.0019, "partido": "PARTIDO DEMOCRATAS CHILE", "pacto": "CENTRO DEMOCRATICO", "subpacto": "DEMOCRATAS E INDEPENDIENTES"}, "JOSE DOMINGO GALAZ BELTRAN": {"votos": 174, "pct": 0.0257, "partido": "PARTIDO SOCIALISTA DE CHILE", "pacto": "CHILE MUCHO MEJOR", "subpacto": "PS E INDEPENDIENTES"}, "JUAN CARLOS GODOY MARICIC": {"votos": 208, "pct": 0.0307, "partido": "PARTIDO REPUBLICANO DE CHILE", "pacto": "REPUBLICANOS E INDEPENDIENTES"}, "JUAN PABLO ARAYA IBARRA": {"votos": 46, "pct": 0.0068, "partido": "INDEPENDIENTES", "pacto": "TU COMUNA RADICAL"}, "KAREN ANDREA SERRANO CONCHA": {"votos": 33, "pct": 0.0049, "partido": "PARTIDO DEMOCRATAS CHILE", "pacto": "CENTRO DEMOCRATICO", "subpacto": "DEMOCRATAS E INDEPENDIENTES"}, "LESLIE ELIZABETH ALARCON VELASQUEZ": {"votos": 59, "pct": 0.0087, "partido": "INDEPENDIENTES", "pacto": "CHILE MUCHO MEJOR", "subpacto": "PPD E INDEPENDIENTES"}, "MAURICIO ALFONSO LOPEZ MUÑIZ": {"votos": 50, "pct": 0.0074, "partido": "INDEPENDIENTES", "pacto": "CHILE MUCHO MEJOR", "subpacto": "PPD E INDEPENDIENTES"}, "MAURICIO CESAR RAMIREZ LEVIN": {"votos": 25, "pct": 0.0037, "partido": "PARTIDO DEMOCRATA CRISTIANO", "pacto": "CHILE MUCHO MEJOR", "subpacto": "PDC E INDEPENDIENTES"}, "MIGUEL ANTONIO CERDA ORTIZ": {"votos": 22, "pct": 0.0032, "partido": "INDEPENDIENTES", "pacto": "CHILE VAMOS RENOVACIÓN NACIONAL - INDEPENDIENTES"}, "NICOLAS MARTIN DUEK MORGAN": {"votos": 27, "pct": 0.004, "partido": "UNION DEMOCRATA INDEPENDIENTE", "pacto": "CHILE VAMOS UDI-EVOPOLI E INDEPENDIENTES", "subpacto": "UDI - INDEPENDIENTES"}, "NORA CONTRERAS CANALES": {"votos": 433, "pct": 0.0638, "partido": "UNION DEMOCRATA INDEPENDIENTE", "pacto": "CHILE VAMOS UDI-EVOPOLI E INDEPENDIENTES", "subpacto": "UDI - INDEPENDIENTES", "elected": true}, "PATRICIO IGNACIO ILUFI BORQUEZ": {"votos": 20, "pct": 0.0029, "partido": "INDEPENDIENTES", "pacto": "CENTRO DEMOCRATICO", "subpacto": "DEMOCRATAS E INDEPENDIENTES"}, "PAULINA SILVANA LIZAMA YAÑEZ": {"votos": 60, "pct": 0.0088, "partido": "INDEPENDIENTES", "pacto": "CHILE VAMOS RENOVACIÓN NACIONAL - INDEPENDIENTES"}, "RITA ANDREA CUEVAS VALDES": {"votos": 423, "pct": 0.0624, "partido": "INDEPENDIENTES", "pacto": "TU COMUNA RADICAL"}, "SANDRA CACERES RIOS": {"votos": 41, "pct": 0.006, "partido": "UNION DEMOCRATA INDEPENDIENTE", "pacto": "CHILE VAMOS UDI-EVOPOLI E INDEPENDIENTES", "subpacto": "UDI - INDEPENDIENTES"}, "VICTOR ALEJANDRO VERA CASTILLO": {"votos": 31, "pct": 0.0046, "partido": "PARTIDO DEMOCRATAS CHILE", "pacto": "CENTRO DEMOCRATICO", "subpacto": "DEMOCRATAS E INDEPENDIENTES"}, "YAMILETTE CAROLINA GARATE SOTO": {"votos": 265, "pct": 0.0391, "partido": "PARTIDO COMUNISTA DE CHILE", "pacto": "POR CHILE, SEGUIMOS", "subpacto": "PARTIDO COMUNISTA DE CHILE E INDEPENDIENTES", "elected": true}, "__blancos__": {"votos": 772, "pct": 0.1138, "partido": "otros", "pacto": "otros"}, "__nulos__": {"votos": 986, "pct": 0.1454, "partido": "otros", "pacto": "otros"}}, "muni24": {"CAMILA INES AVILES": {"votos": 1022, "pct": 0.1503, "partido": "PARTIDO DEMOCRATAS CHILE", "pacto": "PARTIDO DEMOCRATAS CHILE"}, "CLAUDIO NICOLAS CASTRO": {"votos": 4779, "pct": 0.7028, "partido": "INDEPENDIENTES", "pacto": "INDEPENDIENTES"}, "PAUL FREDDY HERRERA": {"votos": 296, "pct": 0.0435, "partido": "PARTIDO DE LA GENTE", "pacto": "PARTIDO DE LA GENTE"}, "__blancos__": {"votos": 341, "pct": 0.0501, "partido": "otros", "pacto": "otros"}, "__nulos__": {"votos": 362, "pct": 0.0532, "partido": "otros", "pacto": "otros"}}, "parla25": {"100 MARGARITA GARRIDO ACEVEDO": {"votos": 129, "pct": 0.0175, "partido": "PNL", "pacto": "K - CAMBIO POR CHILE"}, "101 VALESKA OYARCE PEÑA": {"votos": 22, "pct": 0.003, "partido": "PSC", "pacto": "K - CAMBIO POR CHILE"}, "102 ALBERTO SEGUEL MENA": {"votos": 16, "pct": 0.0022, "partido": "PSC", "pacto": "K - CAMBIO POR CHILE"}, "103 CAROLINA GARATE VERGARA": {"votos": 67, "pct": 0.0091, "partido": "PSC", "pacto": "K - CAMBIO POR CHILE"}, "51 ALEJANDRA PEREZ ESPINA": {"votos": 67, "pct": 0.0091, "partido": "AH", "pacto": "B - VERDES, REGIONALISTAS Y HUMANISTAS"}, "52 ARIEL MATELUNA MATELUNA": {"votos": 59, "pct": 0.008, "partido": "IND-AH", "pacto": "B - VERDES, REGIONALISTAS Y HUMANISTAS"}, "53 WALESKA UBIERNA NAVARRO": {"votos": 19, "pct": 0.0026, "partido": "AH", "pacto": "B - VERDES, REGIONALISTAS Y HUMANISTAS"}, "54 JOSE LUIS VILLAGRAN BARAHONA": {"votos": 27, "pct": 0.0037, "partido": "IND-AH", "pacto": "B - VERDES, REGIONALISTAS Y HUMANISTAS"}, "55 PAOLA CADIZ NUÑEZ": {"votos": 24, "pct": 0.0033, "partido": "FREVS", "pacto": "B - VERDES, REGIONALISTAS Y HUMANISTAS"}, "56 EVELYN FARIAS AILIO": {"votos": 26, "pct": 0.0035, "partido": "IND-FREVS", "pacto": "B - VERDES, REGIONALISTAS Y HUMANISTAS"}, "57 JOSE SEPULVEDA ZELADA": {"votos": 29, "pct": 0.0039, "partido": "IND-FREVS", "pacto": "B - VERDES, REGIONALISTAS Y HUMANISTAS"}, "58 ANDRES GIORDANO SALAZAR": {"votos": 199, "pct": 0.027, "partido": "FA", "pacto": "C - UNIDAD POR CHILE"}, "59 LEONARDO JOFRE RIOS": {"votos": 588, "pct": 0.0799, "partido": "FA", "pacto": "C - UNIDAD POR CHILE"}, "60 BORIS BARRERA MORENO": {"votos": 411, "pct": 0.0559, "partido": "PCCH", "pacto": "C - UNIDAD POR CHILE"}, "61 CAROLA RIVERO CANALES": {"votos": 156, "pct": 0.0212, "partido": "PS", "pacto": "C - UNIDAD POR CHILE"}, "62 CESAR VALENZUELA MAASS": {"votos": 393, "pct": 0.0534, "partido": "PS", "pacto": "C - UNIDAD POR CHILE"}, "63 SANDRA GONZALEZ ZAMORANO": {"votos": 58, "pct": 0.0079, "partido": "IND-PPD", "pacto": "C - UNIDAD POR CHILE"}, "64 CARLOS CUADRADO PRATS": {"votos": 91, "pct": 0.0124, "partido": "PPD", "pacto": "C - UNIDAD POR CHILE"}, "65 AMELIA DEL CARMEN GALLEGOS RAMIREZ": {"votos": 93, "pct": 0.0126, "partido": "PH", "pacto": "D - IZQUIERDA ECOLOGISTA POPULAR ANIMALISTA Y HUMANISTA"}, "66 VIVIANA MONTECINOS SUAZO": {"votos": 55, "pct": 0.0075, "partido": "IND-PH", "pacto": "D - IZQUIERDA ECOLOGISTA POPULAR ANIMALISTA Y HUMANISTA"}, "67 ADRIAN ANTONIO LIZAMA BARRA": {"votos": 23, "pct": 0.0031, "partido": "IND-PH", "pacto": "D - IZQUIERDA ECOLOGISTA POPULAR ANIMALISTA Y HUMANISTA"}, "68 JUAN ANDRES PINO MADRID": {"votos": 45, "pct": 0.0061, "partido": "IND-PH", "pacto": "D - IZQUIERDA ECOLOGISTA POPULAR ANIMALISTA Y HUMANISTA"}, "69 SERGIO ENRIQUE FLORES RAMIREZ": {"votos": 20, "pct": 0.0027, "partido": "IND-PH", "pacto": "D - IZQUIERDA ECOLOGISTA POPULAR ANIMALISTA Y HUMANISTA"}, "70 ESTER BARRIENTOS VARGAS": {"votos": 30, "pct": 0.0041, "partido": "IND-PH", "pacto": "D - IZQUIERDA ECOLOGISTA POPULAR ANIMALISTA Y HUMANISTA"}, "71 LUIS ALBERTO DONOSO URIBE": {"votos": 26, "pct": 0.0035, "partido": "IND-PH", "pacto": "D - IZQUIERDA ECOLOGISTA POPULAR ANIMALISTA Y HUMANISTA"}, "72 MANUEL ENRIQUE MUÑOZ PALACIOS": {"votos": 34, "pct": 0.0046, "partido": "PAVP", "pacto": "G - PARTIDO ALIANZA VERDE POPULAR"}, "73 XUXA ALVAREZ FERNANDEZ": {"votos": 50, "pct": 0.0068, "partido": "PAVP", "pacto": "G - PARTIDO ALIANZA VERDE POPULAR"}, "74 JOSE GUILLERMO ROJAS INOSTROZA": {"votos": 20, "pct": 0.0027, "partido": "PAVP", "pacto": "G - PARTIDO ALIANZA VERDE POPULAR"}, "75 ISABEL PALMA PALMA": {"votos": 18, "pct": 0.0024, "partido": "PAVP", "pacto": "G - PARTIDO ALIANZA VERDE POPULAR"}, "76 MARIA ELENA VALENZUELA PINO": {"votos": 15, "pct": 0.002, "partido": "PAVP", "pacto": "G - PARTIDO ALIANZA VERDE POPULAR"}, "77 LORENZO LEPIN ARANEDA": {"votos": 23, "pct": 0.0031, "partido": "PAVP", "pacto": "G - PARTIDO ALIANZA VERDE POPULAR"}, "78 DANIEL EDUARDO CANTO GONZALEZ": {"votos": 4, "pct": 0.0005, "partido": "PAVP", "pacto": "G - PARTIDO ALIANZA VERDE POPULAR"}, "79 ROBERTO LOBOS VILLASECA": {"votos": 5, "pct": 0.0007, "partido": "PAVP", "pacto": "G - PARTIDO ALIANZA VERDE POPULAR"}, "80 TAMARA ALEJANDRA RAMIREZ RAMIREZ": {"votos": 334, "pct": 0.0454, "partido": "PDG", "pacto": "I - PARTIDO DE LA GENTE"}, "81 ANDRES RIGOBERTO CACERES BRAVO": {"votos": 124, "pct": 0.0169, "partido": "PDG", "pacto": "I - PARTIDO DE LA GENTE"}, "82 PAMELA DEL TRANSITO AMARO ARAYA": {"votos": 125, "pct": 0.017, "partido": "PDG", "pacto": "I - PARTIDO DE LA GENTE"}, "83 FRANCISCO JAVIER LIZANA DONOSO": {"votos": 113, "pct": 0.0154, "partido": "PDG", "pacto": "I - PARTIDO DE LA GENTE"}, "84 CESAR ABRAHAM SUAY JEREZ": {"votos": 72, "pct": 0.0098, "partido": "PDG", "pacto": "I - PARTIDO DE LA GENTE"}, "85 MARIA SOLEDAD LIEMPAN APELEO": {"votos": 70, "pct": 0.0095, "partido": "PDG", "pacto": "I - PARTIDO DE LA GENTE"}, "86 CRESCENCIO ALBERTO LOPEZ PEREZ": {"votos": 30, "pct": 0.0041, "partido": "PDG", "pacto": "I - PARTIDO DE LA GENTE"}, "87 CHRISTOPHER ELIAS YAÑEZ LEAL": {"votos": 53, "pct": 0.0072, "partido": "PDG", "pacto": "I - PARTIDO DE LA GENTE"}, "88 GUILLERMO RAMIREZ DIEZ": {"votos": 94, "pct": 0.0128, "partido": "UDI", "pacto": "J - CHILE GRANDE Y UNIDO"}, "89 JOSE MIGUEL GONZALEZ ZAPATA": {"votos": 47, "pct": 0.0064, "partido": "UDI", "pacto": "J - CHILE GRANDE Y UNIDO"}, "90 ERIKA OLIVERA DE LA FUENTE": {"votos": 90, "pct": 0.0122, "partido": "DEMOCRATAS", "pacto": "J - CHILE GRANDE Y UNIDO"}, "91 VERONICA MONTECINOS ORTIZ": {"votos": 32, "pct": 0.0043, "partido": "DEMOCRATAS", "pacto": "J - CHILE GRANDE Y UNIDO"}, "92 ALDO DUQUE SANTOS": {"votos": 39, "pct": 0.0053, "partido": "IND-RN", "pacto": "J - CHILE GRANDE Y UNIDO"}, "93 MARIA ELENA BARCO SANCHEZ": {"votos": 32, "pct": 0.0043, "partido": "RN", "pacto": "J - CHILE GRANDE Y UNIDO"}, "94 FELIPE VIDAL CUEVAS": {"votos": 127, "pct": 0.0173, "partido": "IND-EVOPOLI", "pacto": "J - CHILE GRANDE Y UNIDO"}, "95 JUAN MANUEL SANTA CRUZ CAMPAÑA": {"votos": 32, "pct": 0.0043, "partido": "EVOPOLI", "pacto": "J - CHILE GRANDE Y UNIDO"}, "96 JOSE CARLOS MEZA PEREIRA": {"votos": 385, "pct": 0.0523, "partido": "REPUBLICAN", "pacto": "K - CAMBIO POR CHILE"}, "97 MACARENA GARCIA-HUIDOBRO LLORT": {"votos": 164, "pct": 0.0223, "partido": "REPUBLICAN", "pacto": "K - CAMBIO POR CHILE"}, "98 JAVIERA RODRIGUEZ PASCUAL": {"votos": 259, "pct": 0.0352, "partido": "REPUBLICAN", "pacto": "K - CAMBIO POR CHILE"}, "99 MAXIMILIANO MURATH MANSILLA": {"votos": 178, "pct": 0.0242, "partido": "PNL", "pacto": "K - CAMBIO POR CHILE"}, "__blancos__": {"votos": 663, "pct": 0.0901, "partido": "otros", "pacto": "No aplica"}, "__nulos__": {"votos": 1453, "pct": 0.1975, "partido": "otros", "pacto": "No aplica"}}, "pres1v25": {"1 FRANCO PARISI FERNANDEZ": {"votos": 1618, "pct": 0.2194, "partido": "presidencial", "pacto": "presidencial"}, "2 JEANNETTE JARA ROMAN": {"votos": 2518, "pct": 0.3415, "partido": "presidencial", "pacto": "presidencial"}, "3 MARCO ANTONIO ENRIQUEZ-OMINAMI GUMUCIO": {"votos": 125, "pct": 0.017, "partido": "presidencial", "pacto": "presidencial"}, "4 JOHANNES KAISER BARENTS-VON HOHENHAGEN": {"votos": 749, "pct": 0.1016, "partido": "presidencial", "pacto": "presidencial"}, "5 JOSE ANTONIO KAST RIST": {"votos": 1271, "pct": 0.1724, "partido": "presidencial", "pacto": "presidencial"}, "6 EDUARDO ANTONIO ARTES BRICHETTI": {"votos": 45, "pct": 0.0061, "partido": "presidencial", "pacto": "presidencial"}, "7 EVELYN MATTHEI FORNET": {"votos": 650, "pct": 0.0881, "partido": "presidencial", "pacto": "presidencial"}, "8 HAROLD MAYNE-NICHOLLS SECUL": {"votos": 80, "pct": 0.0108, "partido": "presidencial", "pacto": "presidencial"}, "__blancos__": {"votos": 88, "pct": 0.0119, "partido": "presidencial", "pacto": "presidencial"}, "__nulos__": {"votos": 230, "pct": 0.0312, "partido": "presidencial", "pacto": "presidencial"}}, "pres2v25": {"2 JEANNETTE JARA ROMAN": {"votos": 3810, "pct": 0.5154, "partido": "presidencial", "pacto": "presidencial"}, "5 JOSE ANTONIO KAST RIST": {"votos": 3071, "pct": 0.4154, "partido": "presidencial", "pacto": "presidencial"}, "__blancos__": {"votos": 99, "pct": 0.0134, "partido": "presidencial", "pacto": "presidencial"}, "__nulos__": {"votos": 412, "pct": 0.0557, "partido": "presidencial", "pacto": "presidencial"}}}}, "geometry": {"type": "Point", "coordinates": [-70.73007011, -33.40389768]}}, {"type": "Feature", "properties": {"local": "INSTITUTO CUMBRE DE CONDORES ORIENTE", "elections": {"conc24": {"AGHATA SANTANA CARRASCO": {"votos": 27, "pct": 0.0038, "partido": "PARTIDO DEMOCRATAS CHILE", "pacto": "CENTRO DEMOCRATICO", "subpacto": "DEMOCRATAS E INDEPENDIENTES"}, "ANGELINA DEL CARMEN ACEVEDO TAPIA": {"votos": 55, "pct": 0.0077, "partido": "INDEPENDIENTES", "pacto": "TU COMUNA RADICAL"}, "BENJAMIN ESTEBAN LEAL HERNANDEZ": {"votos": 192, "pct": 0.0268, "partido": "PARTIDO SOCIAL CRISTIANO", "pacto": "PARTIDO SOCIAL CRISTIANO E INDEPENDIENTES"}, "BIANCA BALCAZAR AREVALO": {"votos": 54, "pct": 0.0075, "partido": "INDEPENDIENTES", "pacto": "CHILE VAMOS RENOVACIÓN NACIONAL - INDEPENDIENTES"}, "CARLOS COLLAO VEGA": {"votos": 66, "pct": 0.0092, "partido": "PARTIDO DEMOCRATAS CHILE", "pacto": "CENTRO DEMOCRATICO", "subpacto": "DEMOCRATAS E INDEPENDIENTES"}, "CAROLINA ANDREA COÑOPAN ARAYA": {"votos": 160, "pct": 0.0223, "partido": "INDEPENDIENTES", "pacto": "POR CHILE, SEGUIMOS", "subpacto": "FRENTE AMPLIO E INDEPENDIENTES", "elected": true}, "CATHERINE ARAYA TORREJON": {"votos": 130, "pct": 0.0181, "partido": "PARTIDO SOCIALISTA DE CHILE", "pacto": "CHILE MUCHO MEJOR", "subpacto": "PS E INDEPENDIENTES"}, "CECILIA DEL CARMEN GACITUA GACITUA": {"votos": 99, "pct": 0.0138, "partido": "INDEPENDIENTES", "pacto": "TU COMUNA RADICAL"}, "CECILIA DEL PILAR LOPEZ CONTRERAS": {"votos": 265, "pct": 0.037, "partido": "PARTIDO SOCIALISTA DE CHILE", "pacto": "CHILE MUCHO MEJOR", "subpacto": "PS E INDEPENDIENTES", "elected": true}, "CESAR DEMETRIO AMESTICA ALARCON": {"votos": 140, "pct": 0.0195, "partido": "FRENTE AMPLIO", "pacto": "POR CHILE, SEGUIMOS", "subpacto": "FRENTE AMPLIO E INDEPENDIENTES"}, "CESAR MONSALVE ORTEGA": {"votos": 77, "pct": 0.0107, "partido": "UNION DEMOCRATA INDEPENDIENTE", "pacto": "CHILE VAMOS UDI-EVOPOLI E INDEPENDIENTES", "subpacto": "UDI - INDEPENDIENTES"}, "CLAUDIO CHRISTIAN SEPULVEDA ORMAZABAL": {"votos": 119, "pct": 0.0166, "partido": "FRENTE AMPLIO", "pacto": "POR CHILE, SEGUIMOS", "subpacto": "FRENTE AMPLIO E INDEPENDIENTES"}, "CRISTIAN ANTONIO FLORES MENA": {"votos": 82, "pct": 0.0114, "partido": "RENOVACION NACIONAL", "pacto": "CHILE VAMOS RENOVACIÓN NACIONAL - INDEPENDIENTES"}, "DAYANA ARELLANO SALINAS": {"votos": 108, "pct": 0.0151, "partido": "INDEPENDIENTES", "pacto": "CHILE MUCHO MEJOR", "subpacto": "PPD E INDEPENDIENTES"}, "DIEGO ANDRES MARTINEZ OTAROLA": {"votos": 176, "pct": 0.0246, "partido": "RENOVACION NACIONAL", "pacto": "CHILE VAMOS RENOVACIÓN NACIONAL - INDEPENDIENTES", "elected": true}, "DIEGO DELGADO DOMINGUEZ": {"votos": 90, "pct": 0.0126, "partido": "INDEPENDIENTES", "pacto": "CHILE VAMOS UDI-EVOPOLI E INDEPENDIENTES", "subpacto": "UDI - INDEPENDIENTES"}, "DIEGO IGNACIO FUENTES LIRA": {"votos": 204, "pct": 0.0285, "partido": "INDEPENDIENTES", "pacto": "TU COMUNA RADICAL", "elected": true}, "ERICA PATRICIA ROJAS SALINAS": {"votos": 70, "pct": 0.0098, "partido": "INDEPENDIENTES", "pacto": "TU COMUNA RADICAL"}, "FELIPE ALBERTO DELGADO ANDRADES": {"votos": 36, "pct": 0.005, "partido": "UNION DEMOCRATA INDEPENDIENTE", "pacto": "CHILE VAMOS UDI-EVOPOLI E INDEPENDIENTES", "subpacto": "UDI - INDEPENDIENTES"}, "FLORENCIO ENRIQUE KUNTZ SANHUEZA": {"votos": 332, "pct": 0.0463, "partido": "PARTIDO REPUBLICANO DE CHILE", "pacto": "REPUBLICANOS E INDEPENDIENTES", "elected": true}, "FRANCISCO JAVIER CATALDO SANTANDER": {"votos": 82, "pct": 0.0114, "partido": "INDEPENDIENTES", "pacto": "VERDES LIBERALES POR UNA COMUNA SEGURA", "subpacto": "PARTIDO FEDERACIÓN REGIONALISTA VERDE SOCIAL E INDEPENDIENTES"}, "FRANCO JAVIER LOPEZ ESPARZA": {"votos": 52, "pct": 0.0073, "partido": "INDEPENDIENTES", "pacto": "VERDES LIBERALES POR UNA COMUNA SEGURA", "subpacto": "PARTIDO LIBERAL DE CHILE E INDEPENDIENTES"}, "GABRIEL HERNAN LOPEZ URRA": {"votos": 42, "pct": 0.0059, "partido": "INDEPENDIENTES", "pacto": "CHILE VAMOS RENOVACIÓN NACIONAL - INDEPENDIENTES"}, "GIOVANNI ANDRES ROJAS DAVILA": {"votos": 287, "pct": 0.04, "partido": "FRENTE AMPLIO", "pacto": "POR CHILE, SEGUIMOS", "subpacto": "FRENTE AMPLIO E INDEPENDIENTES"}, "ISABEL DEL CARMEN ESPINOZA GONZALEZ": {"votos": 202, "pct": 0.0282, "partido": "FEDERACION REGIONALISTA VERDE SOCIAL", "pacto": "VERDES LIBERALES POR UNA COMUNA SEGURA", "subpacto": "PARTIDO FEDERACIÓN REGIONALISTA VERDE SOCIAL E INDEPENDIENTES"}, "ISHKRA WLADIMIR CALDERON SOTO": {"votos": 231, "pct": 0.0322, "partido": "PARTIDO COMUNISTA DE CHILE", "pacto": "POR CHILE, SEGUIMOS", "subpacto": "PARTIDO COMUNISTA DE CHILE E INDEPENDIENTES"}, "ISMAEL ANTONIO ARAYA ARAYA": {"votos": 254, "pct": 0.0354, "partido": "INDEPENDIENTES", "pacto": "TU COMUNA RADICAL", "elected": true}, "JAIME ANDRES MARTINEZ MORAGA": {"votos": 49, "pct": 0.0068, "partido": "INDEPENDIENTES", "pacto": "CENTRO DEMOCRATICO", "subpacto": "DEMOCRATAS E INDEPENDIENTES"}, "JESUS TORREJON SEGOVIA": {"votos": 114, "pct": 0.0159, "partido": "PARTIDO DEMOCRATA CRISTIANO", "pacto": "CHILE MUCHO MEJOR", "subpacto": "PDC E INDEPENDIENTES"}, "JORGE NUÑEZ ESPINOZA": {"votos": 13, "pct": 0.0018, "partido": "PARTIDO DEMOCRATAS CHILE", "pacto": "CENTRO DEMOCRATICO", "subpacto": "DEMOCRATAS E INDEPENDIENTES"}, "JOSE DOMINGO GALAZ BELTRAN": {"votos": 42, "pct": 0.0059, "partido": "PARTIDO SOCIALISTA DE CHILE", "pacto": "CHILE MUCHO MEJOR", "subpacto": "PS E INDEPENDIENTES"}, "JUAN CARLOS GODOY MARICIC": {"votos": 258, "pct": 0.036, "partido": "PARTIDO REPUBLICANO DE CHILE", "pacto": "REPUBLICANOS E INDEPENDIENTES"}, "JUAN PABLO ARAYA IBARRA": {"votos": 113, "pct": 0.0158, "partido": "INDEPENDIENTES", "pacto": "TU COMUNA RADICAL"}, "KAREN ANDREA SERRANO CONCHA": {"votos": 40, "pct": 0.0056, "partido": "PARTIDO DEMOCRATAS CHILE", "pacto": "CENTRO DEMOCRATICO", "subpacto": "DEMOCRATAS E INDEPENDIENTES"}, "LESLIE ELIZABETH ALARCON VELASQUEZ": {"votos": 45, "pct": 0.0063, "partido": "INDEPENDIENTES", "pacto": "CHILE MUCHO MEJOR", "subpacto": "PPD E INDEPENDIENTES"}, "MAURICIO ALFONSO LOPEZ MUÑIZ": {"votos": 29, "pct": 0.004, "partido": "INDEPENDIENTES", "pacto": "CHILE MUCHO MEJOR", "subpacto": "PPD E INDEPENDIENTES"}, "MAURICIO CESAR RAMIREZ LEVIN": {"votos": 36, "pct": 0.005, "partido": "PARTIDO DEMOCRATA CRISTIANO", "pacto": "CHILE MUCHO MEJOR", "subpacto": "PDC E INDEPENDIENTES"}, "MIGUEL ANTONIO CERDA ORTIZ": {"votos": 20, "pct": 0.0028, "partido": "INDEPENDIENTES", "pacto": "CHILE VAMOS RENOVACIÓN NACIONAL - INDEPENDIENTES"}, "NICOLAS MARTIN DUEK MORGAN": {"votos": 19, "pct": 0.0027, "partido": "UNION DEMOCRATA INDEPENDIENTE", "pacto": "CHILE VAMOS UDI-EVOPOLI E INDEPENDIENTES", "subpacto": "UDI - INDEPENDIENTES"}, "NORA CONTRERAS CANALES": {"votos": 511, "pct": 0.0713, "partido": "UNION DEMOCRATA INDEPENDIENTE", "pacto": "CHILE VAMOS UDI-EVOPOLI E INDEPENDIENTES", "subpacto": "UDI - INDEPENDIENTES", "elected": true}, "PATRICIO IGNACIO ILUFI BORQUEZ": {"votos": 24, "pct": 0.0033, "partido": "INDEPENDIENTES", "pacto": "CENTRO DEMOCRATICO", "subpacto": "DEMOCRATAS E INDEPENDIENTES"}, "PAULINA SILVANA LIZAMA YAÑEZ": {"votos": 127, "pct": 0.0177, "partido": "INDEPENDIENTES", "pacto": "CHILE VAMOS RENOVACIÓN NACIONAL - INDEPENDIENTES"}, "RITA ANDREA CUEVAS VALDES": {"votos": 73, "pct": 0.0102, "partido": "INDEPENDIENTES", "pacto": "TU COMUNA RADICAL"}, "SANDRA CACERES RIOS": {"votos": 55, "pct": 0.0077, "partido": "UNION DEMOCRATA INDEPENDIENTE", "pacto": "CHILE VAMOS UDI-EVOPOLI E INDEPENDIENTES", "subpacto": "UDI - INDEPENDIENTES"}, "VICTOR ALEJANDRO VERA CASTILLO": {"votos": 93, "pct": 0.013, "partido": "PARTIDO DEMOCRATAS CHILE", "pacto": "CENTRO DEMOCRATICO", "subpacto": "DEMOCRATAS E INDEPENDIENTES"}, "YAMILETTE CAROLINA GARATE SOTO": {"votos": 244, "pct": 0.034, "partido": "PARTIDO COMUNISTA DE CHILE", "pacto": "POR CHILE, SEGUIMOS", "subpacto": "PARTIDO COMUNISTA DE CHILE E INDEPENDIENTES", "elected": true}, "__blancos__": {"votos": 589, "pct": 0.0822, "partido": "otros", "pacto": "otros"}, "__nulos__": {"votos": 1043, "pct": 0.1455, "partido": "otros", "pacto": "otros"}}, "muni24": {"CAMILA INES AVILES": {"votos": 1155, "pct": 0.1606, "partido": "PARTIDO DEMOCRATAS CHILE", "pacto": "PARTIDO DEMOCRATAS CHILE"}, "CLAUDIO NICOLAS CASTRO": {"votos": 4988, "pct": 0.6936, "partido": "INDEPENDIENTES", "pacto": "INDEPENDIENTES"}, "PAUL FREDDY HERRERA": {"votos": 340, "pct": 0.0473, "partido": "PARTIDO DE LA GENTE", "pacto": "PARTIDO DE LA GENTE"}, "__blancos__": {"votos": 232, "pct": 0.0323, "partido": "otros", "pacto": "otros"}, "__nulos__": {"votos": 476, "pct": 0.0662, "partido": "otros", "pacto": "otros"}}, "parla25": {"100 MARGARITA GARRIDO ACEVEDO": {"votos": 156, "pct": 0.0227, "partido": "PNL", "pacto": "K - CAMBIO POR CHILE"}, "101 VALESKA OYARCE PEÑA": {"votos": 25, "pct": 0.0036, "partido": "PSC", "pacto": "K - CAMBIO POR CHILE"}, "102 ALBERTO SEGUEL MENA": {"votos": 18, "pct": 0.0026, "partido": "PSC", "pacto": "K - CAMBIO POR CHILE"}, "103 CAROLINA GARATE VERGARA": {"votos": 55, "pct": 0.008, "partido": "PSC", "pacto": "K - CAMBIO POR CHILE"}, "51 ALEJANDRA PEREZ ESPINA": {"votos": 39, "pct": 0.0057, "partido": "AH", "pacto": "B - VERDES, REGIONALISTAS Y HUMANISTAS"}, "52 ARIEL MATELUNA MATELUNA": {"votos": 53, "pct": 0.0077, "partido": "IND-AH", "pacto": "B - VERDES, REGIONALISTAS Y HUMANISTAS"}, "53 WALESKA UBIERNA NAVARRO": {"votos": 14, "pct": 0.002, "partido": "AH", "pacto": "B - VERDES, REGIONALISTAS Y HUMANISTAS"}, "54 JOSE LUIS VILLAGRAN BARAHONA": {"votos": 21, "pct": 0.0031, "partido": "IND-AH", "pacto": "B - VERDES, REGIONALISTAS Y HUMANISTAS"}, "55 PAOLA CADIZ NUÑEZ": {"votos": 19, "pct": 0.0028, "partido": "FREVS", "pacto": "B - VERDES, REGIONALISTAS Y HUMANISTAS"}, "56 EVELYN FARIAS AILIO": {"votos": 26, "pct": 0.0038, "partido": "IND-FREVS", "pacto": "B - VERDES, REGIONALISTAS Y HUMANISTAS"}, "57 JOSE SEPULVEDA ZELADA": {"votos": 24, "pct": 0.0035, "partido": "IND-FREVS", "pacto": "B - VERDES, REGIONALISTAS Y HUMANISTAS"}, "58 ANDRES GIORDANO SALAZAR": {"votos": 177, "pct": 0.0258, "partido": "FA", "pacto": "C - UNIDAD POR CHILE"}, "59 LEONARDO JOFRE RIOS": {"votos": 316, "pct": 0.046, "partido": "FA", "pacto": "C - UNIDAD POR CHILE"}, "60 BORIS BARRERA MORENO": {"votos": 563, "pct": 0.082, "partido": "PCCH", "pacto": "C - UNIDAD POR CHILE"}, "61 CAROLA RIVERO CANALES": {"votos": 246, "pct": 0.0358, "partido": "PS", "pacto": "C - UNIDAD POR CHILE"}, "62 CESAR VALENZUELA MAASS": {"votos": 511, "pct": 0.0744, "partido": "PS", "pacto": "C - UNIDAD POR CHILE"}, "63 SANDRA GONZALEZ ZAMORANO": {"votos": 67, "pct": 0.0098, "partido": "IND-PPD", "pacto": "C - UNIDAD POR CHILE"}, "64 CARLOS CUADRADO PRATS": {"votos": 163, "pct": 0.0237, "partido": "PPD", "pacto": "C - UNIDAD POR CHILE"}, "65 AMELIA DEL CARMEN GALLEGOS RAMIREZ": {"votos": 74, "pct": 0.0108, "partido": "PH", "pacto": "D - IZQUIERDA ECOLOGISTA POPULAR ANIMALISTA Y HUMANISTA"}, "66 VIVIANA MONTECINOS SUAZO": {"votos": 71, "pct": 0.0103, "partido": "IND-PH", "pacto": "D - IZQUIERDA ECOLOGISTA POPULAR ANIMALISTA Y HUMANISTA"}, "67 ADRIAN ANTONIO LIZAMA BARRA": {"votos": 32, "pct": 0.0047, "partido": "IND-PH", "pacto": "D - IZQUIERDA ECOLOGISTA POPULAR ANIMALISTA Y HUMANISTA"}, "68 JUAN ANDRES PINO MADRID": {"votos": 28, "pct": 0.0041, "partido": "IND-PH", "pacto": "D - IZQUIERDA ECOLOGISTA POPULAR ANIMALISTA Y HUMANISTA"}, "69 SERGIO ENRIQUE FLORES RAMIREZ": {"votos": 44, "pct": 0.0064, "partido": "IND-PH", "pacto": "D - IZQUIERDA ECOLOGISTA POPULAR ANIMALISTA Y HUMANISTA"}, "70 ESTER BARRIENTOS VARGAS": {"votos": 22, "pct": 0.0032, "partido": "IND-PH", "pacto": "D - IZQUIERDA ECOLOGISTA POPULAR ANIMALISTA Y HUMANISTA"}, "71 LUIS ALBERTO DONOSO URIBE": {"votos": 22, "pct": 0.0032, "partido": "IND-PH", "pacto": "D - IZQUIERDA ECOLOGISTA POPULAR ANIMALISTA Y HUMANISTA"}, "72 MANUEL ENRIQUE MUÑOZ PALACIOS": {"votos": 25, "pct": 0.0036, "partido": "PAVP", "pacto": "G - PARTIDO ALIANZA VERDE POPULAR"}, "73 XUXA ALVAREZ FERNANDEZ": {"votos": 52, "pct": 0.0076, "partido": "PAVP", "pacto": "G - PARTIDO ALIANZA VERDE POPULAR"}, "74 JOSE GUILLERMO ROJAS INOSTROZA": {"votos": 12, "pct": 0.0017, "partido": "PAVP", "pacto": "G - PARTIDO ALIANZA VERDE POPULAR"}, "75 ISABEL PALMA PALMA": {"votos": 15, "pct": 0.0022, "partido": "PAVP", "pacto": "G - PARTIDO ALIANZA VERDE POPULAR"}, "76 MARIA ELENA VALENZUELA PINO": {"votos": 28, "pct": 0.0041, "partido": "PAVP", "pacto": "G - PARTIDO ALIANZA VERDE POPULAR"}, "77 LORENZO LEPIN ARANEDA": {"votos": 5, "pct": 0.0007, "partido": "PAVP", "pacto": "G - PARTIDO ALIANZA VERDE POPULAR"}, "78 DANIEL EDUARDO CANTO GONZALEZ": {"votos": 8, "pct": 0.0012, "partido": "PAVP", "pacto": "G - PARTIDO ALIANZA VERDE POPULAR"}, "79 ROBERTO LOBOS VILLASECA": {"votos": 7, "pct": 0.001, "partido": "PAVP", "pacto": "G - PARTIDO ALIANZA VERDE POPULAR"}, "80 TAMARA ALEJANDRA RAMIREZ RAMIREZ": {"votos": 238, "pct": 0.0347, "partido": "PDG", "pacto": "I - PARTIDO DE LA GENTE"}, "81 ANDRES RIGOBERTO CACERES BRAVO": {"votos": 95, "pct": 0.0138, "partido": "PDG", "pacto": "I - PARTIDO DE LA GENTE"}, "82 PAMELA DEL TRANSITO AMARO ARAYA": {"votos": 93, "pct": 0.0135, "partido": "PDG", "pacto": "I - PARTIDO DE LA GENTE"}, "83 FRANCISCO JAVIER LIZANA DONOSO": {"votos": 98, "pct": 0.0143, "partido": "PDG", "pacto": "I - PARTIDO DE LA GENTE"}, "84 CESAR ABRAHAM SUAY JEREZ": {"votos": 51, "pct": 0.0074, "partido": "PDG", "pacto": "I - PARTIDO DE LA GENTE"}, "85 MARIA SOLEDAD LIEMPAN APELEO": {"votos": 70, "pct": 0.0102, "partido": "PDG", "pacto": "I - PARTIDO DE LA GENTE"}, "86 CRESCENCIO ALBERTO LOPEZ PEREZ": {"votos": 14, "pct": 0.002, "partido": "PDG", "pacto": "I - PARTIDO DE LA GENTE"}, "87 CHRISTOPHER ELIAS YAÑEZ LEAL": {"votos": 45, "pct": 0.0066, "partido": "PDG", "pacto": "I - PARTIDO DE LA GENTE"}, "88 GUILLERMO RAMIREZ DIEZ": {"votos": 129, "pct": 0.0188, "partido": "UDI", "pacto": "J - CHILE GRANDE Y UNIDO"}, "89 JOSE MIGUEL GONZALEZ ZAPATA": {"votos": 54, "pct": 0.0079, "partido": "UDI", "pacto": "J - CHILE GRANDE Y UNIDO"}, "90 ERIKA OLIVERA DE LA FUENTE": {"votos": 97, "pct": 0.0141, "partido": "DEMOCRATAS", "pacto": "J - CHILE GRANDE Y UNIDO"}, "91 VERONICA MONTECINOS ORTIZ": {"votos": 36, "pct": 0.0052, "partido": "DEMOCRATAS", "pacto": "J - CHILE GRANDE Y UNIDO"}, "92 ALDO DUQUE SANTOS": {"votos": 46, "pct": 0.0067, "partido": "IND-RN", "pacto": "J - CHILE GRANDE Y UNIDO"}, "93 MARIA ELENA BARCO SANCHEZ": {"votos": 47, "pct": 0.0068, "partido": "RN", "pacto": "J - CHILE GRANDE Y UNIDO"}, "94 FELIPE VIDAL CUEVAS": {"votos": 157, "pct": 0.0229, "partido": "IND-EVOPOLI", "pacto": "J - CHILE GRANDE Y UNIDO"}, "95 JUAN MANUEL SANTA CRUZ CAMPAÑA": {"votos": 26, "pct": 0.0038, "partido": "EVOPOLI", "pacto": "J - CHILE GRANDE Y UNIDO"}, "96 JOSE CARLOS MEZA PEREIRA": {"votos": 380, "pct": 0.0553, "partido": "REPUBLICAN", "pacto": "K - CAMBIO POR CHILE"}, "97 MACARENA GARCIA-HUIDOBRO LLORT": {"votos": 193, "pct": 0.0281, "partido": "REPUBLICAN", "pacto": "K - CAMBIO POR CHILE"}, "98 JAVIERA RODRIGUEZ PASCUAL": {"votos": 221, "pct": 0.0322, "partido": "REPUBLICAN", "pacto": "K - CAMBIO POR CHILE"}, "99 MAXIMILIANO MURATH MANSILLA": {"votos": 227, "pct": 0.0331, "partido": "PNL", "pacto": "K - CAMBIO POR CHILE"}, "__blancos__": {"votos": 484, "pct": 0.0705, "partido": "otros", "pacto": "No aplica"}, "__nulos__": {"votos": 1128, "pct": 0.1643, "partido": "otros", "pacto": "No aplica"}}, "pres1v25": {"1 FRANCO PARISI FERNANDEZ": {"votos": 1057, "pct": 0.1472, "partido": "presidencial", "pacto": "presidencial"}, "2 JEANNETTE JARA ROMAN": {"votos": 2768, "pct": 0.3856, "partido": "presidencial", "pacto": "presidencial"}, "3 MARCO ANTONIO ENRIQUEZ-OMINAMI GUMUCIO": {"votos": 117, "pct": 0.0163, "partido": "presidencial", "pacto": "presidencial"}, "4 JOHANNES KAISER BARENTS-VON HOHENHAGEN": {"votos": 883, "pct": 0.123, "partido": "presidencial", "pacto": "presidencial"}, "5 JOSE ANTONIO KAST RIST": {"votos": 1130, "pct": 0.1574, "partido": "presidencial", "pacto": "presidencial"}, "6 EDUARDO ANTONIO ARTES BRICHETTI": {"votos": 53, "pct": 0.0074, "partido": "presidencial", "pacto": "presidencial"}, "7 EVELYN MATTHEI FORNET": {"votos": 769, "pct": 0.1071, "partido": "presidencial", "pacto": "presidencial"}, "8 HAROLD MAYNE-NICHOLLS SECUL": {"votos": 112, "pct": 0.0156, "partido": "presidencial", "pacto": "presidencial"}, "__blancos__": {"votos": 55, "pct": 0.0077, "partido": "presidencial", "pacto": "presidencial"}, "__nulos__": {"votos": 235, "pct": 0.0327, "partido": "presidencial", "pacto": "presidencial"}}, "pres2v25": {"2 JEANNETTE JARA ROMAN": {"votos": 3815, "pct": 0.5352, "partido": "presidencial", "pacto": "presidencial"}, "5 JOSE ANTONIO KAST RIST": {"votos": 2933, "pct": 0.4115, "partido": "presidencial", "pacto": "presidencial"}, "__blancos__": {"votos": 66, "pct": 0.0093, "partido": "presidencial", "pacto": "presidencial"}, "__nulos__": {"votos": 314, "pct": 0.0441, "partido": "presidencial", "pacto": "presidencial"}}}}, "geometry": {"type": "Point", "coordinates": [-70.70272, -33.40416]}}, {"type": "Feature", "properties": {"local": "INSTITUTO CUMBRE DE CONDORES PONIENTE L1", "elections": {"conc24": {"AGHATA SANTANA CARRASCO": {"votos": 14, "pct": 0.0026, "partido": "PARTIDO DEMOCRATAS CHILE", "pacto": "CENTRO DEMOCRATICO", "subpacto": "DEMOCRATAS E INDEPENDIENTES"}, "ANGELINA DEL CARMEN ACEVEDO TAPIA": {"votos": 77, "pct": 0.0141, "partido": "INDEPENDIENTES", "pacto": "TU COMUNA RADICAL"}, "BENJAMIN ESTEBAN LEAL HERNANDEZ": {"votos": 192, "pct": 0.0351, "partido": "PARTIDO SOCIAL CRISTIANO", "pacto": "PARTIDO SOCIAL CRISTIANO E INDEPENDIENTES"}, "BIANCA BALCAZAR AREVALO": {"votos": 48, "pct": 0.0088, "partido": "INDEPENDIENTES", "pacto": "CHILE VAMOS RENOVACIÓN NACIONAL - INDEPENDIENTES"}, "CARLOS COLLAO VEGA": {"votos": 53, "pct": 0.0097, "partido": "PARTIDO DEMOCRATAS CHILE", "pacto": "CENTRO DEMOCRATICO", "subpacto": "DEMOCRATAS E INDEPENDIENTES"}, "CAROLINA ANDREA COÑOPAN ARAYA": {"votos": 152, "pct": 0.0278, "partido": "INDEPENDIENTES", "pacto": "POR CHILE, SEGUIMOS", "subpacto": "FRENTE AMPLIO E INDEPENDIENTES", "elected": true}, "CATHERINE ARAYA TORREJON": {"votos": 57, "pct": 0.0104, "partido": "PARTIDO SOCIALISTA DE CHILE", "pacto": "CHILE MUCHO MEJOR", "subpacto": "PS E INDEPENDIENTES"}, "CECILIA DEL CARMEN GACITUA GACITUA": {"votos": 98, "pct": 0.0179, "partido": "INDEPENDIENTES", "pacto": "TU COMUNA RADICAL"}, "CECILIA DEL PILAR LOPEZ CONTRERAS": {"votos": 148, "pct": 0.0271, "partido": "PARTIDO SOCIALISTA DE CHILE", "pacto": "CHILE MUCHO MEJOR", "subpacto": "PS E INDEPENDIENTES", "elected": true}, "CESAR DEMETRIO AMESTICA ALARCON": {"votos": 111, "pct": 0.0203, "partido": "FRENTE AMPLIO", "pacto": "POR CHILE, SEGUIMOS", "subpacto": "FRENTE AMPLIO E INDEPENDIENTES"}, "CESAR MONSALVE ORTEGA": {"votos": 67, "pct": 0.0123, "partido": "UNION DEMOCRATA INDEPENDIENTE", "pacto": "CHILE VAMOS UDI-EVOPOLI E INDEPENDIENTES", "subpacto": "UDI - INDEPENDIENTES"}, "CLAUDIO CHRISTIAN SEPULVEDA ORMAZABAL": {"votos": 168, "pct": 0.0307, "partido": "FRENTE AMPLIO", "pacto": "POR CHILE, SEGUIMOS", "subpacto": "FRENTE AMPLIO E INDEPENDIENTES"}, "CRISTIAN ANTONIO FLORES MENA": {"votos": 59, "pct": 0.0108, "partido": "RENOVACION NACIONAL", "pacto": "CHILE VAMOS RENOVACIÓN NACIONAL - INDEPENDIENTES"}, "DAYANA ARELLANO SALINAS": {"votos": 75, "pct": 0.0137, "partido": "INDEPENDIENTES", "pacto": "CHILE MUCHO MEJOR", "subpacto": "PPD E INDEPENDIENTES"}, "DIEGO ANDRES MARTINEZ OTAROLA": {"votos": 108, "pct": 0.0198, "partido": "RENOVACION NACIONAL", "pacto": "CHILE VAMOS RENOVACIÓN NACIONAL - INDEPENDIENTES", "elected": true}, "DIEGO DELGADO DOMINGUEZ": {"votos": 59, "pct": 0.0108, "partido": "INDEPENDIENTES", "pacto": "CHILE VAMOS UDI-EVOPOLI E INDEPENDIENTES", "subpacto": "UDI - INDEPENDIENTES"}, "DIEGO IGNACIO FUENTES LIRA": {"votos": 291, "pct": 0.0532, "partido": "INDEPENDIENTES", "pacto": "TU COMUNA RADICAL", "elected": true}, "ERICA PATRICIA ROJAS SALINAS": {"votos": 97, "pct": 0.0177, "partido": "INDEPENDIENTES", "pacto": "TU COMUNA RADICAL"}, "FELIPE ALBERTO DELGADO ANDRADES": {"votos": 31, "pct": 0.0057, "partido": "UNION DEMOCRATA INDEPENDIENTE", "pacto": "CHILE VAMOS UDI-EVOPOLI E INDEPENDIENTES", "subpacto": "UDI - INDEPENDIENTES"}, "FLORENCIO ENRIQUE KUNTZ SANHUEZA": {"votos": 300, "pct": 0.0549, "partido": "PARTIDO REPUBLICANO DE CHILE", "pacto": "REPUBLICANOS E INDEPENDIENTES", "elected": true}, "FRANCISCO JAVIER CATALDO SANTANDER": {"votos": 93, "pct": 0.017, "partido": "INDEPENDIENTES", "pacto": "VERDES LIBERALES POR UNA COMUNA SEGURA", "subpacto": "PARTIDO FEDERACIÓN REGIONALISTA VERDE SOCIAL E INDEPENDIENTES"}, "FRANCO JAVIER LOPEZ ESPARZA": {"votos": 46, "pct": 0.0084, "partido": "INDEPENDIENTES", "pacto": "VERDES LIBERALES POR UNA COMUNA SEGURA", "subpacto": "PARTIDO LIBERAL DE CHILE E INDEPENDIENTES"}, "GABRIEL HERNAN LOPEZ URRA": {"votos": 24, "pct": 0.0044, "partido": "INDEPENDIENTES", "pacto": "CHILE VAMOS RENOVACIÓN NACIONAL - INDEPENDIENTES"}, "GIOVANNI ANDRES ROJAS DAVILA": {"votos": 111, "pct": 0.0203, "partido": "FRENTE AMPLIO", "pacto": "POR CHILE, SEGUIMOS", "subpacto": "FRENTE AMPLIO E INDEPENDIENTES"}, "ISABEL DEL CARMEN ESPINOZA GONZALEZ": {"votos": 80, "pct": 0.0146, "partido": "FEDERACION REGIONALISTA VERDE SOCIAL", "pacto": "VERDES LIBERALES POR UNA COMUNA SEGURA", "subpacto": "PARTIDO FEDERACIÓN REGIONALISTA VERDE SOCIAL E INDEPENDIENTES"}, "ISHKRA WLADIMIR CALDERON SOTO": {"votos": 146, "pct": 0.0267, "partido": "PARTIDO COMUNISTA DE CHILE", "pacto": "POR CHILE, SEGUIMOS", "subpacto": "PARTIDO COMUNISTA DE CHILE E INDEPENDIENTES"}, "ISMAEL ANTONIO ARAYA ARAYA": {"votos": 115, "pct": 0.021, "partido": "INDEPENDIENTES", "pacto": "TU COMUNA RADICAL", "elected": true}, "JAIME ANDRES MARTINEZ MORAGA": {"votos": 21, "pct": 0.0038, "partido": "INDEPENDIENTES", "pacto": "CENTRO DEMOCRATICO", "subpacto": "DEMOCRATAS E INDEPENDIENTES"}, "JESUS TORREJON SEGOVIA": {"votos": 40, "pct": 0.0073, "partido": "PARTIDO DEMOCRATA CRISTIANO", "pacto": "CHILE MUCHO MEJOR", "subpacto": "PDC E INDEPENDIENTES"}, "JORGE NUÑEZ ESPINOZA": {"votos": 7, "pct": 0.0013, "partido": "PARTIDO DEMOCRATAS CHILE", "pacto": "CENTRO DEMOCRATICO", "subpacto": "DEMOCRATAS E INDEPENDIENTES"}, "JOSE DOMINGO GALAZ BELTRAN": {"votos": 26, "pct": 0.0048, "partido": "PARTIDO SOCIALISTA DE CHILE", "pacto": "CHILE MUCHO MEJOR", "subpacto": "PS E INDEPENDIENTES"}, "JUAN CARLOS GODOY MARICIC": {"votos": 254, "pct": 0.0465, "partido": "PARTIDO REPUBLICANO DE CHILE", "pacto": "REPUBLICANOS E INDEPENDIENTES"}, "JUAN PABLO ARAYA IBARRA": {"votos": 65, "pct": 0.0119, "partido": "INDEPENDIENTES", "pacto": "TU COMUNA RADICAL"}, "KAREN ANDREA SERRANO CONCHA": {"votos": 52, "pct": 0.0095, "partido": "PARTIDO DEMOCRATAS CHILE", "pacto": "CENTRO DEMOCRATICO", "subpacto": "DEMOCRATAS E INDEPENDIENTES"}, "LESLIE ELIZABETH ALARCON VELASQUEZ": {"votos": 60, "pct": 0.011, "partido": "INDEPENDIENTES", "pacto": "CHILE MUCHO MEJOR", "subpacto": "PPD E INDEPENDIENTES"}, "MAURICIO ALFONSO LOPEZ MUÑIZ": {"votos": 25, "pct": 0.0046, "partido": "INDEPENDIENTES", "pacto": "CHILE MUCHO MEJOR", "subpacto": "PPD E INDEPENDIENTES"}, "MAURICIO CESAR RAMIREZ LEVIN": {"votos": 18, "pct": 0.0033, "partido": "PARTIDO DEMOCRATA CRISTIANO", "pacto": "CHILE MUCHO MEJOR", "subpacto": "PDC E INDEPENDIENTES"}, "MIGUEL ANTONIO CERDA ORTIZ": {"votos": 22, "pct": 0.004, "partido": "INDEPENDIENTES", "pacto": "CHILE VAMOS RENOVACIÓN NACIONAL - INDEPENDIENTES"}, "NICOLAS MARTIN DUEK MORGAN": {"votos": 10, "pct": 0.0018, "partido": "UNION DEMOCRATA INDEPENDIENTE", "pacto": "CHILE VAMOS UDI-EVOPOLI E INDEPENDIENTES", "subpacto": "UDI - INDEPENDIENTES"}, "NORA CONTRERAS CANALES": {"votos": 268, "pct": 0.049, "partido": "UNION DEMOCRATA INDEPENDIENTE", "pacto": "CHILE VAMOS UDI-EVOPOLI E INDEPENDIENTES", "subpacto": "UDI - INDEPENDIENTES", "elected": true}, "PATRICIO IGNACIO ILUFI BORQUEZ": {"votos": 24, "pct": 0.0044, "partido": "INDEPENDIENTES", "pacto": "CENTRO DEMOCRATICO", "subpacto": "DEMOCRATAS E INDEPENDIENTES"}, "PAULINA SILVANA LIZAMA YAÑEZ": {"votos": 69, "pct": 0.0126, "partido": "INDEPENDIENTES", "pacto": "CHILE VAMOS RENOVACIÓN NACIONAL - INDEPENDIENTES"}, "RITA ANDREA CUEVAS VALDES": {"votos": 85, "pct": 0.0156, "partido": "INDEPENDIENTES", "pacto": "TU COMUNA RADICAL"}, "SANDRA CACERES RIOS": {"votos": 45, "pct": 0.0082, "partido": "UNION DEMOCRATA INDEPENDIENTE", "pacto": "CHILE VAMOS UDI-EVOPOLI E INDEPENDIENTES", "subpacto": "UDI - INDEPENDIENTES"}, "VICTOR ALEJANDRO VERA CASTILLO": {"votos": 65, "pct": 0.0119, "partido": "PARTIDO DEMOCRATAS CHILE", "pacto": "CENTRO DEMOCRATICO", "subpacto": "DEMOCRATAS E INDEPENDIENTES"}, "YAMILETTE CAROLINA GARATE SOTO": {"votos": 182, "pct": 0.0333, "partido": "PARTIDO COMUNISTA DE CHILE", "pacto": "POR CHILE, SEGUIMOS", "subpacto": "PARTIDO COMUNISTA DE CHILE E INDEPENDIENTES", "elected": true}, "__blancos__": {"votos": 473, "pct": 0.0865, "partido": "otros", "pacto": "otros"}, "__nulos__": {"votos": 835, "pct": 0.1528, "partido": "otros", "pacto": "otros"}}, "muni24": {"CAMILA INES AVILES": {"votos": 845, "pct": 0.1548, "partido": "PARTIDO DEMOCRATAS CHILE", "pacto": "PARTIDO DEMOCRATAS CHILE"}, "CLAUDIO NICOLAS CASTRO": {"votos": 3981, "pct": 0.7294, "partido": "INDEPENDIENTES", "pacto": "INDEPENDIENTES"}, "PAUL FREDDY HERRERA": {"votos": 238, "pct": 0.0436, "partido": "PARTIDO DE LA GENTE", "pacto": "PARTIDO DE LA GENTE"}, "__blancos__": {"votos": 121, "pct": 0.0222, "partido": "otros", "pacto": "otros"}, "__nulos__": {"votos": 273, "pct": 0.05, "partido": "otros", "pacto": "otros"}}, "parla25": {"100 MARGARITA GARRIDO ACEVEDO": {"votos": 104, "pct": 0.0202, "partido": "PNL", "pacto": "K - CAMBIO POR CHILE"}, "101 VALESKA OYARCE PEÑA": {"votos": 29, "pct": 0.0056, "partido": "PSC", "pacto": "K - CAMBIO POR CHILE"}, "102 ALBERTO SEGUEL MENA": {"votos": 26, "pct": 0.0051, "partido": "PSC", "pacto": "K - CAMBIO POR CHILE"}, "103 CAROLINA GARATE VERGARA": {"votos": 50, "pct": 0.0097, "partido": "PSC", "pacto": "K - CAMBIO POR CHILE"}, "51 ALEJANDRA PEREZ ESPINA": {"votos": 24, "pct": 0.0047, "partido": "AH", "pacto": "B - VERDES, REGIONALISTAS Y HUMANISTAS"}, "52 ARIEL MATELUNA MATELUNA": {"votos": 46, "pct": 0.009, "partido": "IND-AH", "pacto": "B - VERDES, REGIONALISTAS Y HUMANISTAS"}, "53 WALESKA UBIERNA NAVARRO": {"votos": 12, "pct": 0.0023, "partido": "AH", "pacto": "B - VERDES, REGIONALISTAS Y HUMANISTAS"}, "54 JOSE LUIS VILLAGRAN BARAHONA": {"votos": 21, "pct": 0.0041, "partido": "IND-AH", "pacto": "B - VERDES, REGIONALISTAS Y HUMANISTAS"}, "55 PAOLA CADIZ NUÑEZ": {"votos": 6, "pct": 0.0012, "partido": "FREVS", "pacto": "B - VERDES, REGIONALISTAS Y HUMANISTAS"}, "56 EVELYN FARIAS AILIO": {"votos": 14, "pct": 0.0027, "partido": "IND-FREVS", "pacto": "B - VERDES, REGIONALISTAS Y HUMANISTAS"}, "57 JOSE SEPULVEDA ZELADA": {"votos": 34, "pct": 0.0066, "partido": "IND-FREVS", "pacto": "B - VERDES, REGIONALISTAS Y HUMANISTAS"}, "58 ANDRES GIORDANO SALAZAR": {"votos": 168, "pct": 0.0327, "partido": "FA", "pacto": "C - UNIDAD POR CHILE"}, "59 LEONARDO JOFRE RIOS": {"votos": 246, "pct": 0.0479, "partido": "FA", "pacto": "C - UNIDAD POR CHILE"}, "60 BORIS BARRERA MORENO": {"votos": 354, "pct": 0.0689, "partido": "PCCH", "pacto": "C - UNIDAD POR CHILE"}, "61 CAROLA RIVERO CANALES": {"votos": 125, "pct": 0.0243, "partido": "PS", "pacto": "C - UNIDAD POR CHILE"}, "62 CESAR VALENZUELA MAASS": {"votos": 335, "pct": 0.0652, "partido": "PS", "pacto": "C - UNIDAD POR CHILE"}, "63 SANDRA GONZALEZ ZAMORANO": {"votos": 42, "pct": 0.0082, "partido": "IND-PPD", "pacto": "C - UNIDAD POR CHILE"}, "64 CARLOS CUADRADO PRATS": {"votos": 77, "pct": 0.015, "partido": "PPD", "pacto": "C - UNIDAD POR CHILE"}, "65 AMELIA DEL CARMEN GALLEGOS RAMIREZ": {"votos": 48, "pct": 0.0093, "partido": "PH", "pacto": "D - IZQUIERDA ECOLOGISTA POPULAR ANIMALISTA Y HUMANISTA"}, "66 VIVIANA MONTECINOS SUAZO": {"votos": 62, "pct": 0.0121, "partido": "IND-PH", "pacto": "D - IZQUIERDA ECOLOGISTA POPULAR ANIMALISTA Y HUMANISTA"}, "67 ADRIAN ANTONIO LIZAMA BARRA": {"votos": 17, "pct": 0.0033, "partido": "IND-PH", "pacto": "D - IZQUIERDA ECOLOGISTA POPULAR ANIMALISTA Y HUMANISTA"}, "68 JUAN ANDRES PINO MADRID": {"votos": 33, "pct": 0.0064, "partido": "IND-PH", "pacto": "D - IZQUIERDA ECOLOGISTA POPULAR ANIMALISTA Y HUMANISTA"}, "69 SERGIO ENRIQUE FLORES RAMIREZ": {"votos": 17, "pct": 0.0033, "partido": "IND-PH", "pacto": "D - IZQUIERDA ECOLOGISTA POPULAR ANIMALISTA Y HUMANISTA"}, "70 ESTER BARRIENTOS VARGAS": {"votos": 22, "pct": 0.0043, "partido": "IND-PH", "pacto": "D - IZQUIERDA ECOLOGISTA POPULAR ANIMALISTA Y HUMANISTA"}, "71 LUIS ALBERTO DONOSO URIBE": {"votos": 15, "pct": 0.0029, "partido": "IND-PH", "pacto": "D - IZQUIERDA ECOLOGISTA POPULAR ANIMALISTA Y HUMANISTA"}, "72 MANUEL ENRIQUE MUÑOZ PALACIOS": {"votos": 16, "pct": 0.0031, "partido": "PAVP", "pacto": "G - PARTIDO ALIANZA VERDE POPULAR"}, "73 XUXA ALVAREZ FERNANDEZ": {"votos": 27, "pct": 0.0053, "partido": "PAVP", "pacto": "G - PARTIDO ALIANZA VERDE POPULAR"}, "74 JOSE GUILLERMO ROJAS INOSTROZA": {"votos": 10, "pct": 0.0019, "partido": "PAVP", "pacto": "G - PARTIDO ALIANZA VERDE POPULAR"}, "75 ISABEL PALMA PALMA": {"votos": 10, "pct": 0.0019, "partido": "PAVP", "pacto": "G - PARTIDO ALIANZA VERDE POPULAR"}, "76 MARIA ELENA VALENZUELA PINO": {"votos": 20, "pct": 0.0039, "partido": "PAVP", "pacto": "G - PARTIDO ALIANZA VERDE POPULAR"}, "77 LORENZO LEPIN ARANEDA": {"votos": 5, "pct": 0.001, "partido": "PAVP", "pacto": "G - PARTIDO ALIANZA VERDE POPULAR"}, "78 DANIEL EDUARDO CANTO GONZALEZ": {"votos": 4, "pct": 0.0008, "partido": "PAVP", "pacto": "G - PARTIDO ALIANZA VERDE POPULAR"}, "79 ROBERTO LOBOS VILLASECA": {"votos": 5, "pct": 0.001, "partido": "PAVP", "pacto": "G - PARTIDO ALIANZA VERDE POPULAR"}, "80 TAMARA ALEJANDRA RAMIREZ RAMIREZ": {"votos": 204, "pct": 0.0397, "partido": "PDG", "pacto": "I - PARTIDO DE LA GENTE"}, "81 ANDRES RIGOBERTO CACERES BRAVO": {"votos": 76, "pct": 0.0148, "partido": "PDG", "pacto": "I - PARTIDO DE LA GENTE"}, "82 PAMELA DEL TRANSITO AMARO ARAYA": {"votos": 84, "pct": 0.0164, "partido": "PDG", "pacto": "I - PARTIDO DE LA GENTE"}, "83 FRANCISCO JAVIER LIZANA DONOSO": {"votos": 101, "pct": 0.0197, "partido": "PDG", "pacto": "I - PARTIDO DE LA GENTE"}, "84 CESAR ABRAHAM SUAY JEREZ": {"votos": 34, "pct": 0.0066, "partido": "PDG", "pacto": "I - PARTIDO DE LA GENTE"}, "85 MARIA SOLEDAD LIEMPAN APELEO": {"votos": 49, "pct": 0.0095, "partido": "PDG", "pacto": "I - PARTIDO DE LA GENTE"}, "86 CRESCENCIO ALBERTO LOPEZ PEREZ": {"votos": 25, "pct": 0.0049, "partido": "PDG", "pacto": "I - PARTIDO DE LA GENTE"}, "87 CHRISTOPHER ELIAS YAÑEZ LEAL": {"votos": 34, "pct": 0.0066, "partido": "PDG", "pacto": "I - PARTIDO DE LA GENTE"}, "88 GUILLERMO RAMIREZ DIEZ": {"votos": 105, "pct": 0.0204, "partido": "UDI", "pacto": "J - CHILE GRANDE Y UNIDO"}, "89 JOSE MIGUEL GONZALEZ ZAPATA": {"votos": 48, "pct": 0.0093, "partido": "UDI", "pacto": "J - CHILE GRANDE Y UNIDO"}, "90 ERIKA OLIVERA DE LA FUENTE": {"votos": 63, "pct": 0.0123, "partido": "DEMOCRATAS", "pacto": "J - CHILE GRANDE Y UNIDO"}, "91 VERONICA MONTECINOS ORTIZ": {"votos": 24, "pct": 0.0047, "partido": "DEMOCRATAS", "pacto": "J - CHILE GRANDE Y UNIDO"}, "92 ALDO DUQUE SANTOS": {"votos": 43, "pct": 0.0084, "partido": "IND-RN", "pacto": "J - CHILE GRANDE Y UNIDO"}, "93 MARIA ELENA BARCO SANCHEZ": {"votos": 24, "pct": 0.0047, "partido": "RN", "pacto": "J - CHILE GRANDE Y UNIDO"}, "94 FELIPE VIDAL CUEVAS": {"votos": 106, "pct": 0.0206, "partido": "IND-EVOPOLI", "pacto": "J - CHILE GRANDE Y UNIDO"}, "95 JUAN MANUEL SANTA CRUZ CAMPAÑA": {"votos": 13, "pct": 0.0025, "partido": "EVOPOLI", "pacto": "J - CHILE GRANDE Y UNIDO"}, "96 JOSE CARLOS MEZA PEREIRA": {"votos": 297, "pct": 0.0578, "partido": "REPUBLICAN", "pacto": "K - CAMBIO POR CHILE"}, "97 MACARENA GARCIA-HUIDOBRO LLORT": {"votos": 161, "pct": 0.0313, "partido": "REPUBLICAN", "pacto": "K - CAMBIO POR CHILE"}, "98 JAVIERA RODRIGUEZ PASCUAL": {"votos": 234, "pct": 0.0456, "partido": "REPUBLICAN", "pacto": "K - CAMBIO POR CHILE"}, "99 MAXIMILIANO MURATH MANSILLA": {"votos": 183, "pct": 0.0356, "partido": "PNL", "pacto": "K - CAMBIO POR CHILE"}, "__blancos__": {"votos": 382, "pct": 0.0744, "partido": "otros", "pacto": "No aplica"}, "__nulos__": {"votos": 823, "pct": 0.1602, "partido": "otros", "pacto": "No aplica"}}, "pres1v25": {"1 FRANCO PARISI FERNANDEZ": {"votos": 980, "pct": 0.1936, "partido": "presidencial", "pacto": "presidencial"}, "2 JEANNETTE JARA ROMAN": {"votos": 1649, "pct": 0.3257, "partido": "presidencial", "pacto": "presidencial"}, "3 MARCO ANTONIO ENRIQUEZ-OMINAMI GUMUCIO": {"votos": 64, "pct": 0.0126, "partido": "presidencial", "pacto": "presidencial"}, "4 JOHANNES KAISER BARENTS-VON HOHENHAGEN": {"votos": 630, "pct": 0.1244, "partido": "presidencial", "pacto": "presidencial"}, "5 JOSE ANTONIO KAST RIST": {"votos": 973, "pct": 0.1922, "partido": "presidencial", "pacto": "presidencial"}, "6 EDUARDO ANTONIO ARTES BRICHETTI": {"votos": 72, "pct": 0.0142, "partido": "presidencial", "pacto": "presidencial"}, "7 EVELYN MATTHEI FORNET": {"votos": 495, "pct": 0.0978, "partido": "presidencial", "pacto": "presidencial"}, "8 HAROLD MAYNE-NICHOLLS SECUL": {"votos": 73, "pct": 0.0144, "partido": "presidencial", "pacto": "presidencial"}, "__blancos__": {"votos": 28, "pct": 0.0055, "partido": "presidencial", "pacto": "presidencial"}, "__nulos__": {"votos": 99, "pct": 0.0196, "partido": "presidencial", "pacto": "presidencial"}}, "pres2v25": {"2 JEANNETTE JARA ROMAN": {"votos": 2460, "pct": 0.4811, "partido": "presidencial", "pacto": "presidencial"}, "5 JOSE ANTONIO KAST RIST": {"votos": 2354, "pct": 0.4604, "partido": "presidencial", "pacto": "presidencial"}, "__blancos__": {"votos": 45, "pct": 0.0088, "partido": "presidencial", "pacto": "presidencial"}, "__nulos__": {"votos": 254, "pct": 0.0497, "partido": "presidencial", "pacto": "presidencial"}}}}, "geometry": {"type": "Point", "coordinates": [-70.74297, -33.3978]}}, {"type": "Feature", "properties": {"local": "INSTITUTO CUMBRE DE CONDORES PONIENTE L2", "elections": {"conc24": {"AGHATA SANTANA CARRASCO": {"votos": 6, "pct": 0.0012, "partido": "PARTIDO DEMOCRATAS CHILE", "pacto": "CENTRO DEMOCRATICO", "subpacto": "DEMOCRATAS E INDEPENDIENTES"}, "ANGELINA DEL CARMEN ACEVEDO TAPIA": {"votos": 81, "pct": 0.0163, "partido": "INDEPENDIENTES", "pacto": "TU COMUNA RADICAL"}, "BENJAMIN ESTEBAN LEAL HERNANDEZ": {"votos": 128, "pct": 0.0258, "partido": "PARTIDO SOCIAL CRISTIANO", "pacto": "PARTIDO SOCIAL CRISTIANO E INDEPENDIENTES"}, "BIANCA BALCAZAR AREVALO": {"votos": 49, "pct": 0.0099, "partido": "INDEPENDIENTES", "pacto": "CHILE VAMOS RENOVACIÓN NACIONAL - INDEPENDIENTES"}, "CARLOS COLLAO VEGA": {"votos": 39, "pct": 0.0079, "partido": "PARTIDO DEMOCRATAS CHILE", "pacto": "CENTRO DEMOCRATICO", "subpacto": "DEMOCRATAS E INDEPENDIENTES"}, "CAROLINA ANDREA COÑOPAN ARAYA": {"votos": 126, "pct": 0.0254, "partido": "INDEPENDIENTES", "pacto": "POR CHILE, SEGUIMOS", "subpacto": "FRENTE AMPLIO E INDEPENDIENTES", "elected": true}, "CATHERINE ARAYA TORREJON": {"votos": 48, "pct": 0.0097, "partido": "PARTIDO SOCIALISTA DE CHILE", "pacto": "CHILE MUCHO MEJOR", "subpacto": "PS E INDEPENDIENTES"}, "CECILIA DEL CARMEN GACITUA GACITUA": {"votos": 81, "pct": 0.0163, "partido": "INDEPENDIENTES", "pacto": "TU COMUNA RADICAL"}, "CECILIA DEL PILAR LOPEZ CONTRERAS": {"votos": 148, "pct": 0.0298, "partido": "PARTIDO SOCIALISTA DE CHILE", "pacto": "CHILE MUCHO MEJOR", "subpacto": "PS E INDEPENDIENTES", "elected": true}, "CESAR DEMETRIO AMESTICA ALARCON": {"votos": 100, "pct": 0.0202, "partido": "FRENTE AMPLIO", "pacto": "POR CHILE, SEGUIMOS", "subpacto": "FRENTE AMPLIO E INDEPENDIENTES"}, "CESAR MONSALVE ORTEGA": {"votos": 63, "pct": 0.0127, "partido": "UNION DEMOCRATA INDEPENDIENTE", "pacto": "CHILE VAMOS UDI-EVOPOLI E INDEPENDIENTES", "subpacto": "UDI - INDEPENDIENTES"}, "CLAUDIO CHRISTIAN SEPULVEDA ORMAZABAL": {"votos": 171, "pct": 0.0345, "partido": "FRENTE AMPLIO", "pacto": "POR CHILE, SEGUIMOS", "subpacto": "FRENTE AMPLIO E INDEPENDIENTES"}, "CRISTIAN ANTONIO FLORES MENA": {"votos": 42, "pct": 0.0085, "partido": "RENOVACION NACIONAL", "pacto": "CHILE VAMOS RENOVACIÓN NACIONAL - INDEPENDIENTES"}, "DAYANA ARELLANO SALINAS": {"votos": 63, "pct": 0.0127, "partido": "INDEPENDIENTES", "pacto": "CHILE MUCHO MEJOR", "subpacto": "PPD E INDEPENDIENTES"}, "DIEGO ANDRES MARTINEZ OTAROLA": {"votos": 110, "pct": 0.0222, "partido": "RENOVACION NACIONAL", "pacto": "CHILE VAMOS RENOVACIÓN NACIONAL - INDEPENDIENTES", "elected": true}, "DIEGO DELGADO DOMINGUEZ": {"votos": 53, "pct": 0.0107, "partido": "INDEPENDIENTES", "pacto": "CHILE VAMOS UDI-EVOPOLI E INDEPENDIENTES", "subpacto": "UDI - INDEPENDIENTES"}, "DIEGO IGNACIO FUENTES LIRA": {"votos": 273, "pct": 0.055, "partido": "INDEPENDIENTES", "pacto": "TU COMUNA RADICAL", "elected": true}, "ERICA PATRICIA ROJAS SALINAS": {"votos": 102, "pct": 0.0206, "partido": "INDEPENDIENTES", "pacto": "TU COMUNA RADICAL"}, "FELIPE ALBERTO DELGADO ANDRADES": {"votos": 23, "pct": 0.0046, "partido": "UNION DEMOCRATA INDEPENDIENTE", "pacto": "CHILE VAMOS UDI-EVOPOLI E INDEPENDIENTES", "subpacto": "UDI - INDEPENDIENTES"}, "FLORENCIO ENRIQUE KUNTZ SANHUEZA": {"votos": 244, "pct": 0.0492, "partido": "PARTIDO REPUBLICANO DE CHILE", "pacto": "REPUBLICANOS E INDEPENDIENTES", "elected": true}, "FRANCISCO JAVIER CATALDO SANTANDER": {"votos": 65, "pct": 0.0131, "partido": "INDEPENDIENTES", "pacto": "VERDES LIBERALES POR UNA COMUNA SEGURA", "subpacto": "PARTIDO FEDERACIÓN REGIONALISTA VERDE SOCIAL E INDEPENDIENTES"}, "FRANCO JAVIER LOPEZ ESPARZA": {"votos": 43, "pct": 0.0087, "partido": "INDEPENDIENTES", "pacto": "VERDES LIBERALES POR UNA COMUNA SEGURA", "subpacto": "PARTIDO LIBERAL DE CHILE E INDEPENDIENTES"}, "GABRIEL HERNAN LOPEZ URRA": {"votos": 31, "pct": 0.0062, "partido": "INDEPENDIENTES", "pacto": "CHILE VAMOS RENOVACIÓN NACIONAL - INDEPENDIENTES"}, "GIOVANNI ANDRES ROJAS DAVILA": {"votos": 82, "pct": 0.0165, "partido": "FRENTE AMPLIO", "pacto": "POR CHILE, SEGUIMOS", "subpacto": "FRENTE AMPLIO E INDEPENDIENTES"}, "ISABEL DEL CARMEN ESPINOZA GONZALEZ": {"votos": 90, "pct": 0.0181, "partido": "FEDERACION REGIONALISTA VERDE SOCIAL", "pacto": "VERDES LIBERALES POR UNA COMUNA SEGURA", "subpacto": "PARTIDO FEDERACIÓN REGIONALISTA VERDE SOCIAL E INDEPENDIENTES"}, "ISHKRA WLADIMIR CALDERON SOTO": {"votos": 110, "pct": 0.0222, "partido": "PARTIDO COMUNISTA DE CHILE", "pacto": "POR CHILE, SEGUIMOS", "subpacto": "PARTIDO COMUNISTA DE CHILE E INDEPENDIENTES"}, "ISMAEL ANTONIO ARAYA ARAYA": {"votos": 92, "pct": 0.0185, "partido": "INDEPENDIENTES", "pacto": "TU COMUNA RADICAL", "elected": true}, "JAIME ANDRES MARTINEZ MORAGA": {"votos": 26, "pct": 0.0052, "partido": "INDEPENDIENTES", "pacto": "CENTRO DEMOCRATICO", "subpacto": "DEMOCRATAS E INDEPENDIENTES"}, "JESUS TORREJON SEGOVIA": {"votos": 52, "pct": 0.0105, "partido": "PARTIDO DEMOCRATA CRISTIANO", "pacto": "CHILE MUCHO MEJOR", "subpacto": "PDC E INDEPENDIENTES"}, "JORGE NUÑEZ ESPINOZA": {"votos": 15, "pct": 0.003, "partido": "PARTIDO DEMOCRATAS CHILE", "pacto": "CENTRO DEMOCRATICO", "subpacto": "DEMOCRATAS E INDEPENDIENTES"}, "JOSE DOMINGO GALAZ BELTRAN": {"votos": 24, "pct": 0.0048, "partido": "PARTIDO SOCIALISTA DE CHILE", "pacto": "CHILE MUCHO MEJOR", "subpacto": "PS E INDEPENDIENTES"}, "JUAN CARLOS GODOY MARICIC": {"votos": 254, "pct": 0.0512, "partido": "PARTIDO REPUBLICANO DE CHILE", "pacto": "REPUBLICANOS E INDEPENDIENTES"}, "JUAN PABLO ARAYA IBARRA": {"votos": 42, "pct": 0.0085, "partido": "INDEPENDIENTES", "pacto": "TU COMUNA RADICAL"}, "KAREN ANDREA SERRANO CONCHA": {"votos": 38, "pct": 0.0077, "partido": "PARTIDO DEMOCRATAS CHILE", "pacto": "CENTRO DEMOCRATICO", "subpacto": "DEMOCRATAS E INDEPENDIENTES"}, "LESLIE ELIZABETH ALARCON VELASQUEZ": {"votos": 62, "pct": 0.0125, "partido": "INDEPENDIENTES", "pacto": "CHILE MUCHO MEJOR", "subpacto": "PPD E INDEPENDIENTES"}, "MAURICIO ALFONSO LOPEZ MUÑIZ": {"votos": 44, "pct": 0.0089, "partido": "INDEPENDIENTES", "pacto": "CHILE MUCHO MEJOR", "subpacto": "PPD E INDEPENDIENTES"}, "MAURICIO CESAR RAMIREZ LEVIN": {"votos": 12, "pct": 0.0024, "partido": "PARTIDO DEMOCRATA CRISTIANO", "pacto": "CHILE MUCHO MEJOR", "subpacto": "PDC E INDEPENDIENTES"}, "MIGUEL ANTONIO CERDA ORTIZ": {"votos": 9, "pct": 0.0018, "partido": "INDEPENDIENTES", "pacto": "CHILE VAMOS RENOVACIÓN NACIONAL - INDEPENDIENTES"}, "NICOLAS MARTIN DUEK MORGAN": {"votos": 17, "pct": 0.0034, "partido": "UNION DEMOCRATA INDEPENDIENTE", "pacto": "CHILE VAMOS UDI-EVOPOLI E INDEPENDIENTES", "subpacto": "UDI - INDEPENDIENTES"}, "NORA CONTRERAS CANALES": {"votos": 262, "pct": 0.0528, "partido": "UNION DEMOCRATA INDEPENDIENTE", "pacto": "CHILE VAMOS UDI-EVOPOLI E INDEPENDIENTES", "subpacto": "UDI - INDEPENDIENTES", "elected": true}, "PATRICIO IGNACIO ILUFI BORQUEZ": {"votos": 15, "pct": 0.003, "partido": "INDEPENDIENTES", "pacto": "CENTRO DEMOCRATICO", "subpacto": "DEMOCRATAS E INDEPENDIENTES"}, "PAULINA SILVANA LIZAMA YAÑEZ": {"votos": 54, "pct": 0.0109, "partido": "INDEPENDIENTES", "pacto": "CHILE VAMOS RENOVACIÓN NACIONAL - INDEPENDIENTES"}, "RITA ANDREA CUEVAS VALDES": {"votos": 95, "pct": 0.0192, "partido": "INDEPENDIENTES", "pacto": "TU COMUNA RADICAL"}, "SANDRA CACERES RIOS": {"votos": 38, "pct": 0.0077, "partido": "UNION DEMOCRATA INDEPENDIENTE", "pacto": "CHILE VAMOS UDI-EVOPOLI E INDEPENDIENTES", "subpacto": "UDI - INDEPENDIENTES"}, "VICTOR ALEJANDRO VERA CASTILLO": {"votos": 55, "pct": 0.0111, "partido": "PARTIDO DEMOCRATAS CHILE", "pacto": "CENTRO DEMOCRATICO", "subpacto": "DEMOCRATAS E INDEPENDIENTES"}, "YAMILETTE CAROLINA GARATE SOTO": {"votos": 126, "pct": 0.0254, "partido": "PARTIDO COMUNISTA DE CHILE", "pacto": "POR CHILE, SEGUIMOS", "subpacto": "PARTIDO COMUNISTA DE CHILE E INDEPENDIENTES", "elected": true}, "__blancos__": {"votos": 414, "pct": 0.0835, "partido": "otros", "pacto": "otros"}, "__nulos__": {"votos": 843, "pct": 0.17, "partido": "otros", "pacto": "otros"}}, "muni24": {"CAMILA INES AVILES": {"votos": 730, "pct": 0.1463, "partido": "PARTIDO DEMOCRATAS CHILE", "pacto": "PARTIDO DEMOCRATAS CHILE"}, "CLAUDIO NICOLAS CASTRO": {"votos": 3640, "pct": 0.7296, "partido": "INDEPENDIENTES", "pacto": "INDEPENDIENTES"}, "PAUL FREDDY HERRERA": {"votos": 169, "pct": 0.0339, "partido": "PARTIDO DE LA GENTE", "pacto": "PARTIDO DE LA GENTE"}, "__blancos__": {"votos": 149, "pct": 0.0299, "partido": "otros", "pacto": "otros"}, "__nulos__": {"votos": 301, "pct": 0.0603, "partido": "otros", "pacto": "otros"}}, "parla25": {"100 MARGARITA GARRIDO ACEVEDO": {"votos": 96, "pct": 0.0212, "partido": "PNL", "pacto": "K - CAMBIO POR CHILE"}, "101 VALESKA OYARCE PEÑA": {"votos": 21, "pct": 0.0046, "partido": "PSC", "pacto": "K - CAMBIO POR CHILE"}, "102 ALBERTO SEGUEL MENA": {"votos": 14, "pct": 0.0031, "partido": "PSC", "pacto": "K - CAMBIO POR CHILE"}, "103 CAROLINA GARATE VERGARA": {"votos": 44, "pct": 0.0097, "partido": "PSC", "pacto": "K - CAMBIO POR CHILE"}, "51 ALEJANDRA PEREZ ESPINA": {"votos": 29, "pct": 0.0064, "partido": "AH", "pacto": "B - VERDES, REGIONALISTAS Y HUMANISTAS"}, "52 ARIEL MATELUNA MATELUNA": {"votos": 44, "pct": 0.0097, "partido": "IND-AH", "pacto": "B - VERDES, REGIONALISTAS Y HUMANISTAS"}, "53 WALESKA UBIERNA NAVARRO": {"votos": 10, "pct": 0.0022, "partido": "AH", "pacto": "B - VERDES, REGIONALISTAS Y HUMANISTAS"}, "54 JOSE LUIS VILLAGRAN BARAHONA": {"votos": 15, "pct": 0.0033, "partido": "IND-AH", "pacto": "B - VERDES, REGIONALISTAS Y HUMANISTAS"}, "55 PAOLA CADIZ NUÑEZ": {"votos": 19, "pct": 0.0042, "partido": "FREVS", "pacto": "B - VERDES, REGIONALISTAS Y HUMANISTAS"}, "56 EVELYN FARIAS AILIO": {"votos": 17, "pct": 0.0038, "partido": "IND-FREVS", "pacto": "B - VERDES, REGIONALISTAS Y HUMANISTAS"}, "57 JOSE SEPULVEDA ZELADA": {"votos": 46, "pct": 0.0102, "partido": "IND-FREVS", "pacto": "B - VERDES, REGIONALISTAS Y HUMANISTAS"}, "58 ANDRES GIORDANO SALAZAR": {"votos": 108, "pct": 0.0239, "partido": "FA", "pacto": "C - UNIDAD POR CHILE"}, "59 LEONARDO JOFRE RIOS": {"votos": 225, "pct": 0.0498, "partido": "FA", "pacto": "C - UNIDAD POR CHILE"}, "60 BORIS BARRERA MORENO": {"votos": 266, "pct": 0.0588, "partido": "PCCH", "pacto": "C - UNIDAD POR CHILE"}, "61 CAROLA RIVERO CANALES": {"votos": 104, "pct": 0.023, "partido": "PS", "pacto": "C - UNIDAD POR CHILE"}, "62 CESAR VALENZUELA MAASS": {"votos": 298, "pct": 0.0659, "partido": "PS", "pacto": "C - UNIDAD POR CHILE"}, "63 SANDRA GONZALEZ ZAMORANO": {"votos": 40, "pct": 0.0088, "partido": "IND-PPD", "pacto": "C - UNIDAD POR CHILE"}, "64 CARLOS CUADRADO PRATS": {"votos": 66, "pct": 0.0146, "partido": "PPD", "pacto": "C - UNIDAD POR CHILE"}, "65 AMELIA DEL CARMEN GALLEGOS RAMIREZ": {"votos": 48, "pct": 0.0106, "partido": "PH", "pacto": "D - IZQUIERDA ECOLOGISTA POPULAR ANIMALISTA Y HUMANISTA"}, "66 VIVIANA MONTECINOS SUAZO": {"votos": 69, "pct": 0.0153, "partido": "IND-PH", "pacto": "D - IZQUIERDA ECOLOGISTA POPULAR ANIMALISTA Y HUMANISTA"}, "67 ADRIAN ANTONIO LIZAMA BARRA": {"votos": 16, "pct": 0.0035, "partido": "IND-PH", "pacto": "D - IZQUIERDA ECOLOGISTA POPULAR ANIMALISTA Y HUMANISTA"}, "68 JUAN ANDRES PINO MADRID": {"votos": 26, "pct": 0.0058, "partido": "IND-PH", "pacto": "D - IZQUIERDA ECOLOGISTA POPULAR ANIMALISTA Y HUMANISTA"}, "69 SERGIO ENRIQUE FLORES RAMIREZ": {"votos": 26, "pct": 0.0058, "partido": "IND-PH", "pacto": "D - IZQUIERDA ECOLOGISTA POPULAR ANIMALISTA Y HUMANISTA"}, "70 ESTER BARRIENTOS VARGAS": {"votos": 20, "pct": 0.0044, "partido": "IND-PH", "pacto": "D - IZQUIERDA ECOLOGISTA POPULAR ANIMALISTA Y HUMANISTA"}, "71 LUIS ALBERTO DONOSO URIBE": {"votos": 13, "pct": 0.0029, "partido": "IND-PH", "pacto": "D - IZQUIERDA ECOLOGISTA POPULAR ANIMALISTA Y HUMANISTA"}, "72 MANUEL ENRIQUE MUÑOZ PALACIOS": {"votos": 5, "pct": 0.0011, "partido": "PAVP", "pacto": "G - PARTIDO ALIANZA VERDE POPULAR"}, "73 XUXA ALVAREZ FERNANDEZ": {"votos": 30, "pct": 0.0066, "partido": "PAVP", "pacto": "G - PARTIDO ALIANZA VERDE POPULAR"}, "74 JOSE GUILLERMO ROJAS INOSTROZA": {"votos": 8, "pct": 0.0018, "partido": "PAVP", "pacto": "G - PARTIDO ALIANZA VERDE POPULAR"}, "75 ISABEL PALMA PALMA": {"votos": 14, "pct": 0.0031, "partido": "PAVP", "pacto": "G - PARTIDO ALIANZA VERDE POPULAR"}, "76 MARIA ELENA VALENZUELA PINO": {"votos": 7, "pct": 0.0015, "partido": "PAVP", "pacto": "G - PARTIDO ALIANZA VERDE POPULAR"}, "77 LORENZO LEPIN ARANEDA": {"votos": 8, "pct": 0.0018, "partido": "PAVP", "pacto": "G - PARTIDO ALIANZA VERDE POPULAR"}, "78 DANIEL EDUARDO CANTO GONZALEZ": {"votos": 3, "pct": 0.0007, "partido": "PAVP", "pacto": "G - PARTIDO ALIANZA VERDE POPULAR"}, "79 ROBERTO LOBOS VILLASECA": {"votos": 5, "pct": 0.0011, "partido": "PAVP", "pacto": "G - PARTIDO ALIANZA VERDE POPULAR"}, "80 TAMARA ALEJANDRA RAMIREZ RAMIREZ": {"votos": 206, "pct": 0.0456, "partido": "PDG", "pacto": "I - PARTIDO DE LA GENTE"}, "81 ANDRES RIGOBERTO CACERES BRAVO": {"votos": 69, "pct": 0.0153, "partido": "PDG", "pacto": "I - PARTIDO DE LA GENTE"}, "82 PAMELA DEL TRANSITO AMARO ARAYA": {"votos": 62, "pct": 0.0137, "partido": "PDG", "pacto": "I - PARTIDO DE LA GENTE"}, "83 FRANCISCO JAVIER LIZANA DONOSO": {"votos": 94, "pct": 0.0208, "partido": "PDG", "pacto": "I - PARTIDO DE LA GENTE"}, "84 CESAR ABRAHAM SUAY JEREZ": {"votos": 48, "pct": 0.0106, "partido": "PDG", "pacto": "I - PARTIDO DE LA GENTE"}, "85 MARIA SOLEDAD LIEMPAN APELEO": {"votos": 53, "pct": 0.0117, "partido": "PDG", "pacto": "I - PARTIDO DE LA GENTE"}, "86 CRESCENCIO ALBERTO LOPEZ PEREZ": {"votos": 6, "pct": 0.0013, "partido": "PDG", "pacto": "I - PARTIDO DE LA GENTE"}, "87 CHRISTOPHER ELIAS YAÑEZ LEAL": {"votos": 29, "pct": 0.0064, "partido": "PDG", "pacto": "I - PARTIDO DE LA GENTE"}, "88 GUILLERMO RAMIREZ DIEZ": {"votos": 86, "pct": 0.019, "partido": "UDI", "pacto": "J - CHILE GRANDE Y UNIDO"}, "89 JOSE MIGUEL GONZALEZ ZAPATA": {"votos": 42, "pct": 0.0093, "partido": "UDI", "pacto": "J - CHILE GRANDE Y UNIDO"}, "90 ERIKA OLIVERA DE LA FUENTE": {"votos": 54, "pct": 0.0119, "partido": "DEMOCRATAS", "pacto": "J - CHILE GRANDE Y UNIDO"}, "91 VERONICA MONTECINOS ORTIZ": {"votos": 20, "pct": 0.0044, "partido": "DEMOCRATAS", "pacto": "J - CHILE GRANDE Y UNIDO"}, "92 ALDO DUQUE SANTOS": {"votos": 38, "pct": 0.0084, "partido": "IND-RN", "pacto": "J - CHILE GRANDE Y UNIDO"}, "93 MARIA ELENA BARCO SANCHEZ": {"votos": 35, "pct": 0.0077, "partido": "RN", "pacto": "J - CHILE GRANDE Y UNIDO"}, "94 FELIPE VIDAL CUEVAS": {"votos": 105, "pct": 0.0232, "partido": "IND-EVOPOLI", "pacto": "J - CHILE GRANDE Y UNIDO"}, "95 JUAN MANUEL SANTA CRUZ CAMPAÑA": {"votos": 14, "pct": 0.0031, "partido": "EVOPOLI", "pacto": "J - CHILE GRANDE Y UNIDO"}, "96 JOSE CARLOS MEZA PEREIRA": {"votos": 277, "pct": 0.0613, "partido": "REPUBLICAN", "pacto": "K - CAMBIO POR CHILE"}, "97 MACARENA GARCIA-HUIDOBRO LLORT": {"votos": 126, "pct": 0.0279, "partido": "REPUBLICAN", "pacto": "K - CAMBIO POR CHILE"}, "98 JAVIERA RODRIGUEZ PASCUAL": {"votos": 217, "pct": 0.048, "partido": "REPUBLICAN", "pacto": "K - CAMBIO POR CHILE"}, "99 MAXIMILIANO MURATH MANSILLA": {"votos": 131, "pct": 0.029, "partido": "PNL", "pacto": "K - CAMBIO POR CHILE"}, "__blancos__": {"votos": 282, "pct": 0.0624, "partido": "otros", "pacto": "No aplica"}, "__nulos__": {"votos": 767, "pct": 0.1697, "partido": "otros", "pacto": "No aplica"}}, "pres1v25": {"1 FRANCO PARISI FERNANDEZ": {"votos": 1010, "pct": 0.2065, "partido": "presidencial", "pacto": "presidencial"}, "2 JEANNETTE JARA ROMAN": {"votos": 1481, "pct": 0.3029, "partido": "presidencial", "pacto": "presidencial"}, "3 MARCO ANTONIO ENRIQUEZ-OMINAMI GUMUCIO": {"votos": 60, "pct": 0.0123, "partido": "presidencial", "pacto": "presidencial"}, "4 JOHANNES KAISER BARENTS-VON HOHENHAGEN": {"votos": 574, "pct": 0.1174, "partido": "presidencial", "pacto": "presidencial"}, "5 JOSE ANTONIO KAST RIST": {"votos": 999, "pct": 0.2043, "partido": "presidencial", "pacto": "presidencial"}, "6 EDUARDO ANTONIO ARTES BRICHETTI": {"votos": 54, "pct": 0.011, "partido": "presidencial", "pacto": "presidencial"}, "7 EVELYN MATTHEI FORNET": {"votos": 508, "pct": 0.1039, "partido": "presidencial", "pacto": "presidencial"}, "8 HAROLD MAYNE-NICHOLLS SECUL": {"votos": 67, "pct": 0.0137, "partido": "presidencial", "pacto": "presidencial"}, "__blancos__": {"votos": 24, "pct": 0.0049, "partido": "presidencial", "pacto": "presidencial"}, "__nulos__": {"votos": 113, "pct": 0.0231, "partido": "presidencial", "pacto": "presidencial"}}, "pres2v25": {"2 JEANNETTE JARA ROMAN": {"votos": 2248, "pct": 0.4601, "partido": "presidencial", "pacto": "presidencial"}, "5 JOSE ANTONIO KAST RIST": {"votos": 2330, "pct": 0.4769, "partido": "presidencial", "pacto": "presidencial"}, "__blancos__": {"votos": 31, "pct": 0.0063, "partido": "presidencial", "pacto": "presidencial"}, "__nulos__": {"votos": 277, "pct": 0.0567, "partido": "presidencial", "pacto": "presidencial"}}}}, "geometry": {"type": "Point", "coordinates": [-70.74297, -33.3978]}}, {"type": "Feature", "properties": {"local": "LICEO THOMAS ALVA EDISON", "elections": {"conc24": {"AGHATA SANTANA CARRASCO": {"votos": 10, "pct": 0.0022, "partido": "PARTIDO DEMOCRATAS CHILE", "pacto": "CENTRO DEMOCRATICO", "subpacto": "DEMOCRATAS E INDEPENDIENTES"}, "ANGELINA DEL CARMEN ACEVEDO TAPIA": {"votos": 32, "pct": 0.0072, "partido": "INDEPENDIENTES", "pacto": "TU COMUNA RADICAL"}, "BENJAMIN ESTEBAN LEAL HERNANDEZ": {"votos": 102, "pct": 0.0228, "partido": "PARTIDO SOCIAL CRISTIANO", "pacto": "PARTIDO SOCIAL CRISTIANO E INDEPENDIENTES"}, "BIANCA BALCAZAR AREVALO": {"votos": 36, "pct": 0.008, "partido": "INDEPENDIENTES", "pacto": "CHILE VAMOS RENOVACIÓN NACIONAL - INDEPENDIENTES"}, "CARLOS COLLAO VEGA": {"votos": 56, "pct": 0.0125, "partido": "PARTIDO DEMOCRATAS CHILE", "pacto": "CENTRO DEMOCRATICO", "subpacto": "DEMOCRATAS E INDEPENDIENTES"}, "CAROLINA ANDREA COÑOPAN ARAYA": {"votos": 79, "pct": 0.0177, "partido": "INDEPENDIENTES", "pacto": "POR CHILE, SEGUIMOS", "subpacto": "FRENTE AMPLIO E INDEPENDIENTES", "elected": true}, "CATHERINE ARAYA TORREJON": {"votos": 48, "pct": 0.0107, "partido": "PARTIDO SOCIALISTA DE CHILE", "pacto": "CHILE MUCHO MEJOR", "subpacto": "PS E INDEPENDIENTES"}, "CECILIA DEL CARMEN GACITUA GACITUA": {"votos": 83, "pct": 0.0185, "partido": "INDEPENDIENTES", "pacto": "TU COMUNA RADICAL"}, "CECILIA DEL PILAR LOPEZ CONTRERAS": {"votos": 146, "pct": 0.0326, "partido": "PARTIDO SOCIALISTA DE CHILE", "pacto": "CHILE MUCHO MEJOR", "subpacto": "PS E INDEPENDIENTES", "elected": true}, "CESAR DEMETRIO AMESTICA ALARCON": {"votos": 59, "pct": 0.0132, "partido": "FRENTE AMPLIO", "pacto": "POR CHILE, SEGUIMOS", "subpacto": "FRENTE AMPLIO E INDEPENDIENTES"}, "CESAR MONSALVE ORTEGA": {"votos": 23, "pct": 0.0051, "partido": "UNION DEMOCRATA INDEPENDIENTE", "pacto": "CHILE VAMOS UDI-EVOPOLI E INDEPENDIENTES", "subpacto": "UDI - INDEPENDIENTES"}, "CLAUDIO CHRISTIAN SEPULVEDA ORMAZABAL": {"votos": 87, "pct": 0.0194, "partido": "FRENTE AMPLIO", "pacto": "POR CHILE, SEGUIMOS", "subpacto": "FRENTE AMPLIO E INDEPENDIENTES"}, "CRISTIAN ANTONIO FLORES MENA": {"votos": 31, "pct": 0.0069, "partido": "RENOVACION NACIONAL", "pacto": "CHILE VAMOS RENOVACIÓN NACIONAL - INDEPENDIENTES"}, "DAYANA ARELLANO SALINAS": {"votos": 26, "pct": 0.0058, "partido": "INDEPENDIENTES", "pacto": "CHILE MUCHO MEJOR", "subpacto": "PPD E INDEPENDIENTES"}, "DIEGO ANDRES MARTINEZ OTAROLA": {"votos": 97, "pct": 0.0217, "partido": "RENOVACION NACIONAL", "pacto": "CHILE VAMOS RENOVACIÓN NACIONAL - INDEPENDIENTES", "elected": true}, "DIEGO DELGADO DOMINGUEZ": {"votos": 56, "pct": 0.0125, "partido": "INDEPENDIENTES", "pacto": "CHILE VAMOS UDI-EVOPOLI E INDEPENDIENTES", "subpacto": "UDI - INDEPENDIENTES"}, "DIEGO IGNACIO FUENTES LIRA": {"votos": 367, "pct": 0.082, "partido": "INDEPENDIENTES", "pacto": "TU COMUNA RADICAL", "elected": true}, "ERICA PATRICIA ROJAS SALINAS": {"votos": 32, "pct": 0.0072, "partido": "INDEPENDIENTES", "pacto": "TU COMUNA RADICAL"}, "FELIPE ALBERTO DELGADO ANDRADES": {"votos": 15, "pct": 0.0034, "partido": "UNION DEMOCRATA INDEPENDIENTE", "pacto": "CHILE VAMOS UDI-EVOPOLI E INDEPENDIENTES", "subpacto": "UDI - INDEPENDIENTES"}, "FLORENCIO ENRIQUE KUNTZ SANHUEZA": {"votos": 193, "pct": 0.0431, "partido": "PARTIDO REPUBLICANO DE CHILE", "pacto": "REPUBLICANOS E INDEPENDIENTES", "elected": true}, "FRANCISCO JAVIER CATALDO SANTANDER": {"votos": 46, "pct": 0.0103, "partido": "INDEPENDIENTES", "pacto": "VERDES LIBERALES POR UNA COMUNA SEGURA", "subpacto": "PARTIDO FEDERACIÓN REGIONALISTA VERDE SOCIAL E INDEPENDIENTES"}, "FRANCO JAVIER LOPEZ ESPARZA": {"votos": 54, "pct": 0.0121, "partido": "INDEPENDIENTES", "pacto": "VERDES LIBERALES POR UNA COMUNA SEGURA", "subpacto": "PARTIDO LIBERAL DE CHILE E INDEPENDIENTES"}, "GABRIEL HERNAN LOPEZ URRA": {"votos": 34, "pct": 0.0076, "partido": "INDEPENDIENTES", "pacto": "CHILE VAMOS RENOVACIÓN NACIONAL - INDEPENDIENTES"}, "GIOVANNI ANDRES ROJAS DAVILA": {"votos": 94, "pct": 0.021, "partido": "FRENTE AMPLIO", "pacto": "POR CHILE, SEGUIMOS", "subpacto": "FRENTE AMPLIO E INDEPENDIENTES"}, "ISABEL DEL CARMEN ESPINOZA GONZALEZ": {"votos": 63, "pct": 0.0141, "partido": "FEDERACION REGIONALISTA VERDE SOCIAL", "pacto": "VERDES LIBERALES POR UNA COMUNA SEGURA", "subpacto": "PARTIDO FEDERACIÓN REGIONALISTA VERDE SOCIAL E INDEPENDIENTES"}, "ISHKRA WLADIMIR CALDERON SOTO": {"votos": 297, "pct": 0.0664, "partido": "PARTIDO COMUNISTA DE CHILE", "pacto": "POR CHILE, SEGUIMOS", "subpacto": "PARTIDO COMUNISTA DE CHILE E INDEPENDIENTES"}, "ISMAEL ANTONIO ARAYA ARAYA": {"votos": 140, "pct": 0.0313, "partido": "INDEPENDIENTES", "pacto": "TU COMUNA RADICAL", "elected": true}, "JAIME ANDRES MARTINEZ MORAGA": {"votos": 32, "pct": 0.0072, "partido": "INDEPENDIENTES", "pacto": "CENTRO DEMOCRATICO", "subpacto": "DEMOCRATAS E INDEPENDIENTES"}, "JESUS TORREJON SEGOVIA": {"votos": 55, "pct": 0.0123, "partido": "PARTIDO DEMOCRATA CRISTIANO", "pacto": "CHILE MUCHO MEJOR", "subpacto": "PDC E INDEPENDIENTES"}, "JORGE NUÑEZ ESPINOZA": {"votos": 8, "pct": 0.0018, "partido": "PARTIDO DEMOCRATAS CHILE", "pacto": "CENTRO DEMOCRATICO", "subpacto": "DEMOCRATAS E INDEPENDIENTES"}, "JOSE DOMINGO GALAZ BELTRAN": {"votos": 16, "pct": 0.0036, "partido": "PARTIDO SOCIALISTA DE CHILE", "pacto": "CHILE MUCHO MEJOR", "subpacto": "PS E INDEPENDIENTES"}, "JUAN CARLOS GODOY MARICIC": {"votos": 162, "pct": 0.0362, "partido": "PARTIDO REPUBLICANO DE CHILE", "pacto": "REPUBLICANOS E INDEPENDIENTES"}, "JUAN PABLO ARAYA IBARRA": {"votos": 52, "pct": 0.0116, "partido": "INDEPENDIENTES", "pacto": "TU COMUNA RADICAL"}, "KAREN ANDREA SERRANO CONCHA": {"votos": 27, "pct": 0.006, "partido": "PARTIDO DEMOCRATAS CHILE", "pacto": "CENTRO DEMOCRATICO", "subpacto": "DEMOCRATAS E INDEPENDIENTES"}, "LESLIE ELIZABETH ALARCON VELASQUEZ": {"votos": 35, "pct": 0.0078, "partido": "INDEPENDIENTES", "pacto": "CHILE MUCHO MEJOR", "subpacto": "PPD E INDEPENDIENTES"}, "MAURICIO ALFONSO LOPEZ MUÑIZ": {"votos": 17, "pct": 0.0038, "partido": "INDEPENDIENTES", "pacto": "CHILE MUCHO MEJOR", "subpacto": "PPD E INDEPENDIENTES"}, "MAURICIO CESAR RAMIREZ LEVIN": {"votos": 24, "pct": 0.0054, "partido": "PARTIDO DEMOCRATA CRISTIANO", "pacto": "CHILE MUCHO MEJOR", "subpacto": "PDC E INDEPENDIENTES"}, "MIGUEL ANTONIO CERDA ORTIZ": {"votos": 20, "pct": 0.0045, "partido": "INDEPENDIENTES", "pacto": "CHILE VAMOS RENOVACIÓN NACIONAL - INDEPENDIENTES"}, "NICOLAS MARTIN DUEK MORGAN": {"votos": 13, "pct": 0.0029, "partido": "UNION DEMOCRATA INDEPENDIENTE", "pacto": "CHILE VAMOS UDI-EVOPOLI E INDEPENDIENTES", "subpacto": "UDI - INDEPENDIENTES"}, "NORA CONTRERAS CANALES": {"votos": 238, "pct": 0.0532, "partido": "UNION DEMOCRATA INDEPENDIENTE", "pacto": "CHILE VAMOS UDI-EVOPOLI E INDEPENDIENTES", "subpacto": "UDI - INDEPENDIENTES", "elected": true}, "PATRICIO IGNACIO ILUFI BORQUEZ": {"votos": 16, "pct": 0.0036, "partido": "INDEPENDIENTES", "pacto": "CENTRO DEMOCRATICO", "subpacto": "DEMOCRATAS E INDEPENDIENTES"}, "PAULINA SILVANA LIZAMA YAÑEZ": {"votos": 46, "pct": 0.0103, "partido": "INDEPENDIENTES", "pacto": "CHILE VAMOS RENOVACIÓN NACIONAL - INDEPENDIENTES"}, "RITA ANDREA CUEVAS VALDES": {"votos": 45, "pct": 0.0101, "partido": "INDEPENDIENTES", "pacto": "TU COMUNA RADICAL"}, "SANDRA CACERES RIOS": {"votos": 40, "pct": 0.0089, "partido": "UNION DEMOCRATA INDEPENDIENTE", "pacto": "CHILE VAMOS UDI-EVOPOLI E INDEPENDIENTES", "subpacto": "UDI - INDEPENDIENTES"}, "VICTOR ALEJANDRO VERA CASTILLO": {"votos": 31, "pct": 0.0069, "partido": "PARTIDO DEMOCRATAS CHILE", "pacto": "CENTRO DEMOCRATICO", "subpacto": "DEMOCRATAS E INDEPENDIENTES"}, "YAMILETTE CAROLINA GARATE SOTO": {"votos": 121, "pct": 0.027, "partido": "PARTIDO COMUNISTA DE CHILE", "pacto": "POR CHILE, SEGUIMOS", "subpacto": "PARTIDO COMUNISTA DE CHILE E INDEPENDIENTES", "elected": true}, "__blancos__": {"votos": 498, "pct": 0.1113, "partido": "otros", "pacto": "otros"}, "__nulos__": {"votos": 673, "pct": 0.1504, "partido": "otros", "pacto": "otros"}}, "muni24": {"CAMILA INES AVILES": {"votos": 721, "pct": 0.1609, "partido": "PARTIDO DEMOCRATAS CHILE", "pacto": "PARTIDO DEMOCRATAS CHILE"}, "CLAUDIO NICOLAS CASTRO": {"votos": 3052, "pct": 0.6809, "partido": "INDEPENDIENTES", "pacto": "INDEPENDIENTES"}, "PAUL FREDDY HERRERA": {"votos": 193, "pct": 0.0431, "partido": "PARTIDO DE LA GENTE", "pacto": "PARTIDO DE LA GENTE"}, "__blancos__": {"votos": 218, "pct": 0.0486, "partido": "otros", "pacto": "otros"}, "__nulos__": {"votos": 298, "pct": 0.0665, "partido": "otros", "pacto": "otros"}}, "parla25": {"100 MARGARITA GARRIDO ACEVEDO": {"votos": 84, "pct": 0.0189, "partido": "PNL", "pacto": "K - CAMBIO POR CHILE"}, "101 VALESKA OYARCE PEÑA": {"votos": 28, "pct": 0.0063, "partido": "PSC", "pacto": "K - CAMBIO POR CHILE"}, "102 ALBERTO SEGUEL MENA": {"votos": 11, "pct": 0.0025, "partido": "PSC", "pacto": "K - CAMBIO POR CHILE"}, "103 CAROLINA GARATE VERGARA": {"votos": 28, "pct": 0.0063, "partido": "PSC", "pacto": "K - CAMBIO POR CHILE"}, "51 ALEJANDRA PEREZ ESPINA": {"votos": 31, "pct": 0.007, "partido": "AH", "pacto": "B - VERDES, REGIONALISTAS Y HUMANISTAS"}, "52 ARIEL MATELUNA MATELUNA": {"votos": 30, "pct": 0.0068, "partido": "IND-AH", "pacto": "B - VERDES, REGIONALISTAS Y HUMANISTAS"}, "53 WALESKA UBIERNA NAVARRO": {"votos": 18, "pct": 0.0041, "partido": "AH", "pacto": "B - VERDES, REGIONALISTAS Y HUMANISTAS"}, "54 JOSE LUIS VILLAGRAN BARAHONA": {"votos": 8, "pct": 0.0018, "partido": "IND-AH", "pacto": "B - VERDES, REGIONALISTAS Y HUMANISTAS"}, "55 PAOLA CADIZ NUÑEZ": {"votos": 14, "pct": 0.0032, "partido": "FREVS", "pacto": "B - VERDES, REGIONALISTAS Y HUMANISTAS"}, "56 EVELYN FARIAS AILIO": {"votos": 13, "pct": 0.0029, "partido": "IND-FREVS", "pacto": "B - VERDES, REGIONALISTAS Y HUMANISTAS"}, "57 JOSE SEPULVEDA ZELADA": {"votos": 17, "pct": 0.0038, "partido": "IND-FREVS", "pacto": "B - VERDES, REGIONALISTAS Y HUMANISTAS"}, "58 ANDRES GIORDANO SALAZAR": {"votos": 99, "pct": 0.0223, "partido": "FA", "pacto": "C - UNIDAD POR CHILE"}, "59 LEONARDO JOFRE RIOS": {"votos": 130, "pct": 0.0293, "partido": "FA", "pacto": "C - UNIDAD POR CHILE"}, "60 BORIS BARRERA MORENO": {"votos": 419, "pct": 0.0943, "partido": "PCCH", "pacto": "C - UNIDAD POR CHILE"}, "61 CAROLA RIVERO CANALES": {"votos": 91, "pct": 0.0205, "partido": "PS", "pacto": "C - UNIDAD POR CHILE"}, "62 CESAR VALENZUELA MAASS": {"votos": 367, "pct": 0.0826, "partido": "PS", "pacto": "C - UNIDAD POR CHILE"}, "63 SANDRA GONZALEZ ZAMORANO": {"votos": 28, "pct": 0.0063, "partido": "IND-PPD", "pacto": "C - UNIDAD POR CHILE"}, "64 CARLOS CUADRADO PRATS": {"votos": 49, "pct": 0.011, "partido": "PPD", "pacto": "C - UNIDAD POR CHILE"}, "65 AMELIA DEL CARMEN GALLEGOS RAMIREZ": {"votos": 44, "pct": 0.0099, "partido": "PH", "pacto": "D - IZQUIERDA ECOLOGISTA POPULAR ANIMALISTA Y HUMANISTA"}, "66 VIVIANA MONTECINOS SUAZO": {"votos": 44, "pct": 0.0099, "partido": "IND-PH", "pacto": "D - IZQUIERDA ECOLOGISTA POPULAR ANIMALISTA Y HUMANISTA"}, "67 ADRIAN ANTONIO LIZAMA BARRA": {"votos": 11, "pct": 0.0025, "partido": "IND-PH", "pacto": "D - IZQUIERDA ECOLOGISTA POPULAR ANIMALISTA Y HUMANISTA"}, "68 JUAN ANDRES PINO MADRID": {"votos": 21, "pct": 0.0047, "partido": "IND-PH", "pacto": "D - IZQUIERDA ECOLOGISTA POPULAR ANIMALISTA Y HUMANISTA"}, "69 SERGIO ENRIQUE FLORES RAMIREZ": {"votos": 19, "pct": 0.0043, "partido": "IND-PH", "pacto": "D - IZQUIERDA ECOLOGISTA POPULAR ANIMALISTA Y HUMANISTA"}, "70 ESTER BARRIENTOS VARGAS": {"votos": 16, "pct": 0.0036, "partido": "IND-PH", "pacto": "D - IZQUIERDA ECOLOGISTA POPULAR ANIMALISTA Y HUMANISTA"}, "71 LUIS ALBERTO DONOSO URIBE": {"votos": 17, "pct": 0.0038, "partido": "IND-PH", "pacto": "D - IZQUIERDA ECOLOGISTA POPULAR ANIMALISTA Y HUMANISTA"}, "72 MANUEL ENRIQUE MUÑOZ PALACIOS": {"votos": 28, "pct": 0.0063, "partido": "PAVP", "pacto": "G - PARTIDO ALIANZA VERDE POPULAR"}, "73 XUXA ALVAREZ FERNANDEZ": {"votos": 28, "pct": 0.0063, "partido": "PAVP", "pacto": "G - PARTIDO ALIANZA VERDE POPULAR"}, "74 JOSE GUILLERMO ROJAS INOSTROZA": {"votos": 16, "pct": 0.0036, "partido": "PAVP", "pacto": "G - PARTIDO ALIANZA VERDE POPULAR"}, "75 ISABEL PALMA PALMA": {"votos": 8, "pct": 0.0018, "partido": "PAVP", "pacto": "G - PARTIDO ALIANZA VERDE POPULAR"}, "76 MARIA ELENA VALENZUELA PINO": {"votos": 14, "pct": 0.0032, "partido": "PAVP", "pacto": "G - PARTIDO ALIANZA VERDE POPULAR"}, "77 LORENZO LEPIN ARANEDA": {"votos": 6, "pct": 0.0014, "partido": "PAVP", "pacto": "G - PARTIDO ALIANZA VERDE POPULAR"}, "78 DANIEL EDUARDO CANTO GONZALEZ": {"votos": 1, "pct": 0.0002, "partido": "PAVP", "pacto": "G - PARTIDO ALIANZA VERDE POPULAR"}, "79 ROBERTO LOBOS VILLASECA": {"votos": 3, "pct": 0.0007, "partido": "PAVP", "pacto": "G - PARTIDO ALIANZA VERDE POPULAR"}, "80 TAMARA ALEJANDRA RAMIREZ RAMIREZ": {"votos": 196, "pct": 0.0441, "partido": "PDG", "pacto": "I - PARTIDO DE LA GENTE"}, "81 ANDRES RIGOBERTO CACERES BRAVO": {"votos": 70, "pct": 0.0158, "partido": "PDG", "pacto": "I - PARTIDO DE LA GENTE"}, "82 PAMELA DEL TRANSITO AMARO ARAYA": {"votos": 85, "pct": 0.0191, "partido": "PDG", "pacto": "I - PARTIDO DE LA GENTE"}, "83 FRANCISCO JAVIER LIZANA DONOSO": {"votos": 83, "pct": 0.0187, "partido": "PDG", "pacto": "I - PARTIDO DE LA GENTE"}, "84 CESAR ABRAHAM SUAY JEREZ": {"votos": 24, "pct": 0.0054, "partido": "PDG", "pacto": "I - PARTIDO DE LA GENTE"}, "85 MARIA SOLEDAD LIEMPAN APELEO": {"votos": 56, "pct": 0.0126, "partido": "PDG", "pacto": "I - PARTIDO DE LA GENTE"}, "86 CRESCENCIO ALBERTO LOPEZ PEREZ": {"votos": 12, "pct": 0.0027, "partido": "PDG", "pacto": "I - PARTIDO DE LA GENTE"}, "87 CHRISTOPHER ELIAS YAÑEZ LEAL": {"votos": 29, "pct": 0.0065, "partido": "PDG", "pacto": "I - PARTIDO DE LA GENTE"}, "88 GUILLERMO RAMIREZ DIEZ": {"votos": 72, "pct": 0.0162, "partido": "UDI", "pacto": "J - CHILE GRANDE Y UNIDO"}, "89 JOSE MIGUEL GONZALEZ ZAPATA": {"votos": 28, "pct": 0.0063, "partido": "UDI", "pacto": "J - CHILE GRANDE Y UNIDO"}, "90 ERIKA OLIVERA DE LA FUENTE": {"votos": 32, "pct": 0.0072, "partido": "DEMOCRATAS", "pacto": "J - CHILE GRANDE Y UNIDO"}, "91 VERONICA MONTECINOS ORTIZ": {"votos": 19, "pct": 0.0043, "partido": "DEMOCRATAS", "pacto": "J - CHILE GRANDE Y UNIDO"}, "92 ALDO DUQUE SANTOS": {"votos": 23, "pct": 0.0052, "partido": "IND-RN", "pacto": "J - CHILE GRANDE Y UNIDO"}, "93 MARIA ELENA BARCO SANCHEZ": {"votos": 22, "pct": 0.005, "partido": "RN", "pacto": "J - CHILE GRANDE Y UNIDO"}, "94 FELIPE VIDAL CUEVAS": {"votos": 84, "pct": 0.0189, "partido": "IND-EVOPOLI", "pacto": "J - CHILE GRANDE Y UNIDO"}, "95 JUAN MANUEL SANTA CRUZ CAMPAÑA": {"votos": 14, "pct": 0.0032, "partido": "EVOPOLI", "pacto": "J - CHILE GRANDE Y UNIDO"}, "96 JOSE CARLOS MEZA PEREIRA": {"votos": 177, "pct": 0.0398, "partido": "REPUBLICAN", "pacto": "K - CAMBIO POR CHILE"}, "97 MACARENA GARCIA-HUIDOBRO LLORT": {"votos": 134, "pct": 0.0302, "partido": "REPUBLICAN", "pacto": "K - CAMBIO POR CHILE"}, "98 JAVIERA RODRIGUEZ PASCUAL": {"votos": 120, "pct": 0.027, "partido": "REPUBLICAN", "pacto": "K - CAMBIO POR CHILE"}, "99 MAXIMILIANO MURATH MANSILLA": {"votos": 107, "pct": 0.0241, "partido": "PNL", "pacto": "K - CAMBIO POR CHILE"}, "__blancos__": {"votos": 366, "pct": 0.0824, "partido": "otros", "pacto": "No aplica"}, "__nulos__": {"votos": 949, "pct": 0.2136, "partido": "otros", "pacto": "No aplica"}}, "pres1v25": {"1 FRANCO PARISI FERNANDEZ": {"votos": 942, "pct": 0.2116, "partido": "presidencial", "pacto": "presidencial"}, "2 JEANNETTE JARA ROMAN": {"votos": 1578, "pct": 0.3544, "partido": "presidencial", "pacto": "presidencial"}, "3 MARCO ANTONIO ENRIQUEZ-OMINAMI GUMUCIO": {"votos": 97, "pct": 0.0218, "partido": "presidencial", "pacto": "presidencial"}, "4 JOHANNES KAISER BARENTS-VON HOHENHAGEN": {"votos": 468, "pct": 0.1051, "partido": "presidencial", "pacto": "presidencial"}, "5 JOSE ANTONIO KAST RIST": {"votos": 675, "pct": 0.1516, "partido": "presidencial", "pacto": "presidencial"}, "6 EDUARDO ANTONIO ARTES BRICHETTI": {"votos": 51, "pct": 0.0115, "partido": "presidencial", "pacto": "presidencial"}, "7 EVELYN MATTHEI FORNET": {"votos": 390, "pct": 0.0876, "partido": "presidencial", "pacto": "presidencial"}, "8 HAROLD MAYNE-NICHOLLS SECUL": {"votos": 59, "pct": 0.0133, "partido": "presidencial", "pacto": "presidencial"}, "__blancos__": {"votos": 45, "pct": 0.0101, "partido": "presidencial", "pacto": "presidencial"}, "__nulos__": {"votos": 147, "pct": 0.033, "partido": "presidencial", "pacto": "presidencial"}}, "pres2v25": {"2 JEANNETTE JARA ROMAN": {"votos": 2420, "pct": 0.5425, "partido": "presidencial", "pacto": "presidencial"}, "5 JOSE ANTONIO KAST RIST": {"votos": 1737, "pct": 0.3894, "partido": "presidencial", "pacto": "presidencial"}, "__blancos__": {"votos": 39, "pct": 0.0087, "partido": "presidencial", "pacto": "presidencial"}, "__nulos__": {"votos": 265, "pct": 0.0594, "partido": "presidencial", "pacto": "presidencial"}}}}, "geometry": {"type": "Point", "coordinates": [-70.70159944, -33.39868189]}}]}